ISO-10303-21;
HEADER;
FILE_DESCRIPTION(('ViewDefinition [SchedulingView]'),'2;1');
FILE_NAME('6 New Terraced Houses, De Akkers.ifc','2026-08-14T12:18:53',('Site manager'),('Van der Meer Construction BV'),'Open Planner Studio 0.1','Open Planner Studio','');
FILE_SCHEMA(('IFC4X3'));
ENDSEC;
DATA;
#1=IFCPERSON($,'Site manager',$,$,$,$,$,$);
#2=IFCORGANIZATION($,'Van der Meer Construction BV',$,$,$);
#3=IFCPERSONANDORGANIZATION(#1,#2,$);
#4=IFCORGANIZATION($,'OpenAEC Foundation',$,$,$);
#5=IFCAPPLICATION(#4,'0.1','Open Planner Studio','OPS');
#6=IFCOWNERHISTORY(#3,#5,$,.NOCHANGE.,$,$,$,1786709933);
#7=IFCSIUNIT(*,.LENGTHUNIT.,$,.METRE.);
#8=IFCSIUNIT(*,.TIMEUNIT.,$,.SECOND.);
#9=IFCUNITASSIGNMENT((#7,#8));
#10=IFCCARTESIANPOINT((0.,0.,0.));
#11=IFCAXIS2PLACEMENT3D(#10,$,$);
#12=IFCGEOMETRICREPRESENTATIONCONTEXT($,'Plan',3,1.0E-05,#11,$);
#13=IFCPROJECT('jR5F$3iV3FaJ6$hHNfQD8b',#6,'6 New Terraced Houses, De Akkers','New-build block of six identical terraced houses — repeating structure, resources and progress reporting.',$,$,$,(#12),#9);
#14=IFCTIMEPERIOD('07:00:00','16:00:00');
#15=IFCRECURRENCEPATTERN(.WEEKLY.,$,(1,2,3,4,5),$,$,$,$,(#14));
#16=IFCWORKTIME('Standard work week',.PREDICTED.,$,#15,$,$);
#17=IFCWORKTIME('New Year''s Day',.PREDICTED.,$,$,'2027-01-01','2027-01-01');
#18=IFCWORKTIME('Good Friday',.PREDICTED.,$,$,'2027-03-26','2027-03-26');
#19=IFCWORKTIME('Easter',.PREDICTED.,$,$,'2027-03-28','2027-03-29');
#20=IFCWORKTIME('King''s Day',.PREDICTED.,$,$,'2027-04-27','2027-04-27');
#21=IFCWORKTIME('Liberation Day',.PREDICTED.,$,$,'2027-05-05','2027-05-05');
#22=IFCWORKTIME('Ascension Day',.PREDICTED.,$,$,'2027-05-06','2027-05-06');
#23=IFCWORKTIME('Whitsun',.PREDICTED.,$,$,'2027-05-16','2027-05-17');
#24=IFCWORKTIME('Christmas',.PREDICTED.,$,$,'2027-12-25','2027-12-26');
#25=IFCWORKTIME('Construction holiday (northern region)',.PREDICTED.,$,$,'2027-07-26','2027-08-15');
#26=IFCWORKTIME('New Year''s Day',.PREDICTED.,$,$,'2028-01-01','2028-01-01');
#27=IFCWORKTIME('Good Friday',.PREDICTED.,$,$,'2028-04-14','2028-04-14');
#28=IFCWORKTIME('Easter',.PREDICTED.,$,$,'2028-04-16','2028-04-17');
#29=IFCWORKTIME('King''s Day',.PREDICTED.,$,$,'2028-04-27','2028-04-27');
#30=IFCWORKTIME('Liberation Day',.PREDICTED.,$,$,'2028-05-05','2028-05-05');
#31=IFCWORKTIME('Ascension Day',.PREDICTED.,$,$,'2028-05-25','2028-05-25');
#32=IFCWORKTIME('Whitsun',.PREDICTED.,$,$,'2028-06-04','2028-06-05');
#33=IFCWORKTIME('Christmas',.PREDICTED.,$,$,'2028-12-25','2028-12-26');
#34=IFCWORKTIME('Construction holiday (northern region)',.PREDICTED.,$,$,'2028-07-24','2028-08-13');
#35=IFCWORKTIME('Frost delay, foundations',.PREDICTED.,$,$,'2027-03-23','2027-03-28');
#36=IFCWORKCALENDAR('_HlbW$VPl1Yxnv_nBDbFBd',#6,'Construction calendar NL','Standard construction calendar: Mon-Fri 07:00-16:00',$,(#16),(#17,#18,#19,#20,#21,#22,#23,#24,#25,#26,#27,#28,#29,#30,#31,#32,#33,#34,#35),.FIRSTSHIFT.);
#37=IFCWORKPLAN('LZh$ET$7_zedKXFXjR$j_V',#6,'6 New Terraced Houses, De Akkers','New-build block of six identical terraced houses — repeating structure, resources and progress reporting.',$,$,'2026-08-14T12:18:53',$,$,$,$,$,'2027-03-01T07:00:00','2027-03-08T07:00:00',.PLANNED.);
#38=IFCWORKSCHEDULE('oLb$U5c74lLl1VBFvbwPPd',#6,'Construction schedule v1.0',$,$,$,'2026-08-14T12:18:53',$,$,$,$,$,'2027-03-01T07:00:00','2027-03-08T07:00:00',.PLANNED.);
#39=IFCWORKSCHEDULE('tj3twTuv2ZCT5bCHcTR$gp',#6,'Baseline at start',$,$,$,'2026-08-14T12:18:52.810Z',$,$,$,$,$,$,'2027-08-16T07:00:00',.BASELINE.);
#40=IFCRELAGGREGATES('X$Ph9TPtbVDd8te$ftI1sz',#6,$,$,#37,(#38,#39));
#41=IFCTASKTIME('Start of construction Time',.PREDICTED.,$,.WORKTIME.,'P0Y0M0D','2027-03-01T07:00:00','2027-03-01T07:00:00','2027-03-01T07:00:00','2027-03-01T07:00:00','2027-02-16T07:00:00','2027-02-16T07:00:00','P0Y0M0D','P0Y0M-9D',.F.,'2027-05-20T07:00:00',$,'2027-03-01T07:00:00','2027-03-01T07:00:00','P0Y0M0D',1.0);
#42=IFCTASK('5nfJ3BW9pxN5XnJntTrnlB',#6,'Start of construction',$,$,'1',$,$,$,.T.,$,#41,.CONSTRUCTION.);
#43=IFCTASKTIME('1. Site set-up Time',.PREDICTED.,$,.WORKTIME.,'P0Y0M5D','2027-03-01T07:00:00','2027-03-05T07:00:00','2027-03-01T07:00:00','2027-03-12T07:00:00','2027-02-16T07:00:00','2027-02-26T07:00:00','P0Y0M-1D','P0Y0M-10D',.F.,$,$,$,$,$,0.0);
#44=IFCTASK('S1PhTtJXDx1TbhAHCzmtCl',#6,'1. Site set-up',$,$,'2',$,$,$,.F.,$,#43,.LOGISTIC.);
#45=IFCTASKTIME('Install site board & safety fencing Time',.PREDICTED.,$,.WORKTIME.,'P0Y0M1D','2027-03-01T07:00:00','2027-03-01T07:00:00','2027-03-01T07:00:00','2027-03-02T07:00:00','2027-02-16T07:00:00','2027-02-16T07:00:00','P0Y0M-1D','P0Y0M-10D',.F.,'2027-05-20T07:00:00',$,'2027-03-01T07:00:00','2027-03-02T07:00:00','P0Y0M0D',1.0);
#46=IFCTASK('qtQN8La$2ZSJEhwlZVlrqT',#6,'Install site board & safety fencing',$,$,'2.1',$,$,$,.F.,$,#45,.LOGISTIC.);
#47=IFCTASKTIME('Construct site road Time',.PREDICTED.,$,.WORKTIME.,'P0Y0M3D','2027-03-01T07:00:00','2027-03-03T07:00:00','2027-03-02T07:00:00','2027-03-05T07:00:00','2027-02-17T07:00:00','2027-02-19T07:00:00','P0Y0M-1D','P0Y0M-10D',.F.,'2027-05-20T07:00:00',$,'2027-03-02T07:00:00','2027-03-05T07:00:00','P0Y0M0D',1.0);
#48=IFCTASK('jx7rl5Hva$nhwjf$6JnTZb',#6,'Construct site road',$,$,'2.2',$,$,$,.F.,$,#47,.LOGISTIC.);
#49=IFCTASKTIME('Place site huts Time',.PREDICTED.,$,.WORKTIME.,'P0Y0M2D','2027-03-01T07:00:00','2027-03-02T07:00:00','2027-03-05T07:00:00','2027-03-09T07:00:00','2027-02-22T07:00:00','2027-02-23T07:00:00','P0Y0M-1D','P0Y0M-10D',.F.,'2027-05-20T07:00:00',$,'2027-03-05T07:00:00','2027-03-09T07:00:00','P0Y0M0D',1.0);
#50=IFCTASK('lxt5_PTljNjvIlv$hd07fT',#6,'Place site huts',$,$,'2.3',$,$,$,.F.,$,#49,.LOGISTIC.);
#51=IFCTASKTIME('Install utility connections Time',.PREDICTED.,$,.WORKTIME.,'P0Y0M3D','2027-03-01T07:00:00','2027-03-03T07:00:00','2027-03-09T07:00:00','2027-03-12T07:00:00','2027-02-24T07:00:00','2027-02-26T07:00:00','P0Y0M-1D','P0Y0M-10D',.F.,'2027-05-20T07:00:00',$,'2027-03-09T07:00:00','2027-03-12T07:00:00','P0Y0M0D',1.0);
#52=IFCTASK('c5S3gXB$iDGXsdc1c3nhQn',#6,'Install utility connections','Pinned (priority 1000): the connection date is fixed by the utility company and must not move.',$,'2.4',$,$,$,.F.,1000,#51,.LOGISTIC.);
#53=IFCTASKTIME('2. Foundations (shared) Time',.PREDICTED.,$,.WORKTIME.,'P0Y0M5D','2027-03-01T07:00:00','2027-03-05T07:00:00','2027-03-12T07:00:00','2027-04-07T07:00:00','2027-03-01T07:00:00','2027-03-30T07:00:00','P0Y0M-1D','P0Y0M-10D',.F.,$,$,$,$,$,0.0);
#54=IFCTASK('PbWfiBHdf5nDOVRFKJoVqH',#6,'2. Foundations (shared)',$,$,'3',$,$,$,.F.,$,#53,.CONSTRUCTION.);
#55=IFCTASKTIME('Excavation, building pit Time',.PREDICTED.,$,.WORKTIME.,'P0Y0M5D','2027-03-01T07:00:00','2027-03-05T07:00:00','2027-03-12T07:00:00','2027-03-19T07:00:00','2027-03-01T07:00:00','2027-03-05T07:00:00','P0Y0M-1D','P0Y0M-10D',.F.,'2027-05-20T07:00:00',$,'2027-03-12T07:00:00','2027-03-19T07:00:00','P0Y0M0D',1.0);
#56=IFCTASK('8jjdfptNqz614NWVPlxXC3',#6,'Excavation, building pit',$,$,'3.1',$,$,$,.F.,$,#55,.CONSTRUCTION.);
#57=IFCTASKTIME('Pour foundation beams Time',.PREDICTED.,$,.WORKTIME.,'P0Y0M5D','2027-03-01T07:00:00','2027-03-05T07:00:00','2027-03-19T07:00:00','2027-03-22T07:00:00','2027-03-08T07:00:00','2027-03-12T07:00:00','P0Y0M2D','P0Y0M-6D',.F.,'2027-05-20T07:00:00',$,'2027-03-19T07:00:00','2027-03-29T07:00:00','P0Y0M0D',1.0);
#58=IFCTASK('QXj7FBPt1fZ9L981$XPjkv',#6,'Pour foundation beams',$,$,'3.2',$,$,$,.F.,$,#57,.CONSTRUCTION.);
#59=IFCTASKTIME('Pour ground floor slab Time',.PREDICTED.,$,.WORKTIME.,'P0Y0M4D','2027-03-01T07:00:00','2027-03-04T07:00:00','2027-04-01T07:00:00','2027-04-07T07:00:00','2027-03-18T07:00:00','2027-03-30T07:00:00','P0Y0M0D','P0Y0M-6D',.F.,'2027-05-20T07:00:00',$,'2027-04-01T07:00:00','2027-04-07T07:00:00','P0Y0M0D',1.0);
#60=IFCTASK('MvSzYfXv0rlrClbnijc7Lp',#6,'Pour ground floor slab',$,$,'3.3',$,$,$,.F.,$,#59,.CONSTRUCTION.);
#61=IFCTASKTIME('Foundation inspection Time',.PREDICTED.,$,.WORKTIME.,'P0Y0M0D','2027-03-01T07:00:00','2027-03-01T07:00:00','2027-04-07T07:00:00','2027-04-07T07:00:00','2027-03-30T07:00:00','2027-03-30T07:00:00','P0Y0M-1D','P0Y0M-6D',.F.,'2027-05-20T07:00:00',$,'2027-04-07T07:00:00','2027-04-07T07:00:00','P0Y0M0D',1.0);
#62=IFCTASK('ZXrXit3$OdvhA5iHuzNT$D',#6,'Foundation inspection',$,$,'3.4',$,$,$,.T.,$,#61,.CONSTRUCTION.);
#63=IFCTASKTIME('3. Structural works per house Time',.PREDICTED.,$,.WORKTIME.,'P0Y0M5D','2027-03-01T07:00:00','2027-03-05T07:00:00','2027-04-07T07:00:00','2027-06-25T07:00:00','2027-03-31T07:00:00','2027-08-17T07:00:00','P0Y0M-1D','P0Y0M-8D',.T.,$,$,$,$,$,0.0);
#64=IFCTASK('U34r9XA$q70nVRCHAVbnlh',#6,'3. Structural works per house',$,$,'4',$,$,$,.F.,$,#63,.CONSTRUCTION.);
#65=IFCTASKTIME('Ground floor masonry — House 1 Time',.PREDICTED.,$,.WORKTIME.,'P0Y0M6D','2027-03-01T07:00:00','2027-03-08T07:00:00','2027-04-07T07:00:00','2027-04-15T07:00:00','2027-03-31T07:00:00','2027-04-07T07:00:00','P0Y0M-1D','P0Y0M-6D',.F.,'2027-05-20T07:00:00',$,'2027-04-07T07:00:00','2027-04-15T07:00:00','P0Y0M0D',1.0);
#66=IFCTASK('c5Kbe3rlz3YN1VBnXnbntl',#6,'Ground floor masonry — House 1',$,$,'4.1',$,$,$,.F.,$,#65,.CONSTRUCTION.);
#67=IFCTASKTIME('Upper floor slab — House 1 Time',.PREDICTED.,$,.WORKTIME.,'P0Y0M4D','2027-03-01T07:00:00','2027-03-04T07:00:00','2027-04-15T07:00:00','2027-04-21T07:00:00','2027-05-27T07:00:00','2027-06-01T07:00:00','P0Y0M-1D','P0Y0M25D',.F.,'2027-05-20T07:00:00',$,'2027-04-15T07:00:00','2027-04-21T07:00:00','P0Y0M0D',1.0);
#68=IFCTASK('g7Sh5r$vERx1G5yHvxk5P7',#6,'Upper floor slab — House 1',$,$,'4.2',$,$,$,.F.,$,#67,.CONSTRUCTION.);
#69=IFCTASKTIME('Upper floor masonry — House 1 Time',.PREDICTED.,$,.WORKTIME.,'P0Y0M6D','2027-03-01T07:00:00','2027-03-08T07:00:00','2027-04-21T07:00:00','2027-04-29T07:00:00','2027-06-02T07:00:00','2027-06-09T07:00:00','P0Y0M-1D','P0Y0M26D',.F.,'2027-05-20T07:00:00',$,'2027-04-21T07:00:00','2027-04-29T07:00:00','P0Y0M0D',1.0);
#70=IFCTASK('rpnxAFDVXbjff5CFKJwPJz',#6,'Upper floor masonry — House 1',$,$,'4.3',$,$,$,.F.,$,#69,.CONSTRUCTION.);
#71=IFCTASKTIME('Roof structure — House 1 Time',.PREDICTED.,$,.WORKTIME.,'P0Y0M5D','2027-03-01T07:00:00','2027-03-05T07:00:00','2027-04-29T07:00:00','2027-05-04T07:00:00','2027-06-10T07:00:00','2027-06-16T07:00:00','P0Y0M8D','P0Y0M28D',.F.,'2027-05-20T07:00:00',$,'2027-04-29T07:00:00','2027-05-06T07:00:00','P0Y0M0D',1.0);
#72=IFCTASK('MZrVKhBHz3QXoVhFn55l5r',#6,'Roof structure — House 1',$,$,'4.4',$,$,$,.F.,$,#71,.CONSTRUCTION.);
#73=IFCTASKTIME('Ground floor masonry — House 2 Time',.PREDICTED.,$,.WORKTIME.,'P0Y0M6D','2027-03-01T07:00:00','2027-03-08T07:00:00','2027-04-15T07:00:00','2027-04-23T07:00:00','2027-04-08T07:00:00','2027-04-15T07:00:00','P0Y0M-1D','P0Y0M-6D',.F.,'2027-05-20T07:00:00',$,'2027-04-15T07:00:00','2027-04-23T07:00:00','P0Y0M0D',1.0);
#74=IFCTASK('ohhHDFCVjLHB0Z9$TV$xPP',#6,'Ground floor masonry — House 2',$,$,'4.5',$,$,$,.F.,$,#73,.CONSTRUCTION.);
#75=IFCTASKTIME('Upper floor slab — House 2 Time',.PREDICTED.,$,.WORKTIME.,'P0Y0M4D','2027-03-01T07:00:00','2027-03-04T07:00:00','2027-04-23T07:00:00','2027-04-29T07:00:00','2027-05-26T07:00:00','2027-05-31T07:00:00','P0Y0M-1D','P0Y0M19D',.F.,'2027-05-20T07:00:00',$,'2027-04-23T07:00:00','2027-04-29T07:00:00','P0Y0M0D',1.0);
#76=IFCTASK('yFVhdxEt$Lt3N7wlXp6JcB',#6,'Upper floor slab — House 2',$,$,'4.6',$,$,$,.F.,$,#75,.CONSTRUCTION.);
#77=IFCTASKTIME('Upper floor masonry — House 2 Time',.PREDICTED.,$,.WORKTIME.,'P0Y0M6D','2027-03-01T07:00:00','2027-03-08T07:00:00','2027-04-29T07:00:00','2027-05-07T07:00:00','2027-06-01T07:00:00','2027-06-08T07:00:00','P0Y0M-1D','P0Y0M21D',.F.,'2027-05-20T07:00:00',$,'2027-04-29T07:00:00','2027-05-07T07:00:00','P0Y0M0D',1.0);
#78=IFCTASK('Ch5XqxdtpbDtL9u1YLlBSR',#6,'Upper floor masonry — House 2',$,$,'4.7',$,$,$,.F.,$,#77,.CONSTRUCTION.);
#79=IFCTASKTIME('Roof structure — House 2 Time',.PREDICTED.,$,.WORKTIME.,'P0Y0M5D','2027-03-01T07:00:00','2027-03-05T07:00:00','2027-05-07T07:00:00','2027-05-14T07:00:00','2027-06-09T07:00:00','2027-06-15T07:00:00','P0Y0M2D','P0Y0M21D',.F.,'2027-05-20T07:00:00',$,'2027-05-07T07:00:00','2027-05-14T07:00:00','P0Y0M0D',1.0);
#80=IFCTASK('1nBnFhT1oF7LoXDHVJgf_Z',#6,'Roof structure — House 2',$,$,'4.8',$,$,$,.F.,$,#79,.CONSTRUCTION.);
#81=IFCTASKTIME('Ground floor masonry — House 3 Time',.PREDICTED.,$,.WORKTIME.,'P0Y0M6D','2027-03-01T07:00:00','2027-03-08T07:00:00','2027-04-23T07:00:00','2027-05-03T07:00:00','2027-04-16T07:00:00','2027-04-23T07:00:00','P0Y0M-1D','P0Y0M-5D',.F.,'2027-05-20T07:00:00',$,'2027-04-23T07:00:00','2027-05-03T07:00:00','P0Y0M0D',1.0);
#82=IFCTASK('Oz$Zan4$arzNbBEV0dyTZR',#6,'Ground floor masonry — House 3',$,$,'4.9',$,$,$,.F.,$,#81,.CONSTRUCTION.);
#83=IFCTASKTIME('Upper floor slab — House 3 Time',.PREDICTED.,$,.WORKTIME.,'P0Y0M4D','2027-03-01T07:00:00','2027-03-04T07:00:00','2027-05-03T07:00:00','2027-05-07T07:00:00','2027-05-26T07:00:00','2027-05-31T07:00:00','P0Y0M-1D','P0Y0M15D',.F.,'2027-05-20T07:00:00',$,'2027-05-03T07:00:00','2027-05-07T07:00:00','P0Y0M0D',1.0);
#84=IFCTASK('PXjvLtCnCZYxthQHBtgNAT',#6,'Upper floor slab — House 3',$,$,'4.10',$,$,$,.F.,$,#83,.CONSTRUCTION.);
#85=IFCTASKTIME('Upper floor masonry — House 3 Time',.PREDICTED.,$,.WORKTIME.,'P0Y0M6D','2027-03-01T07:00:00','2027-03-08T07:00:00','2027-05-07T07:00:00','2027-05-14T07:00:00','2027-06-01T07:00:00','2027-06-08T07:00:00','P0Y0M0D','P0Y0M16D',.F.,'2027-05-20T07:00:00',$,'2027-05-07T07:00:00','2027-05-17T07:00:00','P0Y0M0D',1.0);
#86=IFCTASK('T1ljVp2NQVw18njndBCp8D',#6,'Upper floor masonry — House 3',$,$,'4.11',$,$,$,.F.,$,#85,.CONSTRUCTION.);
#87=IFCTASKTIME('Roof structure — House 3 Time',.PREDICTED.,$,.WORKTIME.,'P0Y0M5D','2027-03-01T07:00:00','2027-03-05T07:00:00','2027-05-18T07:00:00','2027-05-20T07:00:00','2027-06-09T07:00:00','2027-06-15T07:00:00','P0Y0M0D','P0Y0M18D',.F.,'2027-05-20T07:00:00',$,'2027-05-17T07:00:00','2027-05-20T07:00:00','P0Y0M0D',1.0);
#88=IFCTASK('rD7Zit5FuN5XorUVLPeV8x',#6,'Roof structure — House 3',$,$,'4.12',$,$,$,.F.,$,#87,.CONSTRUCTION.);
#89=IFCTASKTIME('Ground floor masonry — House 4 Time',.PREDICTED.,$,.WORKTIME.,'P0Y0M6D','2027-03-01T07:00:00','2027-03-08T07:00:00','2027-05-03T07:00:00','2027-05-11T07:00:00','2027-04-26T07:00:00','2027-05-04T07:00:00','P0Y0M-1D','P0Y0M-3D',.F.,'2027-05-20T07:00:00',$,'2027-05-03T07:00:00','2027-05-11T07:00:00','P0Y0M0D',1.0);
#90=IFCTASK('ZX5ntVM$wHG1e1d$ydeXup',#6,'Ground floor masonry — House 4',$,$,'4.13',$,$,$,.F.,$,#89,.CONSTRUCTION.);
#91=IFCTASKTIME('Upper floor slab — House 4 Time',.PREDICTED.,$,.WORKTIME.,'P0Y0M4D','2027-03-01T07:00:00','2027-03-04T07:00:00','2027-05-11T07:00:00','2027-05-21T07:00:00','2027-05-26T07:00:00','2027-05-31T07:00:00','P0Y0M0D','P0Y0M6D',.F.,'2027-05-20T07:00:00',$,'2027-05-11T07:00:00',$,'P0Y0M2D',0.5);
#92=IFCTASK('gvKJVjcXjrhHBp1XYvGfE5',#6,'Upper floor slab — House 4',$,$,'4.14',$,$,$,.F.,$,#91,.CONSTRUCTION.);
#93=IFCTASKTIME('Upper floor masonry — House 4 Time',.PREDICTED.,$,.WORKTIME.,'P0Y0M6D','2027-03-01T07:00:00','2027-03-08T07:00:00','2027-05-24T07:00:00','2027-05-31T07:00:00','2027-06-01T07:00:00','2027-06-08T07:00:00','P0Y0M0D','P0Y0M6D',.F.,$,$,$,$,$,0.0);
#94=IFCTASK('_nJPVf09DPnpqhAHGVFLs3',#6,'Upper floor masonry — House 4',$,$,'4.15',$,$,$,.F.,$,#93,.CONSTRUCTION.);
#95=IFCTASKTIME('Roof structure — House 4 Time',.PREDICTED.,$,.WORKTIME.,'P0Y0M5D','2027-03-01T07:00:00','2027-03-05T07:00:00','2027-06-01T07:00:00','2027-06-07T07:00:00','2027-06-09T07:00:00','2027-06-15T07:00:00','P0Y0M0D','P0Y0M6D',.F.,$,$,$,$,$,0.0);
#96=IFCTASK('$H7TaHedpxljclZHKDYhUF',#6,'Roof structure — House 4',$,$,'4.16',$,$,$,.F.,$,#95,.CONSTRUCTION.);
#97=IFCTASKTIME('Ground floor masonry — House 5 Time',.PREDICTED.,$,.WORKTIME.,'P0Y0M6D','2027-03-01T07:00:00','2027-03-08T07:00:00','2027-05-20T07:00:00','2027-05-27T07:00:00','2027-05-07T07:00:00','2027-05-14T07:00:00','P0Y0M0D','P0Y0M-8D',.T.,$,$,$,$,$,0.0);
#98=IFCTASK('Zza3g5FvAhHrWJlXXJ2ljV',#6,'Ground floor masonry — House 5',$,$,'4.17',$,$,$,.F.,$,#97,.CONSTRUCTION.);
#99=IFCTASKTIME('Upper floor slab — House 5 Time',.PREDICTED.,$,.WORKTIME.,'P0Y0M4D','2027-03-01T07:00:00','2027-03-04T07:00:00','2027-05-28T07:00:00','2027-06-02T07:00:00','2027-05-26T07:00:00','2027-05-31T07:00:00','P0Y0M0D','P0Y0M-2D',.T.,$,$,$,$,$,0.0);
#100=IFCTASK('Fd6pRxffANDPmxiHSt2lpF',#6,'Upper floor slab — House 5',$,$,'4.18',$,$,$,.F.,$,#99,.CONSTRUCTION.);
#101=IFCTASKTIME('Upper floor masonry — House 5 Time',.PREDICTED.,$,.WORKTIME.,'P0Y0M6D','2027-03-01T07:00:00','2027-03-08T07:00:00','2027-06-03T07:00:00','2027-06-10T07:00:00','2027-06-01T07:00:00','2027-06-08T07:00:00','P0Y0M0D','P0Y0M-2D',.T.,$,$,$,$,$,0.0);
#102=IFCTASK('kbDd5hRnYv87gNu$Npxlfz',#6,'Upper floor masonry — House 5',$,$,'4.19',$,$,$,.F.,$,#101,.CONSTRUCTION.);
#103=IFCTASKTIME('Roof structure — House 5 Time',.PREDICTED.,$,.WORKTIME.,'P0Y0M5D','2027-03-01T07:00:00','2027-03-05T07:00:00','2027-06-11T07:00:00','2027-06-17T07:00:00','2027-06-09T07:00:00','2027-06-15T07:00:00','P0Y0M0D','P0Y0M-2D',.T.,$,$,$,$,$,0.0);
#104=IFCTASK('nr9pTfd9JhHB0zTl837D0t',#6,'Roof structure — House 5',$,$,'4.20',$,$,$,.F.,$,#103,.CONSTRUCTION.);
#105=IFCTASKTIME('Ground floor masonry — House 6 Time',.PREDICTED.,$,.WORKTIME.,'P0Y0M6D','2027-03-01T07:00:00','2027-03-08T07:00:00','2027-05-28T07:00:00','2027-06-04T07:00:00','2027-05-18T07:00:00','2027-05-25T07:00:00','P0Y0M0D','P0Y0M-8D',.T.,$,$,$,$,$,0.0);
#106=IFCTASK('Jt4rj3LlNl5$yTzFGnhVuj',#6,'Ground floor masonry — House 6',$,$,'4.21',$,$,$,.F.,$,#105,.CONSTRUCTION.);
#107=IFCTASKTIME('Upper floor slab — House 6 Time',.PREDICTED.,$,.WORKTIME.,'P0Y0M4D','2027-03-01T07:00:00','2027-03-04T07:00:00','2027-06-07T07:00:00','2027-06-10T07:00:00','2027-05-26T07:00:00','2027-05-31T07:00:00','P0Y0M0D','P0Y0M-8D',.T.,$,$,$,$,$,0.0);
#108=IFCTASK('IxvrHxl7ShvDuHd15B4hYD',#6,'Upper floor slab — House 6',$,$,'4.22',$,$,$,.F.,$,#107,.CONSTRUCTION.);
#109=IFCTASKTIME('Upper floor masonry — House 6 Time',.PREDICTED.,$,.WORKTIME.,'P0Y0M6D','2027-03-01T07:00:00','2027-03-08T07:00:00','2027-06-11T07:00:00','2027-06-18T07:00:00','2027-06-01T07:00:00','2027-06-08T07:00:00','P0Y0M0D','P0Y0M-8D',.T.,$,$,$,$,$,0.0);
#110=IFCTASK('Y1fR8Bu7I1151XTHSfk5Pd',#6,'Upper floor masonry — House 6',$,$,'4.23',$,$,$,.F.,$,#109,.CONSTRUCTION.);
#111=IFCTASKTIME('Roof structure — House 6 Time',.PREDICTED.,$,.WORKTIME.,'P0Y0M5D','2027-03-01T07:00:00','2027-03-05T07:00:00','2027-06-21T07:00:00','2027-06-25T07:00:00','2027-06-09T07:00:00','2027-06-15T07:00:00','P0Y0M0D','P0Y0M-8D',.T.,$,$,$,$,$,0.0);
#112=IFCTASK('Q1X3_7Hv4nPBmRe$vXB1kB',#6,'Roof structure — House 6',$,$,'4.24',$,$,$,.F.,$,#111,.CONSTRUCTION.);
#113=IFCTASKTIME('Topping out reached Time',.PREDICTED.,$,.WORKTIME.,'P0Y0M0D','2027-03-01T07:00:00','2027-03-01T07:00:00','2027-06-25T07:00:00','2027-06-25T07:00:00','2027-08-17T07:00:00','2027-08-17T07:00:00','P0Y0M22D','P0Y0M22D',.F.,$,$,$,$,$,0.0);
#114=IFCTASK('_l9DTfPt3zslBD1XUvGf2$',#6,'Topping out reached',$,$,'4.25',$,$,$,.T.,$,#113,.CONSTRUCTION.);
#115=IFCTASKTIME('4. Building services Time',.PREDICTED.,$,.WORKTIME.,'P0Y0M5D','2027-03-01T07:00:00','2027-03-05T07:00:00','2027-05-20T07:00:00','2027-07-06T07:00:00','2027-06-16T07:00:00','2027-06-24T07:00:00','P0Y0M0D','P0Y0M-8D',.T.,$,$,$,$,$,0.0);
#116=IFCTASK('3l$rdtZ1IhLH3dM1pBBFbX',#6,'4. Building services',$,$,'5',$,$,$,.F.,$,#115,.INSTALLATION.);
#117=IFCTASKTIME('Plumbing — House 1 Time',.PREDICTED.,$,.WORKTIME.,'P0Y0M3D','2027-03-01T07:00:00','2027-03-03T07:00:00','2027-05-20T07:00:00','2027-05-24T07:00:00','2027-06-17T07:00:00','2027-06-21T07:00:00','P0Y0M0D','P0Y0M20D',.F.,$,$,$,$,$,0.0);
#118=IFCTASK('WVztQjElpv51ql5FAVDPlr',#6,'Plumbing — House 1',$,$,'5.1',$,$,$,.F.,$,#117,.INSTALLATION.);
#119=IFCTASKTIME('Electrical — House 1 Time',.PREDICTED.,$,.WORKTIME.,'P0Y0M3D','2027-03-01T07:00:00','2027-03-03T07:00:00','2027-05-25T07:00:00','2027-05-27T07:00:00','2027-06-22T07:00:00','2027-06-24T07:00:00','P0Y0M0D','P0Y0M20D',.F.,$,$,$,$,$,0.0);
#120=IFCTASK('Apn5MVxVD5PrqFlV3ld5JZ',#6,'Electrical — House 1',$,$,'5.2',$,$,$,.F.,$,#119,.INSTALLATION.);
#121=IFCTASKTIME('Services commissioning inspection — House 1 Time',.PREDICTED.,$,.WORKTIME.,'P0Y0M1D','2027-03-01T07:00:00','2027-03-01T07:00:00','2027-05-27T07:00:00','2027-05-27T07:00:00','2027-06-24T07:00:00','2027-06-24T07:00:00','P0Y0M0D','P0Y0M20D',.F.,$,$,$,$,$,0.0);
#122=IFCTASK('LPmPbxF729EB03zlAXB1Mp',#6,'Services commissioning inspection — House 1',$,$,'5.3',$,$,$,.F.,$,#121,.ATTENDANCE.);
#123=IFCTASKTIME('Plumbing — House 2 Time',.PREDICTED.,$,.WORKTIME.,'P0Y0M3D','2027-03-01T07:00:00','2027-03-03T07:00:00','2027-05-20T07:00:00','2027-05-24T07:00:00','2027-06-16T07:00:00','2027-06-18T07:00:00','P0Y0M0D','P0Y0M19D',.F.,$,$,$,$,$,0.0);
#124=IFCTASK('0lXLFFrH7ZSr8fSHR56jM9',#6,'Plumbing — House 2',$,$,'5.4',$,$,$,.F.,$,#123,.INSTALLATION.);
#125=IFCTASKTIME('Electrical — House 2 Time',.PREDICTED.,$,.WORKTIME.,'P0Y0M3D','2027-03-01T07:00:00','2027-03-03T07:00:00','2027-05-25T07:00:00','2027-05-27T07:00:00','2027-06-21T07:00:00','2027-06-23T07:00:00','P0Y0M0D','P0Y0M19D',.F.,$,$,$,$,$,0.0);
#126=IFCTASK('k5dLtZ$v29sZVlFXrNoRPL',#6,'Electrical — House 2',$,$,'5.5',$,$,$,.F.,$,#125,.INSTALLATION.);
#127=IFCTASKTIME('Services commissioning inspection — House 2 Time',.PREDICTED.,$,.WORKTIME.,'P0Y0M1D','2027-03-01T07:00:00','2027-03-01T07:00:00','2027-05-28T07:00:00','2027-05-28T07:00:00','2027-06-24T07:00:00','2027-06-24T07:00:00','P0Y0M0D','P0Y0M19D',.F.,$,$,$,$,$,0.0);
#128=IFCTASK('S1V3_djFednDyZTFoFB$kh',#6,'Services commissioning inspection — House 2',$,$,'5.6',$,$,$,.F.,$,#127,.ATTENDANCE.);
#129=IFCTASKTIME('Plumbing — House 3 Time',.PREDICTED.,$,.WORKTIME.,'P0Y0M3D','2027-03-01T07:00:00','2027-03-03T07:00:00','2027-05-21T07:00:00','2027-05-25T07:00:00','2027-06-16T07:00:00','2027-06-18T07:00:00','P0Y0M0D','P0Y0M18D',.F.,$,$,$,$,$,0.0);
#130=IFCTASK('$pkldbA$KfIPyfO$0dCp09',#6,'Plumbing — House 3',$,$,'5.7',$,$,$,.F.,$,#129,.INSTALLATION.);
#131=IFCTASKTIME('Electrical — House 3 Time',.PREDICTED.,$,.WORKTIME.,'P0Y0M3D','2027-03-01T07:00:00','2027-03-03T07:00:00','2027-05-26T07:00:00','2027-05-28T07:00:00','2027-06-21T07:00:00','2027-06-23T07:00:00','P0Y0M0D','P0Y0M18D',.F.,$,$,$,$,$,0.0);
#132=IFCTASK('1nZN8pvt$hHB49qlUPi5Bv',#6,'Electrical — House 3',$,$,'5.8',$,$,$,.F.,$,#131,.INSTALLATION.);
#133=IFCTASKTIME('Services commissioning inspection — House 3 Time',.PREDICTED.,$,.WORKTIME.,'P0Y0M1D','2027-03-01T07:00:00','2027-03-01T07:00:00','2027-05-31T07:00:00','2027-05-31T07:00:00','2027-06-24T07:00:00','2027-06-24T07:00:00','P0Y0M0D','P0Y0M18D',.F.,$,$,$,$,$,0.0);
#134=IFCTASK('ypU$Y5gPfntbt9ylFNYhAZ',#6,'Services commissioning inspection — House 3',$,$,'5.9',$,$,$,.F.,$,#133,.ATTENDANCE.);
#135=IFCTASKTIME('Plumbing — House 4 Time',.PREDICTED.,$,.WORKTIME.,'P0Y0M3D','2027-03-01T07:00:00','2027-03-03T07:00:00','2027-06-08T07:00:00','2027-06-10T07:00:00','2027-06-16T07:00:00','2027-06-18T07:00:00','P0Y0M0D','P0Y0M6D',.F.,$,$,$,$,$,0.0);
#136=IFCTASK('$p69kJzlfRbXUtGVGnRnzr',#6,'Plumbing — House 4',$,$,'5.10',$,$,$,.F.,$,#135,.INSTALLATION.);
#137=IFCTASKTIME('Electrical — House 4 Time',.PREDICTED.,$,.WORKTIME.,'P0Y0M3D','2027-03-01T07:00:00','2027-03-03T07:00:00','2027-06-11T07:00:00','2027-06-15T07:00:00','2027-06-21T07:00:00','2027-06-23T07:00:00','P0Y0M0D','P0Y0M6D',.F.,$,$,$,$,$,0.0);
#138=IFCTASK('cXRl$vAPvZSBaplV3nRnHB',#6,'Electrical — House 4',$,$,'5.11',$,$,$,.F.,$,#137,.INSTALLATION.);
#139=IFCTASKTIME('Services commissioning inspection — House 4 Time',.PREDICTED.,$,.WORKTIME.,'P0Y0M1D','2027-03-01T07:00:00','2027-03-01T07:00:00','2027-06-16T07:00:00','2027-06-16T07:00:00','2027-06-24T07:00:00','2027-06-24T07:00:00','P0Y0M0D','P0Y0M6D',.F.,$,$,$,$,$,0.0);
#140=IFCTASK('7HLljXIl5nX3PlRna9stqT',#6,'Services commissioning inspection — House 4',$,$,'5.12',$,$,$,.F.,$,#139,.ATTENDANCE.);
#141=IFCTASKTIME('Plumbing — House 5 Time',.PREDICTED.,$,.WORKTIME.,'P0Y0M3D','2027-03-01T07:00:00','2027-03-03T07:00:00','2027-06-18T07:00:00','2027-06-22T07:00:00','2027-06-16T07:00:00','2027-06-18T07:00:00','P0Y0M0D','P0Y0M-2D',.T.,$,$,$,$,$,0.0);
#142=IFCTASK('X11TGv6vgxFDeP_VDPyLIh',#6,'Plumbing — House 5',$,$,'5.13',$,$,$,.F.,$,#141,.INSTALLATION.);
#143=IFCTASKTIME('Electrical — House 5 Time',.PREDICTED.,$,.WORKTIME.,'P0Y0M3D','2027-03-01T07:00:00','2027-03-03T07:00:00','2027-06-23T07:00:00','2027-06-25T07:00:00','2027-06-21T07:00:00','2027-06-23T07:00:00','P0Y0M0D','P0Y0M-2D',.T.,$,$,$,$,$,0.0);
#144=IFCTASK('SZO1AFLlbBFh2dkVc3159F',#6,'Electrical — House 5',$,$,'5.14',$,$,$,.F.,$,#143,.INSTALLATION.);
#145=IFCTASKTIME('Services commissioning inspection — House 5 Time',.PREDICTED.,$,.WORKTIME.,'P0Y0M1D','2027-03-01T07:00:00','2027-03-01T07:00:00','2027-06-28T07:00:00','2027-06-28T07:00:00','2027-06-24T07:00:00','2027-06-24T07:00:00','P0Y0M0D','P0Y0M-2D',.T.,$,$,$,$,$,0.0);
#146=IFCTASK('7BEn5FJXtBlBmrw1SRP5VT',#6,'Services commissioning inspection — House 5',$,$,'5.15',$,$,$,.F.,$,#145,.ATTENDANCE.);
#147=IFCTASKTIME('Plumbing — House 6 Time',.PREDICTED.,$,.WORKTIME.,'P0Y0M3D','2027-03-01T07:00:00','2027-03-03T07:00:00','2027-06-28T07:00:00','2027-06-30T07:00:00','2027-06-16T07:00:00','2027-06-18T07:00:00','P0Y0M0D','P0Y0M-8D',.T.,$,$,$,$,$,0.0);
#148=IFCTASK('N7KjbVB1aLtzp3pH5BaBGF',#6,'Plumbing — House 6',$,$,'5.16',$,$,$,.F.,$,#147,.INSTALLATION.);
#149=IFCTASKTIME('Electrical — House 6 Time',.PREDICTED.,$,.WORKTIME.,'P0Y0M3D','2027-03-01T07:00:00','2027-03-03T07:00:00','2027-07-01T07:00:00','2027-07-05T07:00:00','2027-06-21T07:00:00','2027-06-23T07:00:00','P0Y0M0D','P0Y0M-8D',.T.,$,$,$,$,$,0.0);
#150=IFCTASK('X3CplVbVfFVz$hMHYPqDux',#6,'Electrical — House 6',$,$,'5.17',$,$,$,.F.,$,#149,.INSTALLATION.);
#151=IFCTASKTIME('Services commissioning inspection — House 6 Time',.PREDICTED.,$,.WORKTIME.,'P0Y0M1D','2027-03-01T07:00:00','2027-03-01T07:00:00','2027-07-06T07:00:00','2027-07-06T07:00:00','2027-06-24T07:00:00','2027-06-24T07:00:00','P0Y0M0D','P0Y0M-8D',.T.,$,$,$,$,$,0.0);
#152=IFCTASK('zpY1kFaH5Rptnjxns11JcF',#6,'Services commissioning inspection — House 6',$,$,'5.18',$,$,$,.F.,$,#151,.ATTENDANCE.);
#153=IFCTASKTIME('5. Fit-out Time',.PREDICTED.,$,.WORKTIME.,'P0Y0M5D','2027-03-01T07:00:00','2027-03-05T07:00:00','2027-05-28T07:00:00','2027-08-17T07:00:00','2027-06-25T07:00:00','2027-07-15T07:00:00','P0Y0M0D','P0Y0M-8D',.T.,$,$,$,$,$,0.0);
#154=IFCTASK('0lNjBv2fo57LYz$VqT4hcH',#6,'5. Fit-out',$,$,'6',$,$,$,.F.,$,#153,.CONSTRUCTION.);
#155=IFCTASKTIME('Plastering — House 1 Time',.PREDICTED.,$,.WORKTIME.,'P0Y0M5D','2027-03-01T07:00:00','2027-03-05T07:00:00','2027-05-28T07:00:00','2027-06-03T07:00:00','2027-06-25T07:00:00','2027-07-01T07:00:00','P0Y0M0D','P0Y0M20D',.F.,$,$,$,$,$,0.0);
#156=IFCTASK('_lvTKhLHfnvhcFlVJ9k$gp',#6,'Plastering — House 1',$,$,'6.1',$,$,$,.F.,$,#155,.CONSTRUCTION.);
#157=IFCTASKTIME('Tiling — House 1 Time',.PREDICTED.,$,.WORKTIME.,'P0Y0M3D','2027-03-01T07:00:00','2027-03-03T07:00:00','2027-06-04T07:00:00','2027-06-08T07:00:00','2027-07-06T07:00:00','2027-07-08T07:00:00','P0Y0M0D','P0Y0M22D',.F.,$,$,$,$,$,0.0);
#158=IFCTASK('FdcjlbJFKj4Lc3rnnNszn$',#6,'Tiling — House 1',$,$,'6.2',$,$,$,.F.,$,#157,.INSTALLATION.);
#159=IFCTASKTIME('Install sanitary fittings — House 1 Time',.PREDICTED.,$,.WORKTIME.,'P0Y0M3D','2027-03-01T07:00:00','2027-03-03T07:00:00','2027-06-09T07:00:00','2027-06-11T07:00:00','2027-07-09T07:00:00','2027-07-13T07:00:00','P0Y0M0D','P0Y0M22D',.F.,$,$,$,$,$,0.0);
#160=IFCTASK('dxKjXpktNx7L_Dd$CF$5N$',#6,'Install sanitary fittings — House 1',$,$,'6.3',$,$,$,.F.,$,#159,.INSTALLATION.);
#161=IFCTASKTIME('Painting — House 1 Time',.PREDICTED.,$,.WORKTIME.,'P0Y0M4D','2027-03-01T07:00:00','2027-03-04T07:00:00','2027-06-10T07:00:00','2027-06-15T07:00:00','2027-07-12T07:00:00','2027-07-15T07:00:00','P0Y0M0D','P0Y0M22D',.F.,$,$,$,$,$,0.0);
#162=IFCTASK('wrcfqxNfcpuv_vMHYdyZV3',#6,'Painting — House 1',$,$,'6.4',$,$,$,.F.,$,#161,.CONSTRUCTION.);
#163=IFCTASKTIME('Plastering — House 2 Time',.PREDICTED.,$,.WORKTIME.,'P0Y0M5D','2027-03-01T07:00:00','2027-03-05T07:00:00','2027-05-31T07:00:00','2027-06-04T07:00:00','2027-06-25T07:00:00','2027-07-01T07:00:00','P0Y0M0D','P0Y0M19D',.F.,$,$,$,$,$,0.0);
#164=IFCTASK('6n1BXjoH5xPruH71HvOlFV',#6,'Plastering — House 2',$,$,'6.5',$,$,$,.F.,$,#163,.CONSTRUCTION.);
#165=IFCTASKTIME('Tiling — House 2 Time',.PREDICTED.,$,.WORKTIME.,'P0Y0M3D','2027-03-01T07:00:00','2027-03-03T07:00:00','2027-06-07T07:00:00','2027-06-09T07:00:00','2027-07-02T07:00:00','2027-07-06T07:00:00','P0Y0M0D','P0Y0M19D',.F.,$,$,$,$,$,0.0);
#166=IFCTASK('6LEbmfudbhLlf5KHqZqbzd',#6,'Tiling — House 2',$,$,'6.6',$,$,$,.F.,$,#165,.INSTALLATION.);
#167=IFCTASKTIME('Install sanitary fittings — House 2 Time',.PREDICTED.,$,.WORKTIME.,'P0Y0M3D','2027-03-01T07:00:00','2027-03-03T07:00:00','2027-06-10T07:00:00','2027-06-14T07:00:00','2027-07-07T07:00:00','2027-07-09T07:00:00','P0Y0M0D','P0Y0M19D',.F.,$,$,$,$,$,0.0);
#168=IFCTASK('ynfJJ3DXZ$IhU37$NJvb1N',#6,'Install sanitary fittings — House 2',$,$,'6.7',$,$,$,.F.,$,#167,.INSTALLATION.);
#169=IFCTASKTIME('Painting — House 2 Time',.PREDICTED.,$,.WORKTIME.,'P0Y0M4D','2027-03-01T07:00:00','2027-03-04T07:00:00','2027-06-15T07:00:00','2027-06-18T07:00:00','2027-07-12T07:00:00','2027-07-15T07:00:00','P0Y0M0D','P0Y0M19D',.F.,$,$,$,$,$,0.0);
#170=IFCTASK('r9QNaD2N6nqTXH1XijI1cL',#6,'Painting — House 2',$,$,'6.8',$,$,$,.F.,$,#169,.CONSTRUCTION.);
#171=IFCTASKTIME('Plastering — House 3 Time',.PREDICTED.,$,.WORKTIME.,'P0Y0M5D','2027-03-01T07:00:00','2027-03-05T07:00:00','2027-06-01T07:00:00','2027-06-07T07:00:00','2027-06-25T07:00:00','2027-07-01T07:00:00','P0Y0M0D','P0Y0M18D',.F.,$,$,$,$,$,0.0);
#172=IFCTASK('$Fp7JTX7WRZdWJ9$ej1Jwb',#6,'Plastering — House 3',$,$,'6.9',$,$,$,.F.,$,#171,.CONSTRUCTION.);
#173=IFCTASKTIME('Tiling — House 3 Time',.PREDICTED.,$,.WORKTIME.,'P0Y0M3D','2027-03-01T07:00:00','2027-03-03T07:00:00','2027-06-08T07:00:00','2027-06-10T07:00:00','2027-07-02T07:00:00','2027-07-06T07:00:00','P0Y0M0D','P0Y0M18D',.F.,$,$,$,$,$,0.0);
#174=IFCTASK('YZe$2hS1E5$TpnP$0P4h6X',#6,'Tiling — House 3',$,$,'6.10',$,$,$,.F.,$,#173,.INSTALLATION.);
#175=IFCTASKTIME('Install sanitary fittings — House 3 Time',.PREDICTED.,$,.WORKTIME.,'P0Y0M3D','2027-03-01T07:00:00','2027-03-03T07:00:00','2027-06-11T07:00:00','2027-06-15T07:00:00','2027-07-07T07:00:00','2027-07-09T07:00:00','P0Y0M0D','P0Y0M18D',.F.,$,$,$,$,$,0.0);
#176=IFCTASK('zFb$g5tNu915j15HSb$jUn',#6,'Install sanitary fittings — House 3',$,$,'6.11',$,$,$,.F.,$,#175,.INSTALLATION.);
#177=IFCTASKTIME('Painting — House 3 Time',.PREDICTED.,$,.WORKTIME.,'P0Y0M4D','2027-03-01T07:00:00','2027-03-04T07:00:00','2027-06-16T07:00:00','2027-06-21T07:00:00','2027-07-12T07:00:00','2027-07-15T07:00:00','P0Y0M0D','P0Y0M18D',.F.,$,$,$,$,$,0.0);
#178=IFCTASK('GdYLrZGNwZkLIRqls5wjgN',#6,'Painting — House 3',$,$,'6.12',$,$,$,.F.,$,#177,.CONSTRUCTION.);
#179=IFCTASKTIME('Plastering — House 4 Time',.PREDICTED.,$,.WORKTIME.,'P0Y0M5D','2027-03-01T07:00:00','2027-03-05T07:00:00','2027-06-17T07:00:00','2027-06-23T07:00:00','2027-06-25T07:00:00','2027-07-01T07:00:00','P0Y0M0D','P0Y0M6D',.F.,$,$,$,$,$,0.0);
#180=IFCTASK('X1PLPbg$ArpPi1ZFonpPlh',#6,'Plastering — House 4',$,$,'6.13',$,$,$,.F.,$,#179,.CONSTRUCTION.);
#181=IFCTASKTIME('Tiling — House 4 Time',.PREDICTED.,$,.WORKTIME.,'P0Y0M3D','2027-03-01T07:00:00','2027-03-03T07:00:00','2027-06-24T07:00:00','2027-06-28T07:00:00','2027-07-02T07:00:00','2027-07-06T07:00:00','P0Y0M0D','P0Y0M6D',.F.,$,$,$,$,$,0.0);
#182=IFCTASK('Pxq56dYnIVhHdZ$XoDQpqz',#6,'Tiling — House 4',$,$,'6.14',$,$,$,.F.,$,#181,.INSTALLATION.);
#183=IFCTASKTIME('Install sanitary fittings — House 4 Time',.PREDICTED.,$,.WORKTIME.,'P0Y0M3D','2027-03-01T07:00:00','2027-03-03T07:00:00','2027-06-29T07:00:00','2027-07-01T07:00:00','2027-07-07T07:00:00','2027-07-09T07:00:00','P0Y0M0D','P0Y0M6D',.F.,$,$,$,$,$,0.0);
#184=IFCTASK('n7cfGP_nCZsTlfyHRXxHN3',#6,'Install sanitary fittings — House 4',$,$,'6.15',$,$,$,.F.,$,#183,.INSTALLATION.);
#185=IFCTASKTIME('Painting — House 4 Time',.PREDICTED.,$,.WORKTIME.,'P0Y0M4D','2027-03-01T07:00:00','2027-03-04T07:00:00','2027-07-02T07:00:00','2027-07-07T07:00:00','2027-07-12T07:00:00','2027-07-15T07:00:00','P0Y0M0D','P0Y0M6D',.F.,$,$,$,$,$,0.0);
#186=IFCTASK('eTpdNDPtHV_95FrHLdeViV',#6,'Painting — House 4',$,$,'6.16',$,$,$,.F.,$,#185,.CONSTRUCTION.);
#187=IFCTASKTIME('Plastering — House 5 Time',.PREDICTED.,$,.WORKTIME.,'P0Y0M5D','2027-03-01T07:00:00','2027-03-05T07:00:00','2027-06-29T07:00:00','2027-07-05T07:00:00','2027-06-25T07:00:00','2027-07-01T07:00:00','P0Y0M0D','P0Y0M-2D',.T.,$,$,$,$,$,0.0);
#188=IFCTASK('YT8V0HP9DRrFrdM1xFVbxr',#6,'Plastering — House 5',$,$,'6.17',$,$,$,.F.,$,#187,.CONSTRUCTION.);
#189=IFCTASKTIME('Tiling — House 5 Time',.PREDICTED.,$,.WORKTIME.,'P0Y0M3D','2027-03-01T07:00:00','2027-03-03T07:00:00','2027-07-06T07:00:00','2027-07-08T07:00:00','2027-07-02T07:00:00','2027-07-06T07:00:00','P0Y0M0D','P0Y0M-2D',.T.,$,$,$,$,$,0.0);
#190=IFCTASK('GtKRmN0tfn$ZXlnXZzu1w$',#6,'Tiling — House 5',$,$,'6.18',$,$,$,.F.,$,#189,.INSTALLATION.);
#191=IFCTASKTIME('Install sanitary fittings — House 5 Time',.PREDICTED.,$,.WORKTIME.,'P0Y0M3D','2027-03-01T07:00:00','2027-03-03T07:00:00','2027-07-09T07:00:00','2027-07-13T07:00:00','2027-07-07T07:00:00','2027-07-09T07:00:00','P0Y0M0D','P0Y0M-2D',.T.,$,$,$,$,$,0.0);
#192=IFCTASK('xL_BxFBlxlTPSpN15ndjgt',#6,'Install sanitary fittings — House 5',$,$,'6.19',$,$,$,.F.,$,#191,.INSTALLATION.);
#193=IFCTASKTIME('Painting — House 5 Time',.PREDICTED.,$,.WORKTIME.,'P0Y0M4D','2027-03-01T07:00:00','2027-03-04T07:00:00','2027-07-14T07:00:00','2027-07-19T07:00:00','2027-07-12T07:00:00','2027-07-15T07:00:00','P0Y0M0D','P0Y0M-2D',.T.,$,$,$,$,$,0.0);
#194=IFCTASK('b$Fp1vUfShNTPzjlbXTfkr',#6,'Painting — House 5',$,$,'6.20',$,$,$,.F.,$,#193,.CONSTRUCTION.);
#195=IFCTASKTIME('Plastering — House 6 Time',.PREDICTED.,$,.WORKTIME.,'P0Y0M5D','2027-03-01T07:00:00','2027-03-05T07:00:00','2027-07-07T07:00:00','2027-07-13T07:00:00','2027-06-25T07:00:00','2027-07-01T07:00:00','P0Y0M0D','P0Y0M-8D',.T.,$,$,$,$,$,0.0);
#196=IFCTASK('X$nDFlFdzHWH5RCF0v8Fr7',#6,'Plastering — House 6',$,$,'6.21',$,$,$,.F.,$,#195,.CONSTRUCTION.);
#197=IFCTASKTIME('Tiling — House 6 Time',.PREDICTED.,$,.WORKTIME.,'P0Y0M3D','2027-03-01T07:00:00','2027-03-03T07:00:00','2027-07-14T07:00:00','2027-07-16T07:00:00','2027-07-02T07:00:00','2027-07-06T07:00:00','P0Y0M0D','P0Y0M-8D',.T.,$,$,$,$,$,0.0);
#198=IFCTASK('sjJdH$lv89PJQzLnt7Kx1J',#6,'Tiling — House 6',$,$,'6.22',$,$,$,.F.,$,#197,.INSTALLATION.);
#199=IFCTASKTIME('Install sanitary fittings — House 6 Time',.PREDICTED.,$,.WORKTIME.,'P0Y0M3D','2027-03-01T07:00:00','2027-03-03T07:00:00','2027-07-19T07:00:00','2027-07-21T07:00:00','2027-07-07T07:00:00','2027-07-09T07:00:00','P0Y0M0D','P0Y0M-8D',.T.,$,$,$,$,$,0.0);
#200=IFCTASK('qhJdDFal$h1555GXqzunn5',#6,'Install sanitary fittings — House 6',$,$,'6.23',$,$,$,.F.,$,#199,.INSTALLATION.);
#201=IFCTASKTIME('Painting — House 6 Time',.PREDICTED.,$,.WORKTIME.,'P0Y0M4D','2027-03-01T07:00:00','2027-03-04T07:00:00','2027-07-22T07:00:00','2027-08-17T07:00:00','2027-07-12T07:00:00','2027-07-15T07:00:00','P0Y0M0D','P0Y0M-8D',.T.,$,$,$,$,$,0.0);
#202=IFCTASK('UTGvhNmN23OdaDFXhP0vXP',#6,'Painting — House 6',$,$,'6.24',$,$,$,.F.,$,#201,.CONSTRUCTION.);
#203=IFCTASKTIME('6. Handover Time',.PREDICTED.,$,.WORKTIME.,'P0Y0M5D','2027-03-01T07:00:00','2027-03-05T07:00:00','2027-06-15T07:00:00','2027-08-17T07:00:00','2027-07-15T07:00:00','2027-07-15T07:00:00','P0Y0M-8D','P0Y0M-8D',.T.,$,$,$,$,$,0.0);
#204=IFCTASK('OZ3tQDI9FnyLs7kFKXLV0t',#6,'6. Handover',$,$,'7',$,$,$,.F.,$,#203,.ATTENDANCE.);
#205=IFCTASKTIME('Handover inspection — House 1 Time',.PREDICTED.,$,.WORKTIME.,'P0Y0M0D','2027-03-01T07:00:00','2027-03-01T07:00:00','2027-06-15T07:00:00','2027-06-15T07:00:00','2027-07-15T07:00:00','2027-07-15T07:00:00','P0Y0M30D','P0Y0M22D',.F.,$,$,$,$,$,0.0);
#206=IFCTASK('uB_V0ld9RVjvIlv13pMTBP',#6,'Handover inspection — House 1',$,$,'7.1',$,$,$,.T.,$,#205,.CONSTRUCTION.);
#207=IFCTASKTIME('Handover inspection — House 2 Time',.PREDICTED.,$,.WORKTIME.,'P0Y0M0D','2027-03-01T07:00:00','2027-03-01T07:00:00','2027-06-18T07:00:00','2027-06-18T07:00:00','2027-07-15T07:00:00','2027-07-15T07:00:00','P0Y0M27D','P0Y0M19D',.F.,$,$,$,$,$,0.0);
#208=IFCTASK('FPM3QjIlnF4L6p5l8ByLMt',#6,'Handover inspection — House 2',$,$,'7.2',$,$,$,.T.,$,#207,.CONSTRUCTION.);
#209=IFCTASKTIME('Handover inspection — House 3 Time',.PREDICTED.,$,.WORKTIME.,'P0Y0M0D','2027-03-01T07:00:00','2027-03-01T07:00:00','2027-06-21T07:00:00','2027-06-21T07:00:00','2027-07-15T07:00:00','2027-07-15T07:00:00','P0Y0M26D','P0Y0M18D',.F.,$,$,$,$,$,0.0);
#210=IFCTASK('KP09srFdnZY5H98$h7CbfZ',#6,'Handover inspection — House 3',$,$,'7.3',$,$,$,.T.,$,#209,.CONSTRUCTION.);
#211=IFCTASKTIME('Handover inspection — House 4 Time',.PREDICTED.,$,.WORKTIME.,'P0Y0M0D','2027-03-01T07:00:00','2027-03-01T07:00:00','2027-07-07T07:00:00','2027-07-07T07:00:00','2027-07-15T07:00:00','2027-07-15T07:00:00','P0Y0M14D','P0Y0M6D',.F.,$,$,$,$,$,0.0);
#212=IFCTASK('AtkljXkltLzfNxyldB4TFR',#6,'Handover inspection — House 4',$,$,'7.4',$,$,$,.T.,$,#211,.CONSTRUCTION.);
#213=IFCTASKTIME('Handover inspection — House 5 Time',.PREDICTED.,$,.WORKTIME.,'P0Y0M0D','2027-03-01T07:00:00','2027-03-01T07:00:00','2027-07-19T07:00:00','2027-07-19T07:00:00','2027-07-15T07:00:00','2027-07-15T07:00:00','P0Y0M6D','P0Y0M-2D',.T.,$,$,$,$,$,0.0);
#214=IFCTASK('znLlvB0t1hNTtrg1t3HBGl',#6,'Handover inspection — House 5',$,$,'7.5',$,$,$,.T.,$,#213,.CONSTRUCTION.);
#215=IFCTASKTIME('Handover inspection — House 6 Time',.PREDICTED.,$,.WORKTIME.,'P0Y0M0D','2027-03-01T07:00:00','2027-03-01T07:00:00','2027-08-17T07:00:00','2027-08-17T07:00:00','2027-07-15T07:00:00','2027-07-15T07:00:00','P0Y0M0D','P0Y0M-8D',.T.,$,$,$,$,$,0.0);
#216=IFCTASK('ohJPDHOP3zUN7pzFSfcDqZ',#6,'Handover inspection — House 6',$,$,'7.6',$,$,$,.T.,$,#215,.CONSTRUCTION.);
#217=IFCTASKTIME('Contractual project handover Time',.PREDICTED.,$,.WORKTIME.,'P0Y0M0D','2027-03-01T07:00:00','2027-03-01T07:00:00','2027-08-17T07:00:00','2027-08-17T07:00:00','2027-07-15T07:00:00','2027-07-15T07:00:00','P0Y0M-8D','P0Y0M-8D',.T.,$,$,$,$,$,0.0);
#218=IFCTASK('UZOlz7dttrvDuNynj5xHv5',#6,'Contractual project handover','Contractual completion date agreed with the client; the deadline deliberately falls before the earliest achievable date (negative total float).',$,'7.7',$,$,$,.T.,$,#217,.CONSTRUCTION.);
#219=IFCRELNESTS('T3KjjzLlBzG$GLsHaN_rW7',#6,'WBS 1. Site set-up',$,#44,( #46,#48,#50,#52));
#220=IFCRELNESTS('0Hnx_vXdTjqxhZZnIXXbHF',#6,'WBS 2. Foundations (shared)',$,#54,( #56,#58,#60,#62));
#221=IFCRELNESTS('xlhH1dg$E51TxR4nT3mNsP',#6,'WBS 3. Structural works per house',$,#64,( #66,#68,#70,#72,#74,#76,#78,#80,#82,#84,#86,#88,#90,#92,#94,#96,#98,#100,#102,#104,#106,#108,#110,#112,#114));
#222=IFCRELNESTS('g3lJlxNfQpe9vV1Xat_lfz',#6,'WBS 4. Building services',$,#116,( #118,#120,#122,#124,#126,#128,#130,#132,#134,#136,#138,#140,#142,#144,#146,#148,#150,#152));
#223=IFCRELNESTS('dVZfaJklTDu7Q3DHDdaBiV',#6,'WBS 5. Fit-out',$,#154,( #156,#158,#160,#162,#164,#166,#168,#170,#172,#174,#176,#178,#180,#182,#184,#186,#188,#190,#192,#194,#196,#198,#200,#202));
#224=IFCRELNESTS('nBP3Qjs$KNw1OVzl_NgZlr',#6,'WBS 6. Handover',$,#204,( #206,#208,#210,#212,#214,#216,#218));
#225=IFCRELNESTS('tjjP5r1vgdnD4TBHzDgTrv',#6,'WBS Hoofd',$,#38,(#42,#44,#54,#64,#116,#154,#204));
#226=IFCRELSEQUENCE('5FvZuJDFkXLH9rM$h7a3dh',#6,$,$,#42,#46,$,.FINISH_START.,$);
#227=IFCRELSEQUENCE('dbWfqbTHRB9zlZjnzJUFvf',#6,$,$,#46,#48,$,.FINISH_START.,$);
#228=IFCRELSEQUENCE('1H1rxFZ1w329ZhAl8znhAZ',#6,$,$,#48,#50,$,.FINISH_START.,$);
#229=IFCRELSEQUENCE('vnFx6P_FOv3voXRnWNszTN',#6,$,$,#50,#52,$,.FINISH_START.,$);
#230=IFCRELSEQUENCE('2FJd1dEH$LdjQlxn_9QvZt',#6,$,$,#52,#56,$,.FINISH_START.,$);
#231=IFCRELSEQUENCE('YXpdR51PFTQpy3v1pLVbdB',#6,$,$,#56,#58,$,.FINISH_START.,$);
#232=IFCLAGTIME('Lag',.PREDICTED.,$,IFCDURATION('P3D'),.ELAPSEDTIME.);
#233=IFCRELSEQUENCE('7HZNqdJFeFSJkFDFdHpPdP',#6,$,$,#58,#60,#232,.FINISH_START.,$);
#234=IFCRELSEQUENCE('J9C5_vP9zz29rv2ntdeV0f',#6,$,$,#60,#62,$,.FINISH_START.,$);
#235=IFCRELSEQUENCE('GtCDnnDV7NAHVH91WNERpn',#6,$,$,#66,#68,$,.FINISH_START.,$);
#236=IFCRELSEQUENCE('wr69o3RnQX29htWXLT3f2z',#6,$,$,#68,#70,$,.FINISH_START.,$);
#237=IFCRELSEQUENCE('zFrFppXdZjCZvj91ipYLcl',#6,$,$,#70,#72,$,.FINISH_START.,$);
#238=IFCRELSEQUENCE('T1$TOzJVFHWHnvglEnpPb$',#6,$,$,#74,#76,$,.FINISH_START.,$);
#239=IFCRELSEQUENCE('5HJPZ9rlpRrnzRu$AVz9ub',#6,$,$,#76,#78,$,.FINISH_START.,$);
#240=IFCRELSEQUENCE('HbJvPNHPL78frDt1fNUhwR',#6,$,$,#78,#80,$,.FINISH_START.,$);
#241=IFCRELSEQUENCE('zDQf8BGNAht3DTd1GHP5Xz',#6,$,$,#66,#74,$,.FINISH_START.,$);
#242=IFCRELSEQUENCE('YZe$YRkHPpIdaJTHy7qpyv',#6,$,$,#82,#84,$,.FINISH_START.,$);
#243=IFCRELSEQUENCE('kfG7v7tfqv0FLNynZT4h_Z',#6,$,$,#84,#86,$,.FINISH_START.,$);
#244=IFCRELSEQUENCE('fP0tUxgdzH0FttynTz07tp',#6,$,$,#86,#88,$,.FINISH_START.,$);
#245=IFCRELSEQUENCE('a$npZNNf4HptnJrnzp_BWd',#6,$,$,#74,#82,$,.FINISH_START.,$);
#246=IFCRELSEQUENCE('d5qDP5UfKfcXEVbn8Ba3v5',#6,$,$,#90,#92,$,.FINISH_START.,$);
#247=IFCRELSEQUENCE('jNWNCbJnu1EBmhwHPFdj2$',#6,$,$,#92,#94,$,.FINISH_START.,$);
#248=IFCRELSEQUENCE('LvyTe3z18f5VYzd$zFr1wX',#6,$,$,#94,#96,$,.FINISH_START.,$);
#249=IFCRELSEQUENCE('$ldzozT$6He9pZVXu3lryB',#6,$,$,#82,#90,$,.FINISH_START.,$);
#250=IFCRELSEQUENCE('1jEbSl091hFhkFTF_9oX0N',#6,$,$,#98,#100,$,.FINISH_START.,$);
#251=IFCRELSEQUENCE('0lHbaJYFkLR$yz9$GXvDij',#6,$,$,#100,#102,$,.FINISH_START.,$);
#252=IFCRELSEQUENCE('Mv4TapEtbrfTJ$jFb1dxlr',#6,$,$,#102,#104,$,.FINISH_START.,$);
#253=IFCRELSEQUENCE('JxvrlRB$m38v61xluBSBGn',#6,$,$,#90,#98,$,.FINISH_START.,$);
#254=IFCRELSEQUENCE('f7qDzdbVT1Y5ltmXoJcvT9',#6,$,$,#106,#108,$,.FINISH_START.,$);
#255=IFCRELSEQUENCE('ixFDNJr1GD29tfO$mVvDWv',#6,$,$,#108,#110,$,.FINISH_START.,$);
#256=IFCRELSEQUENCE('o7QNSjwVxx1ZrJDl$ZSBup',#6,$,$,#110,#112,$,.FINISH_START.,$);
#257=IFCRELSEQUENCE('6rEnbVJnCvGXEB61uByTRX',#6,$,$,#98,#106,$,.FINISH_START.,$);
#258=IFCRELSEQUENCE('9JxX8LCVPDcVoVLFn5z9i$',#6,$,$,#62,#66,$,.FINISH_START.,$);
#259=IFCRELSEQUENCE('pd2B3B0thpEvEBA1Xp6jQn',#6,$,$,#72,#114,$,.FINISH_START.,$);
#260=IFCRELSEQUENCE('_HdzshZ$6l8vo$71EpMTvf',#6,$,$,#80,#114,$,.FINISH_START.,$);
#261=IFCRELSEQUENCE('f37BhNmfon7h27Qltz7Dup',#6,$,$,#88,#114,$,.FINISH_START.,$);
#262=IFCRELSEQUENCE('fzHJxH9N6nSBy3VXUr3f6$',#6,$,$,#96,#114,$,.FINISH_START.,$);
#263=IFCRELSEQUENCE('sfcJ$zCXFFSBGhslOjl3dh',#6,$,$,#104,#114,$,.FINISH_START.,$);
#264=IFCRELSEQUENCE('W$7r7Pr$ipmXQFt$TXXbBT',#6,$,$,#112,#114,$,.FINISH_START.,$);
#265=IFCRELSEQUENCE('bRO$Y9jXR1Hr8N4nXltrKJ',#6,$,$,#72,#118,$,.FINISH_START.,$);
#266=IFCRELSEQUENCE('zJ_rpjRVJfBnFpv$s$P5dv',#6,$,$,#118,#120,$,.FINISH_START.,$);
#267=IFCLAGTIME('Lag',.PREDICTED.,$,IFCDURATION('-P1D'),.WORKTIME.);
#268=IFCRELSEQUENCE('b5qpj$ItzzAljX1V4hPjQn',#6,$,$,#120,#122,#267,.FINISH_START.,$);
#269=IFCRELSEQUENCE('Bpn5AlfNWx9bPlZlSRfL6x',#6,$,$,#80,#124,$,.FINISH_START.,$);
#270=IFCRELSEQUENCE('l51Zmv67AfhHPTf1RVZNER',#6,$,$,#124,#126,$,.FINISH_START.,$);
#271=IFCRELSEQUENCE('s96tEXoHFZ2RxFrlhPWdNV',#6,$,$,#126,#128,$,.FINISH_START.,$);
#272=IFCRELSEQUENCE('lRblZt5nSVJ7wXf$A5oR$f',#6,$,$,#88,#130,$,.FINISH_START.,$);
#273=IFCRELSEQUENCE('ylTN8LSHHjCxHNiHGnxH37',#6,$,$,#130,#132,$,.FINISH_START.,$);
#274=IFCRELSEQUENCE('RXJ7JZndDdXzp3pl1TqDyL',#6,$,$,#132,#134,$,.FINISH_START.,$);
#275=IFCRELSEQUENCE('fPe1MxF7wH0FnDFVfJd5pJ',#6,$,$,#96,#136,$,.FINISH_START.,$);
#276=IFCRELSEQUENCE('k9azMb5XJL9zXxu$oHdxNX',#6,$,$,#136,#138,$,.FINISH_START.,$);
#277=IFCRELSEQUENCE('MZ5nVDMPPvWHZt4nFNEb1t',#6,$,$,#138,#140,$,.FINISH_START.,$);
#278=IFCRELSEQUENCE('3FxVyzqnWxvhY3nXHvm98J',#6,$,$,#104,#142,$,.FINISH_START.,$);
#279=IFCRELSEQUENCE('tpFxMRpF6lWHBDP1C3GN6X',#6,$,$,#142,#144,$,.FINISH_START.,$);
#280=IFCRELSEQUENCE('$pIlnFJXnFibFjrn$$rFXZ',#6,$,$,#144,#146,$,.FINISH_START.,$);
#281=IFCRELSEQUENCE('0lnxYfP9PDAHl9WXPF$xTb',#6,$,$,#112,#148,$,.FINISH_START.,$);
#282=IFCRELSEQUENCE('j5HjR$fNUPCTDF9$1T4TF5',#6,$,$,#148,#150,$,.FINISH_START.,$);
#283=IFCRELSEQUENCE('BjTf8BmfifE7ARO$FRnZjT',#6,$,$,#150,#152,$,.FINISH_START.,$);
#284=IFCRELSEQUENCE('8Jp79VQXFnKbxnJFl7Wd1D',#6,$,$,#122,#156,$,.FINISH_START.,$);
#285=IFCRELSEQUENCE('gZZfup9futtzb1nVBNMZrd',#6,$,$,#156,#158,$,.FINISH_START.,$);
#286=IFCRELSEQUENCE('3ponnLT1IrdjoXrnnNEbLp',#6,$,$,#158,#160,$,.FINISH_START.,$);
#287=IFCLAGTIME('Lag',.PREDICTED.,$,IFCRATIOMEASURE(0.4),.WORKTIME.);
#288=IFCRELSEQUENCE('M7iJXDAPdJY5pH5FsXxHdL',#6,$,$,#160,#162,#287,.START_START.,$);
#289=IFCRELSEQUENCE('ErXhdxgdlDGVgBc$oJA9ub',#6,$,$,#128,#164,$,.FINISH_START.,$);
#290=IFCRELSEQUENCE('S3C5kDPtFF4LsbO$XJ2HLD',#6,$,$,#164,#166,$,.FINISH_START.,$);
#291=IFCRELSEQUENCE('ItS3ArffW5vL27EngHBFdd',#6,$,$,#166,#168,$,.FINISH_START.,$);
#292=IFCRELSEQUENCE('9f2B3L4$SVT9hfiFMrK5j3',#6,$,$,#168,#170,$,.FINISH_START.,$);
#293=IFCRELSEQUENCE('C9Mdbbr10hTth9WXPFPjYJ',#6,$,$,#134,#172,$,.FINISH_START.,$);
#294=IFCRELSEQUENCE('oLhlvLCVnnC5vJlXn5RnJZ',#6,$,$,#172,#174,$,.FINISH_START.,$);
#295=IFCRELSEQUENCE('CtcN4$c7WxtRV50XNjtBqF',#6,$,$,#174,#176,$,.FINISH_START.,$);
#296=IFCRELSEQUENCE('l5FDj12fYp6$0Zd$K1vb7b',#6,$,$,#176,#178,$,.FINISH_START.,$);
#297=IFCRELSEQUENCE('yFvZurOdzz293bu1Mh8F3L',#6,$,$,#140,#180,$,.FINISH_START.,$);
#298=IFCRELSEQUENCE('e395E$I9h7WHhTrH9zlBOr',#6,$,$,#180,#182,$,.FINISH_START.,$);
#299=IFCRELSEQUENCE('GtqxMXJn4Rp9nDN1FtEVmF',#6,$,$,#182,#184,$,.FINISH_START.,$);
#300=IFCRELSEQUENCE('R5Cxw3CXTDWl55u1prpPV3',#6,$,$,#184,#186,$,.FINISH_START.,$);
#301=IFCRELSEQUENCE('CfQjR1d9DbjftLAlK1NhgN',#6,$,$,#146,#188,$,.FINISH_START.,$);
#302=IFCRELSEQUENCE('P$NRapsPtBVbFD915L8FnR',#6,$,$,#188,#190,$,.FINISH_START.,$);
#303=IFCRELSEQUENCE('Bj5XyVg1IrfTthMH2Nkxhf',#6,$,$,#190,#192,$,.FINISH_START.,$);
#304=IFCRELSEQUENCE('7F1Bt$I95H51iVd1nbvRdL',#6,$,$,#192,#194,$,.FINISH_START.,$);
#305=IFCRELSEQUENCE('Jfm7PtbFsBDPGBUV3pIx1p',#6,$,$,#152,#196,$,.FINISH_START.,$);
#306=IFCRELSEQUENCE('fTDdFHv9XbBnfvwHXpMZpD',#6,$,$,#196,#198,$,.FINISH_START.,$);
#307=IFCRELSEQUENCE('hTj7flW9PJ_RVRinsRI$gj',#6,$,$,#198,#200,$,.FINISH_START.,$);
#308=IFCRELSEQUENCE('AJz9g1fNElRVI50VNphVGF',#6,$,$,#200,#202,$,.FINISH_START.,$);
#309=IFCRELSEQUENCE('S$Hjdf9NoRhHBJDltdmfIv',#6,$,$,#156,#164,$,.START_START.,$);
#310=IFCRELSEQUENCE('IN8F9$cv0LBnbXzlcvKxRX',#6,$,$,#162,#206,$,.FINISH_START.,$);
#311=IFCRELSEQUENCE('eR8nZb6VdvmVMNu1glb$2T',#6,$,$,#160,#206,$,.FINISH_START.,$);
#312=IFCRELSEQUENCE('0FBF9$w7Yv8v2Dd1q3u1w5',#6,$,$,#170,#208,$,.FINISH_START.,$);
#313=IFCRELSEQUENCE('KvS3EXUnon1Zrjjlv5_BmF',#6,$,$,#168,#208,$,.FINISH_START.,$);
#314=IFCRELSEQUENCE('BNYhbRRV5Rz7kx0X7b_lfz',#6,$,$,#178,#210,$,.FINISH_START.,$);
#315=IFCRELSEQUENCE('6Fn5c9Kn2zWlRhUFhdm9mX',#6,$,$,#176,#210,$,.FINISH_START.,$);
#316=IFCRELSEQUENCE('ovU$IJjFCzQV6DrlR1PxXZ',#6,$,$,#186,#212,$,.FINISH_START.,$);
#317=IFCRELSEQUENCE('1DY16PwXhpYNPZFVHP4LUp',#6,$,$,#184,#212,$,.FINISH_START.,$);
#318=IFCRELSEQUENCE('UXZN4Vs$arJ72pXX4Pmt4B',#6,$,$,#194,#214,$,.FINISH_START.,$);
#319=IFCRELSEQUENCE('N3vrHRB1KJi3r7_FHBLlll',#6,$,$,#192,#214,$,.FINISH_START.,$);
#320=IFCRELSEQUENCE('yDAvhfOd9B7DGrw$uzlBmF',#6,$,$,#202,#216,$,.FINISH_START.,$);
#321=IFCRELSEQUENCE('yHb1Ina1_fMFD3xnAbcvr3',#6,$,$,#200,#216,$,.FINISH_START.,$);
#322=IFCRELSEQUENCE('BjTfaDwvoHBFdnnXT3eHFV',#6,$,$,#206,#218,$,.FINISH_START.,$);
#323=IFCRELSEQUENCE('YTWfC7H7OnaBaJDlBjVpyP',#6,$,$,#208,#218,$,.FINISH_START.,$);
#324=IFCRELSEQUENCE('md_rjzT1ALtzhNynJRnTpj',#6,$,$,#210,#218,$,.FINISH_START.,$);
#325=IFCRELSEQUENCE('cxKRO3bFgPlJIH$X8LelV7',#6,$,$,#212,#218,$,.FINISH_START.,$);
#326=IFCRELSEQUENCE('OxShPR2nmzWHrJzlsVpdDJ',#6,$,$,#214,#218,$,.FINISH_START.,$);
#327=IFCRELSEQUENCE('RxqDl1l7iNovA7gl29k$Ql',#6,$,$,#216,#218,$,.FINISH_START.,$);
#328=IFCCREWRESOURCE('G9iRqvd9vZK33Re$axLX8R',#6,'Masonry crew','Overarching masonry crew (moves from house to house)',$,$,$,$,.USERDEFINED.);
#329=IFCLABORRESOURCE('8jBnFBff8$IhYt0XRXLXeB',#6,'Bricklayers',$,$,$,$,$,.USERDEFINED.);
#330=IFCLABORRESOURCE('l5lJhtincjqx$V5Fs52BuR',#6,'Carpenters',$,$,$,$,$,.USERDEFINED.);
#331=IFCLABORRESOURCE('MdWN41ktVdV3Ndw1uTpPdv',#6,'MEP fitters',$,$,$,$,$,.USERDEFINED.);
#332=IFCLABORRESOURCE('1pAvXJUnEbx$SjJlTZqbJ1',#6,'Plasterers',$,$,$,$,$,.USERDEFINED.);
#333=IFCLABORRESOURCE('fzdLXfW9XvbXAdUVPryh65',#6,'Painters',$,$,$,$,$,.USERDEFINED.);
#334=IFCCONSTRUCTIONMATERIALRESOURCE('NTRHDHOd5lzv2P61C3OXWv',#6,'Concrete C20/25',$,$,$,$,$,.USERDEFINED.);
#335=IFCPROPERTYSINGLEVALUE('MaxUnits',$,IFCREAL(6),$);
#336=IFCPROPERTYSINGLEVALUE('CostPerHour',$,IFCMONETARYMEASURE(46),$);
#337=IFCPROPERTYSINGLEVALUE('ParentGuid',$,IFCTEXT('G9iRqvd9vZK33Re$axLX8R'),$);
#338=IFCPROPERTYSET('q9Y$MxPtZpWlvDRlAXztKj',#6,'OPS_Resource',$,(#335,#336,#337));
#339=IFCRELDEFINESBYPROPERTIES('Dr$B9$E9LJsT7Dxl47SBS5',#6,$,$,(#329),#338);
#340=IFCPROPERTYSINGLEVALUE('MaxUnits',$,IFCREAL(2),$);
#341=IFCPROPERTYSINGLEVALUE('CostPerHour',$,IFCMONETARYMEASURE(45),$);
#342=IFCPROPERTYSET('RRe$ozRFYv8vQnFX3pQpOZ',#6,'OPS_Resource',$,(#340,#341));
#343=IFCRELDEFINESBYPROPERTIES('qtMd$dYnYDw$yN8$k3GfQl',#6,$,$,(#330),#342);
#344=IFCPROPERTYSINGLEVALUE('MaxUnits',$,IFCREAL(4),$);
#345=IFCPROPERTYSINGLEVALUE('CostPerHour',$,IFCMONETARYMEASURE(48),$);
#346=IFCPROPERTYSET('2npvflGNYp_9t9CFSfoRdr',#6,'OPS_Resource',$,(#344,#345));
#347=IFCRELDEFINESBYPROPERTIES('b5iRKtBlrf610ZnVXnLVeZ',#6,$,$,(#331),#346);
#348=IFCPROPERTYSINGLEVALUE('MaxUnits',$,IFCREAL(2),$);
#349=IFCPROPERTYSINGLEVALUE('CostPerHour',$,IFCMONETARYMEASURE(42),$);
#350=IFCPROPERTYSET('LztxMxVdfxvLohAlSx5HdB',#6,'OPS_Resource',$,(#348,#349));
#351=IFCRELDEFINESBYPROPERTIES('yH5Vy$Qv4HTPyN0VzpsznX',#6,$,$,(#332),#350);
#352=IFCPROPERTYSINGLEVALUE('MaxUnits',$,IFCREAL(8),$);
#353=IFCPROPERTYSINGLEVALUE('CostPerHour',$,IFCMONETARYMEASURE(38),$);
#354=IFCPROPERTYSET('LPuVORYFs9vDixWXDv0vHl',#6,'OPS_Resource',$,(#352,#353));
#355=IFCRELDEFINESBYPROPERTIES('kxdh$dQVD5FDClRFyP8nrP',#6,$,$,(#333),#354);
#356=IFCPROPERTYSINGLEVALUE('MaxUnits',$,IFCREAL(999),$);
#357=IFCPROPERTYSINGLEVALUE('UnitOfMeasure',$,IFCLABEL('m³'),$);
#358=IFCPROPERTYSET('hv4ZCbL1stfTTNWXnbnTpD',#6,'OPS_Resource',$,(#356,#357));
#359=IFCRELDEFINESBYPROPERTIES('IbpdBT0t7twj_dc1wtAtmV',#6,$,$,(#334),#358);
#360=IFCRELNESTS('M7yZW1$Plpe97Vt$ORQ7BZ',#6,'Ploeg Masonry crew',$,#328,(#329));
#361=IFCTIMEPERIOD('07:00:00','16:00:00');
#362=IFCRECURRENCEPATTERN(.WEEKLY.,$,(1,2,3,4),$,$,$,$,(#361));
#363=IFCWORKTIME('Standard work week',.PREDICTED.,$,#362,$,$);
#364=IFCWORKTIME('New Year''s Day',.PREDICTED.,$,$,'2027-01-01','2027-01-01');
#365=IFCWORKTIME('Good Friday',.PREDICTED.,$,$,'2027-03-26','2027-03-26');
#366=IFCWORKTIME('Easter',.PREDICTED.,$,$,'2027-03-28','2027-03-29');
#367=IFCWORKTIME('King''s Day',.PREDICTED.,$,$,'2027-04-27','2027-04-27');
#368=IFCWORKTIME('Liberation Day',.PREDICTED.,$,$,'2027-05-05','2027-05-05');
#369=IFCWORKTIME('Ascension Day',.PREDICTED.,$,$,'2027-05-06','2027-05-06');
#370=IFCWORKTIME('Whitsun',.PREDICTED.,$,$,'2027-05-16','2027-05-17');
#371=IFCWORKTIME('Christmas',.PREDICTED.,$,$,'2027-12-25','2027-12-26');
#372=IFCWORKTIME('Construction holiday (northern region)',.PREDICTED.,$,$,'2027-07-26','2027-08-15');
#373=IFCWORKTIME('New Year''s Day',.PREDICTED.,$,$,'2028-01-01','2028-01-01');
#374=IFCWORKTIME('Good Friday',.PREDICTED.,$,$,'2028-04-14','2028-04-14');
#375=IFCWORKTIME('Easter',.PREDICTED.,$,$,'2028-04-16','2028-04-17');
#376=IFCWORKTIME('King''s Day',.PREDICTED.,$,$,'2028-04-27','2028-04-27');
#377=IFCWORKTIME('Liberation Day',.PREDICTED.,$,$,'2028-05-05','2028-05-05');
#378=IFCWORKTIME('Ascension Day',.PREDICTED.,$,$,'2028-05-25','2028-05-25');
#379=IFCWORKTIME('Whitsun',.PREDICTED.,$,$,'2028-06-04','2028-06-05');
#380=IFCWORKTIME('Christmas',.PREDICTED.,$,$,'2028-12-25','2028-12-26');
#381=IFCWORKTIME('Construction holiday (northern region)',.PREDICTED.,$,$,'2028-07-24','2028-08-13');
#382=IFCWORKCALENDAR('FPI5M$tfif_9bVbn4Pu$MJ',#6,'Masonry crew, 4-day week','Mon-Thu',$,(#363),(#364,#365,#366,#367,#368,#369,#370,#371,#372,#373,#374,#375,#376,#377,#378,#379,#380,#381),.FIRSTSHIFT.);
#383=IFCRELASSIGNSTOCONTROL('b1V3kjh$6zYfBjJHLP077R',#6,$,$,(#328),$,#382);
#384=IFCRELASSIGNSTOPROCESS('stQNapo9LDAHh3nXfJ9BmH',#6,$,$,(#334),$,#58,$);
#385=IFCRELASSIGNSTOPROCESS('QVJ7H5ffA9$59LAH47aBy7',#6,$,$,(#334),$,#60,$);
#386=IFCRELASSIGNSTOPROCESS('gZrXqdB1evjNvJf1MH5XWd',#6,$,$,(#329),$,#66,$);
#387=IFCRELASSIGNSTOPROCESS('bRO$EZff4n$ZnPM1tT5XqZ',#6,$,$,(#329),$,#70,$);
#388=IFCRELASSIGNSTOPROCESS('wBIHxhxnyxFpajhnPnXbxr',#6,$,$,(#330),$,#72,$);
#389=IFCRELASSIGNSTOPROCESS('UzS3oZfN4l5$iRqnKVbFXT',#6,$,$,(#329),$,#74,$);
#390=IFCRELASSIGNSTOPROCESS('azaLxBNN8tPJI58$Z3WdB7',#6,$,$,(#329),$,#78,$);
#391=IFCRELASSIGNSTOPROCESS('H9iRqvvtVRhlrjLnZ$5XOL',#6,$,$,(#330),$,#80,$);
#392=IFCRELASSIGNSTOPROCESS('uh_BdNV7Onyp4NO$WNA3LJ',#6,$,$,(#329),$,#82,$);
#393=IFCRELASSIGNSTOPROCESS('pdcJ13iVRBdj2jjH5lZtK1',#6,$,$,(#329),$,#86,$);
#394=IFCRELASSIGNSTOPROCESS('bbGP3vP9hvGVAdc$A$dxR$',#6,$,$,(#330),$,#88,$);
#395=IFCRELASSIGNSTOPROCESS('D72VSnKnwF4punhHBjFT5H',#6,$,$,(#329),$,#90,$);
#396=IFCRELASSIGNSTOPROCESS('ItqxABX74Hp9LNSnnbFZTR',#6,$,$,(#329),$,#94,$);
#397=IFCRELASSIGNSTOPROCESS('HNeHbR3HZDet$h_FJ9oV8J',#6,$,$,(#330),$,#96,$);
#398=IFCRELASSIGNSTOPROCESS('jxvrtV_nKpmXc3ZlSRFZxl',#6,$,$,(#329),$,#98,$);
#399=IFCRELASSIGNSTOPROCESS('2p6toZXvu16jMNWVlBLlXP',#6,$,$,(#329),$,#102,$);
#400=IFCRELASSIGNSTOPROCESS('VZ0tQfmf45Fpi5812fQDOZ',#6,$,$,(#330),$,#104,$);
#401=IFCRELASSIGNSTOPROCESS('T1HJzL4lrNEvIFLHPndjsT',#6,$,$,(#329),$,#106,$);
#402=IFCRELASSIGNSTOPROCESS('EdERKf$v2NQVcl3HUP4L21',#6,$,$,(#329),$,#110,$);
#403=IFCRELASSIGNSTOPROCESS('sN6DpniFU7WHBjRFKX5HV7',#6,$,$,(#330),$,#112,$);
#404=IFCRELASSIGNSTOPROCESS('m7Y$AhRnU7ufNbe$rJtBm1',#6,$,$,(#331),$,#118,$);
#405=IFCRELASSIGNSTOPROCESS('cbe1wdUFExV3Lte1KDYhMp',#6,$,$,(#331),$,#120,$);
#406=IFCRELASSIGNSTOPROCESS('mf0twTuPXxljEL2Fftcvzd',#6,$,$,(#331),$,#124,$);
#407=IFCRELASSIGNSTOPROCESS('2JIxg5NNABBFHz1VC3Gfwx',#6,$,$,(#331),$,#126,$);
#408=IFCRELASSIGNSTOPROCESS('nL3tsnz1ed$T3PIXQvqpCF',#6,$,$,(#331),$,#130,$);
#409=IFCRELASSIGNSTOPROCESS('l94ZqdbXbhzfLTZFoHHzDF',#6,$,$,(#331),$,#132,$);
#410=IFCRELASSIGNSTOPROCESS('FhR1Q9KXdvePmRWVXJEVOZ',#6,$,$,(#331),$,#136,$);
#411=IFCRELASSIGNSTOPROCESS('AtY$oXIlPD29Jjd1$ZqblF',#6,$,$,(#331),$,#138,$);
#412=IFCRELASSIGNSTOPROCESS('FdYLR5HvelGXsPUXNjXp8J',#6,$,$,(#331),$,#142,$);
#413=IFCRELASSIGNSTOPROCESS('K5vrzhy14Hx1i$rl5FFhIL',#6,$,$,(#331),$,#144,$);
#414=IFCRELASSIGNSTOPROCESS('d$fbyVYnERZPuFJnDhfTpp',#6,$,$,(#331),$,#148,$);
#415=IFCRELASSIGNSTOPROCESS('l5txslX7mZaJQHDlXJMN_1',#6,$,$,(#331),$,#150,$);
#416=IFCRELASSIGNSTOPROCESS('IfGPbRRX3FypiXFXxlpPlh',#6,$,$,(#332),$,#156,$);
#417=IFCRELASSIGNSTOPROCESS('AD7TGvUN8fxXwXP19vKj21',#6,$,$,(#333),$,#162,$);
#418=IFCRELASSIGNSTOPROCESS('gduFPNtNcD0Fh90X9TLH19',#6,$,$,(#332),$,#164,$);
#419=IFCRELASSIGNSTOPROCESS('xljPzvtfGD6$Kxe$CFPjo5',#6,$,$,(#333),$,#170,$);
#420=IFCRELASSIGNSTOPROCESS('H9iJ5lndFTAZ3vIFuhG9OB',#6,$,$,(#332),$,#172,$);
#421=IFCRELASSIGNSTOPROCESS('0n39IDlvC3cVAbO$8Ba3V7',#6,$,$,(#333),$,#178,$);
#422=IFCRELASSIGNSTOPROCESS('FdwDJXwV1h93XbSnhZBnLt',#6,$,$,(#332),$,#180,$);
#423=IFCRELASSIGNSTOPROCESS('8BIHRbh$EnnDqlBFvbEXCl',#6,$,$,(#333),$,#186,$);
#424=IFCRELASSIGNSTOPROCESS('kxnpt3xnGJ6jMNu$oHPx1J',#6,$,$,(#332),$,#188,$);
#425=IFCRELASSIGNSTOPROCESS('Bf_B1T87wTErOPYXHPCD4L',#6,$,$,(#333),$,#194,$);
#426=IFCRELASSIGNSTOPROCESS('FPkxgxn7YD_t$LMloF39Kp',#6,$,$,(#332),$,#196,$);
#427=IFCRELASSIGNSTOPROCESS('IxNbihLHflZdy3nX9zXR75',#6,$,$,(#333),$,#202,$);
#428=IFCPROPERTYSINGLEVALUE('NTRHDHOd5lzv2P61C3OXWv#0',$,IFCTEXT('60|FRONT_LOADED'),$);
#429=IFCPROPERTYSET('XzqpV9qF4H37oVDldljv1f',#6,'OPS_Assignments',$,(#428));
#430=IFCRELDEFINESBYPROPERTIES('Q1HJjTtfAfJvIlnXdLGNcF',#6,$,$,(#58),#429);
#431=IFCPROPERTYSINGLEVALUE('NTRHDHOd5lzv2P61C3OXWv#0',$,IFCTEXT('50|FRONT_LOADED'),$);
#432=IFCPROPERTYSET('FhxV0ld9lVAHRLAHWtYFTx',#6,'OPS_Assignments',$,(#431));
#433=IFCRELDEFINESBYPROPERTIES('gPO1g$F7oFN5rJRFabVpWv',#6,$,$,(#60),#432);
#434=IFCPROPERTYSINGLEVALUE('8jBnFBff8$IhYt0XRXLXeB#0',$,IFCTEXT('2|UNIFORM'),$);
#435=IFCPROPERTYSET('jNWf0l1729IhELwlvVzt8p',#6,'OPS_Assignments',$,(#434));
#436=IFCRELDEFINESBYPROPERTIES('cRWfSnqFmD610TP1K1VDyP',#6,$,$,(#66),#435);
#437=IFCPROPERTYSINGLEVALUE('8jBnFBff8$IhYt0XRXLXeB#0',$,IFCTEXT('2|UNIFORM'),$);
#438=IFCPROPERTYSET('4l3tsHldJh7D8lN$IXnLMf',#6,'OPS_Assignments',$,(#437));
#439=IFCRELDEFINESBYPROPERTIES('rJ39w3a$UvGVMBIVITyZnR',#6,$,$,(#70),#438);
#440=IFCPROPERTYSINGLEVALUE('l5lJhtincjqx$V5Fs52BuR#0',$,IFCTEXT('2|UNIFORM'),$);
#441=IFCPROPERTYSET('TVrVihLlT$_bb1XV4d07DH',#6,'OPS_Assignments',$,(#440));
#442=IFCRELDEFINESBYPROPERTIES('M3dL37lvShtzrvwldHb$6$',#6,$,$,(#72),#441);
#443=IFCPROPERTYSINGLEVALUE('8jBnFBff8$IhYt0XRXLXeB#0',$,IFCTEXT('2|UNIFORM'),$);
#444=IFCPROPERTYSET('vnF5_B0t55VzXxGXWtQvf3',#6,'OPS_Assignments',$,(#443));
#445=IFCRELDEFINESBYPROPERTIES('ornxg5dtpRjN$$t$DPyTDD',#6,$,$,(#74),#444);
#446=IFCPROPERTYSINGLEVALUE('8jBnFBff8$IhYt0XRXLXeB#0',$,IFCTEXT('2|UNIFORM'),$);
#447=IFCPROPERTYSET('5FvZ4VIHhPKR9tSlj9A9WP',#6,'OPS_Assignments',$,(#446));
#448=IFCRELDEFINESBYPROPERTIES('qrvZGN0955X3$hQltzXR37',#6,$,$,(#78),#447);
#449=IFCPROPERTYSINGLEVALUE('l5lJhtincjqx$V5Fs52BuR#0',$,IFCTEXT('2|UNIFORM'),$);
#450=IFCPROPERTYSET('6h2BzrGfO7rn9tSnVJwP3h',#6,'OPS_Assignments',$,(#449));
#451=IFCRELDEFINESBYPROPERTIES('1HNj3La$oxdBCFP1mnLXCl',#6,$,$,(#80),#450);
#452=IFCPROPERTYSINGLEVALUE('8jBnFBff8$IhYt0XRXLXeB#0',$,IFCTEXT('2|UNIFORM'),$);
#453=IFCPROPERTYSET('V$1ZSH0tHjSredc1EJk1kv',#6,'OPS_Assignments',$,(#452));
#454=IFCRELDEFINESBYPROPERTIES('OZpdhpYfifo7_PUVPBKj2$',#6,$,$,(#82),#453);
#455=IFCPROPERTYSINGLEVALUE('8jBnFBff8$IhYt0XRXLXeB#0',$,IFCTEXT('2|UNIFORM'),$);
#456=IFCPROPERTYSET('azqpFl$v6FKRN72FLZZtyL',#6,'OPS_Assignments',$,(#455));
#457=IFCRELDEFINESBYPROPERTIES('TVxFxnDVP7WlbLoFoJ_HVP',#6,$,$,(#86),#456);
#458=IFCPROPERTYSINGLEVALUE('l5lJhtincjqx$V5Fs52BuR#0',$,IFCTEXT('2|UNIFORM'),$);
#459=IFCPROPERTYSET('4l5VSJ2FGpUNvJ$XCHjvLp',#6,'OPS_Assignments',$,(#458));
#460=IFCRELDEFINESBYPROPERTIES('rJ5XW$fNsLvDqnt1HrzNsv',#6,$,$,(#88),#459);
#461=IFCPROPERTYSINGLEVALUE('8jBnFBff8$IhYt0XRXLXeB#0',$,IFCTEXT('2|UNIFORM'),$);
#462=IFCPROPERTYSET('aZ0tAnLH3HGXsbO1OjPxj3',#6,'OPS_Assignments',$,(#461));
#463=IFCRELDEFINESBYPROPERTIES('Z$fbKL5nufxXE1HVFRtrKV',#6,$,$,(#90),#462);
#464=IFCPROPERTYSINGLEVALUE('8jBnFBff8$IhYt0XRXLXeB#0',$,IFCTEXT('2|UNIFORM'),$);
#465=IFCPROPERTYSET('5rEnlRxVDxljg9Kl8rqp4v',#6,'OPS_Assignments',$,(#464));
#466=IFCRELDEFINESBYPROPERTIES('_l9pZtz$8fR$qrIXEp_r8J',#6,$,$,(#94),#465);
#467=IFCPROPERTYSINGLEVALUE('l5lJhtincjqx$V5Fs52BuR#0',$,IFCTEXT('2|UNIFORM'),$);
#468=IFCPROPERTYSET('6rs7$TWtpRrFv$rlxlj75L',#6,'OPS_Assignments',$,(#467));
#469=IFCRELDEFINESBYPROPERTIES('$njdhpwvM7zvML6lXDI5tn',#6,$,$,(#96),#468);
#470=IFCPROPERTYSINGLEVALUE('8jBnFBff8$IhYt0XRXLXeB#0',$,IFCTEXT('2|UNIFORM'),$);
#471=IFCPROPERTYSET('gPO$MRDFwTU5LTTFwj9rOh',#6,'OPS_Assignments',$,(#470));
#472=IFCRELDEFINESBYPROPERTIES('ZTGvxHXvqvG1ajzHwjdxHr',#6,$,$,(#98),#471);
#473=IFCPROPERTYSINGLEVALUE('8jBnFBff8$IhYt0XRXLXeB#0',$,IFCTEXT('2|UNIFORM'),$);
#474=IFCPROPERTYSET('dXpdDnylB9Ih_PM1t3lBmV',#6,'OPS_Assignments',$,(#473));
#475=IFCRELDEFINESBYPROPERTIES('k5FDvrevO7TdKRqHIZa3n$',#6,$,$,(#102),#474);
#476=IFCPROPERTYSINGLEVALUE('l5lJhtincjqx$V5Fs52BuR#0',$,IFCTEXT('2|UNIFORM'),$);
#477=IFCPROPERTYSET('uJhHDnKnQjSj2doV8ThHpH',#6,'OPS_Assignments',$,(#476));
#478=IFCRELDEFINESBYPROPERTIES('nLLll1tN89nhQzjHZ3eV4L',#6,$,$,(#104),#477);
#479=IFCPROPERTYSINGLEVALUE('8jBnFBff8$IhYt0XRXLXeB#0',$,IFCTEXT('2|UNIFORM'),$);
#480=IFCPROPERTYSET('CLjP1v_fALVRhNKFMHzfId',#6,'OPS_Assignments',$,(#479));
#481=IFCRELDEFINESBYPROPERTIES('jfmvHRr1aL93BdkXsX3tWv',#6,$,$,(#106),#480);
#482=IFCPROPERTYSINGLEVALUE('8jBnFBff8$IhYt0XRXLXeB#0',$,IFCTEXT('2|UNIFORM'),$);
#483=IFCPROPERTYSET('Rb09cfe7GTKzvXXXsVRnxF',#6,'OPS_Assignments',$,(#482));
#484=IFCRELDEFINESBYPROPERTIES('YXTfqP5XlVId0zjHrfkxN$',#6,$,$,(#110),#483);
#485=IFCPROPERTYSINGLEVALUE('l5lJhtincjqx$V5Fs52BuR#0',$,IFCTEXT('2|UNIFORM'),$);
#486=IFCPROPERTYSET('XT8VyVIlHX2999KnojMfYF',#6,'OPS_Assignments',$,(#485));
#487=IFCRELDEFINESBYPROPERTIES('QXL$sFhH7N_tlz1X8rCb7R',#6,$,$,(#112),#486);
#488=IFCPROPERTYSINGLEVALUE('MdWN41ktVdV3Ndw1uTpPdv#0',$,IFCTEXT('1|UNIFORM'),$);
#489=IFCPROPERTYSET('d5ibqRTHr3ufd33HkVPJkv',#6,'OPS_Assignments',$,(#488));
#490=IFCRELDEFINESBYPROPERTIES('W$t5_rWthdCTJVXVMBCb$t',#6,$,$,(#118),#489);
#491=IFCPROPERTYSINGLEVALUE('MdWN41ktVdV3Ndw1uTpPdv#0',$,IFCTEXT('1|UNIFORM'),$);
#492=IFCPROPERTYSET('3Fz9gVbXpvDttNu111hH$N',#6,'OPS_Assignments',$,(#491));
#493=IFCRELDEFINESBYPROPERTIES('AJ3to$k9l$U5XFDnXD2rm$',#6,$,$,(#120),#492);
#494=IFCPROPERTYSINGLEVALUE('MdWN41ktVdV3Ndw1uTpPdv#0',$,IFCTEXT('1|UNIFORM'),$);
#495=IFCPROPERTYSET('vhYh9TldXddrG5SHF5r$wX',#6,'OPS_Assignments',$,(#494));
#496=IFCRELDEFINESBYPROPERTIES('0nhHZtDXZXIdSp91znLXWv',#6,$,$,(#124),#495);
#497=IFCPROPERTYSINGLEVALUE('MdWN41ktVdV3Ndw1uTpPdv#0',$,IFCTEXT('1|UNIFORM'),$);
#498=IFCPROPERTYSET('d$dhtZFd5b51aDHV1ZKxXZ',#6,'OPS_Assignments',$,(#497));
#499=IFCRELDEFINESBYPROPERTIES('IbpdzdJnSX5X_jxFA5QDGl',#6,$,$,(#126),#498);
#500=IFCPROPERTYSINGLEVALUE('MdWN41ktVdV3Ndw1uTpPdv#0',$,IFCTEXT('1|UNIFORM'),$);
#501=IFCPROPERTYSET('urIHNDVPH$khIRSl1Z4Ztl',#6,'OPS_Assignments',$,(#500));
#502=IFCRELDEFINESBYPROPERTIES('$Jk5kludPPajMtSHnxB$6b',#6,$,$,(#130),#501);
#503=IFCPROPERTYSINGLEVALUE('MdWN41ktVdV3Ndw1uTpPdv#0',$,IFCTEXT('1|UNIFORM'),$);
#504=IFCPROPERTYSET('wL6DvLKnc$2blZblA1tB8D',#6,'OPS_Assignments',$,(#503));
#505=IFCRELDEFINESBYPROPERTIES('1HlRy$gPzFqTPTXViJEVyr',#6,$,$,(#132),#504);
#506=IFCPROPERTYSINGLEVALUE('MdWN41ktVdV3Ndw1uTpPdv#0',$,IFCTEXT('1|UNIFORM'),$);
#507=IFCPROPERTYSET('8B6tY5Q78XIdqLgHw9styB',#6,'OPS_Assignments',$,(#506));
#508=IFCRELDEFINESBYPROPERTIES('$Jgz_dDFYdyDWDDnffQDe3',#6,$,$,(#136),#507);
#509=IFCPROPERTYSINGLEVALUE('MdWN41ktVdV3Ndw1uTpPdv#0',$,IFCTEXT('1|UNIFORM'),$);
#510=IFCPROPERTYSET('V3iby$o9lpm1qFf$3jYn7t',#6,'OPS_Assignments',$,(#509));
#511=IFCRELDEFINESBYPROPERTIES('c$95Qf8vElbXwDRH_N6j_z',#6,$,$,(#138),#510);
#512=IFCPROPERTYSINGLEVALUE('MdWN41ktVdV3Ndw1uTpPdv#0',$,IFCTEXT('1|UNIFORM'),$);
#513=IFCPROPERTYSET('c54rTRkHxHrnNPM$rt2Htp',#6,'OPS_Assignments',$,(#512));
#514=IFCRELDEFINESBYPROPERTIES('XVDPXtinUve9h9e$uh07n1',#6,$,$,(#142),#513);
#515=IFCPROPERTYSINGLEVALUE('MdWN41ktVdV3Ndw1uTpPdv#0',$,IFCTEXT('1|UNIFORM'),$);
#516=IFCPROPERTYSET('h7SzEzrHdJoBqlhFNt_l$9',#6,'OPS_Assignments',$,(#515));
#517=IFCRELDEFINESBYPROPERTIES('SzS3QDYNWbTPmxKlWNI5b$',#6,$,$,(#144),#516);
#518=IFCPROPERTYSINGLEVALUE('MdWN41ktVdV3Ndw1uTpPdv#0',$,IFCTEXT('1|UNIFORM'),$);
#519=IFCPROPERTYSET('mfunZxMP3l87EX5FwDRnDj',#6,'OPS_Assignments',$,(#518));
#520=IFCRELDEFINESBYPROPERTIES('NPunNnalxRRXQ3ZHWfI5Zb',#6,$,$,(#148),#519);
#521=IFCPROPERTYSINGLEVALUE('MdWN41ktVdV3Ndw1uTpPdv#0',$,IFCTEXT('1|UNIFORM'),$);
#522=IFCPROPERTYSET('eReHfJ5Vf5HjU9O18r4TxH',#6,'OPS_Assignments',$,(#521));
#523=IFCRELDEFINESBYPROPERTIES('XTOlpHmfWxHJgrQ1_tMNAP',#6,$,$,(#150),#522);
#524=IFCPROPERTYSINGLEVALUE('1pAvXJUnEbx$SjJlTZqbJ1#0',$,IFCTEXT('2|UNIFORM'),$);
#525=IFCPROPERTYSET('5hoRaFCVxlBFJjt$Wtk123',#6,'OPS_Assignments',$,(#524));
#526=IFCRELDEFINESBYPROPERTIES('_F5VGtSlt17pe7wlLTxVOz',#6,$,$,(#156),#525);
#527=IFCPROPERTYSINGLEVALUE('fzdLXfW9XvbXAdUVPryh65#0',$,IFCTEXT('2|BACK_LOADED'),$);
#528=IFCPROPERTYSET('D7cNSl0t7toBed2Vp7m9Sb',#6,'OPS_Assignments',$,(#527));
#529=IFCRELDEFINESBYPROPERTIES('wLQJxnZ1k1FLs54HdL0vlH',#6,$,$,(#162),#528);
#530=IFCPROPERTYSINGLEVALUE('1pAvXJUnEbx$SjJlTZqbJ1#0',$,IFCTEXT('2|UNIFORM'),$);
#531=IFCPROPERTYSET('$Jwpl$tfWRbVA5KFk$b$cr',#6,'OPS_Assignments',$,(#530));
#532=IFCRELDEFINESBYPROPERTIES('6lD7b1F7At93v1TngF93n$',#6,$,$,(#164),#531);
#533=IFCPROPERTYSINGLEVALUE('fzdLXfW9XvbXAdUVPryh65#0',$,IFCTEXT('2|FRONT_LOADED'),$);
#534=IFCPROPERTYSET('kxXzQf8P1hXRpT9$tP81w5',#6,'OPS_Assignments',$,(#533));
#535=IFCRELDEFINESBYPROPERTIES('rNUhjXIH9hrnFp$V69c7hD',#6,$,$,(#170),#534);
#536=IFCPROPERTYSINGLEVALUE('1pAvXJUnEbx$SjJlTZqbJ1#0',$,IFCTEXT('2|UNIFORM'),$);
#537=IFCPROPERTYSET('6LsTO567ABR$4zFVZzu1MD',#6,'OPS_Assignments',$,(#536));
#538=IFCRELDEFINESBYPROPERTIES('$H$rfn4$m3G$WJlVNNs37b',#6,$,$,(#172),#537);
#539=IFCPROPERTYSINGLEVALUE('fzdLXfW9XvbXAdUVPryh65#0',$,IFCTEXT('2|UNIFORM'),$);
#540=IFCPROPERTYSET('fZxFBdEltXzNHNinkVNTlh',#6,'OPS_Assignments',$,(#539));
#541=IFCRELDEFINESBYPROPERTIES('GvIlpFKnMdlj27Mlwfk5Fb',#6,$,$,(#178),#540);
#542=IFCPROPERTYSINGLEVALUE('1pAvXJUnEbx$SjJlTZqbJ1#0',$,IFCTEXT('2|UNIFORM'),$);
#543=IFCPROPERTYSET('c5iJ1Tmf2t6Jo1$XA$9rux',#6,'OPS_Assignments',$,(#542));
#544=IFCRELDEFINESBYPROPERTIES('XVRlRxPtTpuvwDpnXjUnpj',#6,$,$,(#180),#543);
#545=IFCPROPERTYSINGLEVALUE('fzdLXfW9XvbXAdUVPryh65#0',$,IFCTEXT('2|BACK_LOADED'),$);
#546=IFCPROPERTYSET('VXDdNjL$wnCT9B6$StEVub',#6,'OPS_Assignments',$,(#545));
#547=IFCRELDEFINESBYPROPERTIES('e3PhZffNm3etZhwlXDgZP7',#6,$,$,(#186),#546);
#548=IFCPROPERTYSINGLEVALUE('1pAvXJUnEbx$SjJlTZqbJ1#0',$,IFCTEXT('2|UNIFORM'),$);
#549=IFCPROPERTYSET('f7SLpH09$BhHTtSldFHryr',#6,'OPS_Assignments',$,(#548));
#550=IFCRELDEFINESBYPROPERTIES('Y3aLPRYFIXpdeXLnb5AzF$',#6,$,$,(#188),#549);
#551=IFCPROPERTYSINGLEVALUE('fzdLXfW9XvbXAdUVPryh65#0',$,IFCTEXT('2|FRONT_LOADED'),$);
#552=IFCPROPERTYSET('U3KR41MPP7mVsvUnPL07f3',#6,'OPS_Assignments',$,(#551));
#553=IFCRELDEFINESBYPROPERTIES('RXzt_rWt7TajkRaFBpDd3L',#6,$,$,(#194),#552);
#554=IFCPROPERTYSINGLEVALUE('1pAvXJUnEbx$SjJlTZqbJ1#0',$,IFCTEXT('2|UNIFORM'),$);
#555=IFCPROPERTYSET('QxKRi9rHTDOdi$LHJfERT9',#6,'OPS_Assignments',$,(#554));
#556=IFCRELDEFINESBYPROPERTIES('VX39kjZlPdCxdZt$bxQDmH',#6,$,$,(#196),#555);
#557=IFCPROPERTYSINGLEVALUE('fzdLXfW9XvbXAdUVPryh65#0',$,IFCTEXT('2|UNIFORM'),$);
#558=IFCPROPERTYSET('NvijJTX7evLHT9qHULt3JX',#6,'OPS_Assignments',$,(#557));
#559=IFCRELDEFINESBYPROPERTIES('UzKJVp67on9btt4nTZSzR5',#6,$,$,(#202),#558);
#560=IFCRELASSIGNSTOCONTROL('rDVhNjbXHjyDCF$VkTSruD',#6,$,$,(#42,#44,#46,#48,#50,#52,#54,#56,#58,#60,#62,#64,#66,#68,#70,#72,#74,#76,#78,#80,#82,#84,#86,#88,#90,#92,#94,#96,#98,#100,#102,#104,#106,#108,#110,#112,#114,#116,#118,#120,#122,#124,#126,#128,#130,#132,#134,#136,#138,#140,#142,#144,#146,#148,#150,#152,#154,#156,#158,#160,#162,#164,#166,#168,#170,#172,#174,#176,#178,#180,#182,#184,#186,#188,#190,#192,#194,#196,#198,#200,#202,#204,#206,#208,#210,#212,#214,#216,#218),$,#38);
#561=IFCPROPERTYSINGLEVALUE('wbsAutoNumber',$,IFCBOOLEAN(.T.),$);
#562=IFCPROPERTYSINGLEVALUE('StatusDate',$,IFCDATE('2027-05-20'),$);
#563=IFCPROPERTYSINGLEVALUE('ProjectStartDate',$,IFCDATE('2027-03-01'),$);
#564=IFCPROPERTYSINGLEVALUE('ProjectEndDate',$,$,$);
#565=IFCPROPERTYSINGLEVALUE('CreatedAt',$,IFCTEXT('2026-08-14T12:18:52.034Z'),$);
#566=IFCPROPERTYSINGLEVALUE('ModifiedAt',$,IFCTEXT('2026-08-14T12:18:52.813Z'),$);
#567=IFCPROPERTYSET('e5a3ArlP$tNZvpDF1ZK5n5',#6,'OPS_ProjectSettings',$,(#561,#562,#563,#564,#565,#566));
#568=IFCRELDEFINESBYPROPERTIES('0Hdzo1sPJhdjQlBF$1BF9l',#6,$,$,(#13),#567);
#569=IFCPROPERTYSINGLEVALUE('structure',$,IFCTEXT('{"activityCodeTypes":[{"id":"act-msswymthn1gr74","name":"House","values":[{"code":"1","description":"House 1","id":"acv-msswymthl8zv75"},{"code":"2","description":"House 2","id":"acv-msswymti1gfh76"},{"code":"3","description":"House 3","id":"acv-msswymti2s4277"},{"code":"4","description":"House 4","id":"acv-msswymtidt6v78"},{"code":"5","description":"House 5","id":"acv-msswymtjap2779"},{"code":"6","description":"House 6","id":"acv-msswymtj24ud80"},{"code":"GEN","description":"General / site","color":"#6b7280","id":"acv-msswymtj6bvm81"}]},{"id":"act-msswymtjh3k082","name":"Discipline","values":[{"code":"STR","description":"Structural works","color":"#b45309","id":"acv-msswymtjaa3683"},{"code":"MEP","description":"Building services","color":"#0891b2","id":"acv-msswymtk4fek84"},{"code":"FIT","description":"Fit-out","color":"#7c3aed","id":"acv-msswymtklks185"}]}],"customFieldDefs":[{"id":"cfd-msswymtlxvb986","name":"Cost estimate","type":"cost"}]}'),$);
#570=IFCPROPERTYSET('d1lJfFqnq7WHJVnX3jMfA7',#6,'OPS_StructureMeta',$,(#569));
#571=IFCRELDEFINESBYPROPERTIES('$p_Xq51dhpYNtr61aNobxL',#6,$,$,(#13),#570);
#572=IFCSIMPLEPROPERTYTEMPLATE('zH$BDj3HfxdBWpRHULvDyP',#6,'Cost estimate',$,.P_SINGLEVALUE.,'IfcMonetaryMeasure',$,$,$,$,$,$);
#573=IFCPROPERTYSETTEMPLATE('gv4T8LKngvJN55WVXp_rmX',#6,'OPS_CustomFields',$,.PSET_OCCURRENCEDRIVEN.,'IfcTask',(#572));
#574=IFCPROPERTYENUMERATION('House',(IFCLABEL('1'),IFCLABEL('2'),IFCLABEL('3'),IFCLABEL('4'),IFCLABEL('5'),IFCLABEL('6'),IFCLABEL('GEN')),$);
#575=IFCSIMPLEPROPERTYTEMPLATE('LPWNKf1vMxVznDnVR19rub',#6,'House',$,.P_ENUMERATEDVALUE.,$,$,#574,$,$,$,$);
#576=IFCPROPERTYENUMERATION('Discipline',(IFCLABEL('STR'),IFCLABEL('MEP'),IFCLABEL('FIT')),$);
#577=IFCSIMPLEPROPERTYTEMPLATE('gdWfiB17At7DGhwHnRfLo9',#6,'Discipline',$,.P_ENUMERATEDVALUE.,$,$,#576,$,$,$,$);
#578=IFCPROPERTYSETTEMPLATE('tJJd1dA$aLdjIl71vxYhUl',#6,'OPS_ActivityCodes',$,.PSET_OCCURRENCEDRIVEN.,'IfcTask',(#575,#577));
#579=IFCRELDECLARES('SXbHJ$I9R1lB4ZTn_bVpab',#6,$,$,#13,(#573,#578));
#580=IFCPROPERTYENUMERATEDVALUE('House',$,(IFCLABEL('GEN')),$);
#581=IFCPROPERTYSET('hd8VGNGN_NUfTfe$rJlz5r',#6,'OPS_ActivityCodes',$,(#580));
#582=IFCRELDEFINESBYPROPERTIES('J5dLTthHFzUf$1f$ZZarW7',#6,$,$,(#42),#581);
#583=IFCPROPERTYENUMERATEDVALUE('House',$,(IFCLABEL('GEN')),$);
#584=IFCPROPERTYSET('qfATujbVt$vpqFVVOJFZL9',#6,'OPS_ActivityCodes',$,(#583));
#585=IFCRELDEFINESBYPROPERTIES('CBd32PxXlXkPGbWVh3NZX3',#6,$,$,(#44),#584);
#586=IFCPROPERTYENUMERATEDVALUE('House',$,(IFCLABEL('GEN')),$);
#587=IFCPROPERTYSET('4F7TaH8vEH51ajJHTzG9up',#6,'OPS_ActivityCodes',$,(#586));
#588=IFCRELDEFINESBYPROPERTIES('SzqpVNOvOFK3R$$VUPS3fZ',#6,$,$,(#46),#587);
#589=IFCPROPERTYENUMERATEDVALUE('House',$,(IFCLABEL('GEN')),$);
#590=IFCPROPERTYSET('3JAZCbB$W51TLZLlzFbn5n',#6,'OPS_ActivityCodes',$,(#589));
#591=IFCRELDEFINESBYPROPERTIES('hPmvLtqXBfcXgfO$ORUFlr',#6,$,$,(#48),#590);
#592=IFCPROPERTYENUMERATEDVALUE('House',$,(IFCLABEL('GEN')),$);
#593=IFCPROPERTYSET('1J2B7dDnoRD9FJjlJx394v',#6,'OPS_ActivityCodes',$,(#592));
#594=IFCRELDEFINESBYPROPERTIES('NdOH1d6XNF1TpFFVDLnLw5',#6,$,$,(#50),#593);
#595=IFCPROPERTYENUMERATEDVALUE('House',$,(IFCLABEL('GEN')),$);
#596=IFCPROPERTYSET('sJBFPfFd1rhlZf0V$$pPZb',#6,'OPS_ActivityCodes',$,(#595));
#597=IFCRELDEFINESBYPROPERTIES('E7cfirHPvTC5hZbHMBqbVd',#6,$,$,(#52),#596);
#598=IFCPROPERTYENUMERATEDVALUE('House',$,(IFCLABEL('GEN')),$);
#599=IFCPROPERTYSET('9pXLvLa$krVR$BkXYPazzv',#6,'OPS_ActivityCodes',$,(#598));
#600=IFCRELDEFINESBYPROPERTIES('nvgdRxtf4xljYZbHgrKjAv',#6,$,$,(#54),#599);
#601=IFCPROPERTYENUMERATEDVALUE('House',$,(IFCLABEL('GEN')),$);
#602=IFCPROPERTYSET('uhoROx676zgFxnjnTzWdL9',#6,'OPS_ActivityCodes',$,(#601));
#603=IFCRELDEFINESBYPROPERTIES('WXh1g$9fCPi3zR0VRXxHnX',#6,$,$,(#56),#602);
#604=IFCPROPERTYSINGLEVALUE('Cost estimate',$,IFCMONETARYMEASURE(95000),$);
#605=IFCPROPERTYSET('L7CxQpYNSXBF1hIFCzWPV3',#6,'OPS_CustomFields',$,(#604));
#606=IFCRELDEFINESBYPROPERTIES('3DcNSDYNWbhlfbGVab7bzv',#6,$,$,(#58),#605);
#607=IFCPROPERTYENUMERATEDVALUE('House',$,(IFCLABEL('GEN')),$);
#608=IFCPROPERTYSET('g7yZ0lvtBZqTbL_nPHj7HH',#6,'OPS_ActivityCodes',$,(#607));
#609=IFCRELDEFINESBYPROPERTIES('2J_BH5NfMbrnJD3nmn3t85',#6,$,$,(#58),#608);
#610=IFCPROPERTYENUMERATEDVALUE('House',$,(IFCLABEL('GEN')),$);
#611=IFCPROPERTYSET('6lBnR1tNKNgnTrQ1UBLHLj',#6,'OPS_ActivityCodes',$,(#610));
#612=IFCRELDEFINESBYPROPERTIES('Ix9x6TW9V7bVgLUnTTa37x',#6,$,$,(#60),#611);
#613=IFCPROPERTYENUMERATEDVALUE('House',$,(IFCLABEL('GEN')),$);
#614=IFCPROPERTYSET('jf09AFBHdpEvQlZH8LmN61',#6,'OPS_ActivityCodes',$,(#613));
#615=IFCRELDEFINESBYPROPERTIES('xLcjzrevyxdrmrA$Z1b$Eb',#6,$,$,(#62),#614);
#616=IFCPROPERTYENUMERATEDVALUE('Discipline',$,(IFCLABEL('STR')),$);
#617=IFCPROPERTYSET('ELZfCbzHhdSj2DVXKXhV8j',#6,'OPS_ActivityCodes',$,(#616));
#618=IFCRELDEFINESBYPROPERTIES('st_VORwX7NMn9fe1v1VD0N',#6,$,$,(#64),#617);
#619=IFCPROPERTYENUMERATEDVALUE('House',$,(IFCLABEL('1')),$);
#620=IFCPROPERTYENUMERATEDVALUE('Discipline',$,(IFCLABEL('STR')),$);
#621=IFCPROPERTYSET('sJJdDH09VxvLczRFSRd53r',#6,'OPS_ActivityCodes',$,(#619,#620));
#622=IFCRELDEFINESBYPROPERTIES('EvkHVta$M7jNrpt$v$vbJ$',#6,$,$,(#66),#621);
#623=IFCPROPERTYENUMERATEDVALUE('House',$,(IFCLABEL('1')),$);
#624=IFCPROPERTYENUMERATEDVALUE('Discipline',$,(IFCLABEL('STR')),$);
#625=IFCPROPERTYSET('wHz9w7k9jrJ7ELMHk$xV4L',#6,'OPS_ActivityCodes',$,(#623,#624));
#626=IFCRELDEFINESBYPROPERTIES('kx1ZyZWttB7DmR8$hPm947',#6,$,$,(#68),#625);
#627=IFCPROPERTYENUMERATEDVALUE('House',$,(IFCLABEL('1')),$);
#628=IFCPROPERTYENUMERATEDVALUE('Discipline',$,(IFCLABEL('STR')),$);
#629=IFCPROPERTYSET('xhgzkFSlhJ6JoVJHJ5Jv19',#6,'OPS_ActivityCodes',$,(#627,#628));
#630=IFCRELDEFINESBYPROPERTIES('TXJvHRzllVE7_7wHp7eHNT',#6,$,$,(#70),#629);
#631=IFCPROPERTYENUMERATEDVALUE('House',$,(IFCLABEL('1')),$);
#632=IFCPROPERTYENUMERATEDVALUE('Discipline',$,(IFCLABEL('STR')),$);
#633=IFCPROPERTYSET('cxqxM$79fHrFhfalDPSBK$',#6,'OPS_ActivityCodes',$,(#631,#632));
#634=IFCRELDEFINESBYPROPERTIES('_Hn56Ps1qzcXAPc12RFTPv',#6,$,$,(#72),#633);
#635=IFCPROPERTYENUMERATEDVALUE('House',$,(IFCLABEL('2')),$);
#636=IFCPROPERTYENUMERATEDVALUE('Discipline',$,(IFCLABEL('STR')),$);
#637=IFCPROPERTYSET('2jQJNnaHLDEvARWXR5Eb9J',#6,'OPS_ActivityCodes',$,(#635,#636));
#638=IFCRELDEFINESBYPROPERTIES('cXJvNH0tT$_RNvcHpBjvXd',#6,$,$,(#74),#637);
#639=IFCPROPERTYENUMERATEDVALUE('House',$,(IFCLABEL('2')),$);
#640=IFCPROPERTYENUMERATEDVALUE('Discipline',$,(IFCLABEL('STR')),$);
#641=IFCPROPERTYSET('C9U1o3JX1tvDunJnHP4TxH',#6,'OPS_ActivityCodes',$,(#639,#640));
#642=IFCRELDEFINESBYPROPERTIES('S3yZm7o9n3gF3xan97KJUj',#6,$,$,(#76),#641);
#643=IFCPROPERTYENUMERATEDVALUE('House',$,(IFCLABEL('2')),$);
#644=IFCPROPERTYENUMERATEDVALUE('Discipline',$,(IFCLABEL('STR')),$);
#645=IFCPROPERTYSET('yjM3YbYnILzN5RyHPBqb$9',#6,'OPS_ActivityCodes',$,(#643,#644));
#646=IFCRELDEFINESBYPROPERTIES('SV3tAFhHJfzNvjf$oJMfUn',#6,$,$,(#78),#645);
#647=IFCPROPERTYENUMERATEDVALUE('House',$,(IFCLABEL('2')),$);
#648=IFCPROPERTYENUMERATEDVALUE('Discipline',$,(IFCLABEL('STR')),$);
#649=IFCPROPERTYSET('Fv_X8hSlzHmVoVxnEpYLch',#6,'OPS_ActivityCodes',$,(#647,#648));
#650=IFCRELDEFINESBYPROPERTIES('PRG7fHmfyHbVQTt$FxbFvt',#6,$,$,(#80),#649);
#651=IFCPROPERTYENUMERATEDVALUE('House',$,(IFCLABEL('3')),$);
#652=IFCPROPERTYENUMERATEDVALUE('Discipline',$,(IFCLABEL('STR')),$);
#653=IFCPROPERTYSET('eR0tY5c7GpAHfbWVJtAt09',#6,'OPS_ActivityCodes',$,(#651,#652));
#654=IFCRELDEFINESBYPROPERTIES('0Fz9EZHdzZATh3HV3H9rSN',#6,$,$,(#82),#653);
#655=IFCPROPERTYENUMERATEDVALUE('House',$,(IFCLABEL('3')),$);
#656=IFCPROPERTYENUMERATEDVALUE('Discipline',$,(IFCLABEL('STR')),$);
#657=IFCPROPERTYSET('NPuVq5ffU7mV_Ps$VD_BmH',#6,'OPS_ActivityCodes',$,(#655,#656));
#658=IFCRELDEFINESBYPROPERTIES('1j2B5l7tDPX3LNqlYvOX0N',#6,$,$,(#84),#657);
#659=IFCPROPERTYENUMERATEDVALUE('House',$,(IFCLABEL('3')),$);
#660=IFCPROPERTYENUMERATEDVALUE('Discipline',$,(IFCLABEL('STR')),$);
#661=IFCPROPERTYSET('jtaLhpI9lXcXQ3xnw9YFP7',#6,'OPS_ActivityCodes',$,(#659,#660));
#662=IFCRELDEFINESBYPROPERTIES('5rA7FBv9vNsHZ9SFffMT9n',#6,$,$,(#86),#661);
#663=IFCPROPERTYENUMERATEDVALUE('House',$,(IFCLABEL('3')),$);
#664=IFCPROPERTYENUMERATEDVALUE('Discipline',$,(IFCLABEL('STR')),$);
#665=IFCPROPERTYSET('5h2rZ52fkXTtlZLl7VhV0t',#6,'OPS_ActivityCodes',$,(#663,#664));
#666=IFCRELDEFINESBYPROPERTIES('TXbl3dr1iNE7sxCnu3FLQL',#6,$,$,(#88),#665);
#667=IFCPROPERTYENUMERATEDVALUE('House',$,(IFCLABEL('4')),$);
#668=IFCPROPERTYENUMERATEDVALUE('Discipline',$,(IFCLABEL('STR')),$);
#669=IFCPROPERTYSET('JNmPZNHPZjaBCrEV8Bij6V',#6,'OPS_ActivityCodes',$,(#667,#668));
#670=IFCRELDEFINESBYPROPERTIES('xLMz_v$dt$nhgNGVy7SzrT',#6,$,$,(#90),#669);
#671=IFCPROPERTYENUMERATEDVALUE('House',$,(IFCLABEL('4')),$);
#672=IFCPROPERTYENUMERATEDVALUE('Discipline',$,(IFCLABEL('STR')),$);
#673=IFCPROPERTYSET('wl5VanCVxl372JxFkV7pij',#6,'OPS_ActivityCodes',$,(#671,#672));
#674=IFCRELDEFINESBYPROPERTIES('k5vBt$E9rZizR$nVtT5V0t',#6,$,$,(#92),#673);
#675=IFCPROPERTYENUMERATEDVALUE('House',$,(IFCLABEL('4')),$);
#676=IFCPROPERTYENUMERATEDVALUE('Discipline',$,(IFCLABEL('STR')),$);
#677=IFCPROPERTYSET('Edk5M1l7O7Llh3HV5L0v7R',#6,'OPS_ActivityCodes',$,(#675,#676));
#678=IFCRELDEFINESBYPROPERTIES('cb8XuLalNnV3vXlV3HVpqT',#6,$,$,(#94),#677);
#679=IFCPROPERTYENUMERATEDVALUE('House',$,(IFCLABEL('4')),$);
#680=IFCPROPERTYENUMERATEDVALUE('Discipline',$,(IFCLABEL('STR')),$);
#681=IFCPROPERTYSET('FdwpPx_NwlGXInzF0veX4d',#6,'OPS_ActivityCodes',$,(#679,#680));
#682=IFCRELDEFINESBYPROPERTIES('P5Kbe35nS$vDCL_FFxhVab',#6,$,$,(#96),#681);
#683=IFCPROPERTYENUMERATEDVALUE('House',$,(IFCLABEL('5')),$);
#684=IFCPROPERTYENUMERATEDVALUE('Discipline',$,(IFCLABEL('STR')),$);
#685=IFCPROPERTYSET('phZNiLbnUJcp0T1X29oVi1',#6,'OPS_ActivityCodes',$,(#683,#684));
#686=IFCRELDEFINESBYPROPERTIES('BNM3cjM1Ah1x$V3lwJNhQn',#6,$,$,(#98),#685);
#687=IFCPROPERTYENUMERATEDVALUE('House',$,(IFCLABEL('5')),$);
#688=IFCPROPERTYENUMERATEDVALUE('Discipline',$,(IFCLABEL('STR')),$);
#689=IFCPROPERTYSET('V$vrJZdt9hhHxxO$uBKjIv',#6,'OPS_ActivityCodes',$,(#687,#688));
#690=IFCRELDEFINESBYPROPERTIES('9JLl$P_nufLlzvknWt2lVd',#6,$,$,(#100),#689);
#691=IFCPROPERTYENUMERATEDVALUE('House',$,(IFCLABEL('5')),$);
#692=IFCPROPERTYENUMERATEDVALUE('Discipline',$,(IFCLABEL('STR')),$);
#693=IFCPROPERTYSET('U3S3kFKVt$lrufiH83XbR5',#6,'OPS_ActivityCodes',$,(#691,#692));
#694=IFCRELDEFINESBYPROPERTIES('wndz634HLvm$yzlVtvCRB3',#6,$,$,(#102),#693);
#695=IFCPROPERTYENUMERATEDVALUE('House',$,(IFCLABEL('5')),$);
#696=IFCPROPERTYENUMERATEDVALUE('Discipline',$,(IFCLABEL('STR')),$);
#697=IFCPROPERTYSET('1J_Bl5tNqPCxpnv1MFdJMJ',#6,'OPS_ActivityCodes',$,(#695,#696));
#698=IFCRELDEFINESBYPROPERTIES('dXh$_7Hv45FD431Xe5cpiX',#6,$,$,(#104),#697);
#699=IFCPROPERTYENUMERATEDVALUE('House',$,(IFCLABEL('6')),$);
#700=IFCPROPERTYENUMERATEDVALUE('Discipline',$,(IFCLABEL('STR')),$);
#701=IFCPROPERTYSET('3nZfW$tNOvDtB7Ynj55HbR',#6,'OPS_ActivityCodes',$,(#699,#700));
#702=IFCRELDEFINESBYPROPERTIES('LZz9wvot3lGVcT7$_NYhwR',#6,$,$,(#106),#701);
#703=IFCPROPERTYENUMERATEDVALUE('House',$,(IFCLABEL('6')),$);
#704=IFCPROPERTYENUMERATEDVALUE('Discipline',$,(IFCLABEL('STR')),$);
#705=IFCPROPERTYSET('YTWfmf0tj915vDBH1$DdR$',#6,'OPS_ActivityCodes',$,(#703,#704));
#706=IFCRELDEFINESBYPROPERTIES('6lZNKLJVDRZdGxyn1$xVOz',#6,$,$,(#108),#705);
#707=IFCPROPERTYENUMERATEDVALUE('House',$,(IFCLABEL('6')),$);
#708=IFCPROPERTYENUMERATEDVALUE('Discipline',$,(IFCLABEL('STR')),$);
#709=IFCPROPERTYSET('INmP3PzH7ZqZfRGVsVztiD',#6,'OPS_ActivityCodes',$,(#707,#708));
#710=IFCRELDEFINESBYPROPERTIES('wBEn91sdnniRtf0VzDAzb5',#6,$,$,(#110),#709);
#711=IFCPROPERTYENUMERATEDVALUE('House',$,(IFCLABEL('6')),$);
#712=IFCPROPERTYENUMERATEDVALUE('Discipline',$,(IFCLABEL('STR')),$);
#713=IFCPROPERTYSET('gduF3r0tHjyDqrw$SxTfgJ',#6,'OPS_ActivityCodes',$,(#711,#712));
#714=IFCRELDEFINESBYPROPERTIES('_D69279NS17D4zHX97KJot',#6,$,$,(#112),#713);
#715=IFCPROPERTYENUMERATEDVALUE('House',$,(IFCLABEL('GEN')),$);
#716=IFCPROPERTYENUMERATEDVALUE('Discipline',$,(IFCLABEL('STR')),$);
#717=IFCPROPERTYSET('Evs7NnS$o5HjUZrH113f2T',#6,'OPS_ActivityCodes',$,(#715,#716));
#718=IFCRELDEFINESBYPROPERTIES('cxah$PYncjaBi581HPa3Pr',#6,$,$,(#114),#717);
#719=IFCPROPERTYENUMERATEDVALUE('Discipline',$,(IFCLABEL('MEP')),$);
#720=IFCPROPERTYSET('pdcJzhCFqTcpm5Slh3lruj',#6,'OPS_ActivityCodes',$,(#719));
#721=IFCRELDEFINESBYPROPERTIES('bxS3kFKnc$oBKVP$pPar0f',#6,$,$,(#116),#720);
#722=IFCPROPERTYENUMERATEDVALUE('House',$,(IFCLABEL('1')),$);
#723=IFCPROPERTYENUMERATEDVALUE('Discipline',$,(IFCLABEL('MEP')),$);
#724=IFCPROPERTYSET('G94B5FBHb$fZVHlXjN6js7',#6,'OPS_ActivityCodes',$,(#722,#723));
#725=IFCRELDEFINESBYPROPERTIES('uL_r$3aHt$7Dy9KnsXhX8j',#6,$,$,(#118),#724);
#726=IFCPROPERTYENUMERATEDVALUE('House',$,(IFCLABEL('1')),$);
#727=IFCPROPERTYENUMERATEDVALUE('Discipline',$,(IFCLABEL('MEP')),$);
#728=IFCPROPERTYSET('wrEn1ZGNAL9zFjBn5FHr47',#6,'OPS_ActivityCodes',$,(#726,#727));
#729=IFCRELDEFINESBYPROPERTIES('U$HJFB7tvtsTbrQ1AVLXip',#6,$,$,(#120),#728);
#730=IFCPROPERTYENUMERATEDVALUE('House',$,(IFCLABEL('1')),$);
#731=IFCPROPERTYENUMERATEDVALUE('Discipline',$,(IFCLABEL('MEP')),$);
#732=IFCPROPERTYSET('5FF5Ezz1GJ_bZLkn83lrab',#6,'OPS_ActivityCodes',$,(#730,#731));
#733=IFCRELDEFINESBYPROPERTIES('j5fbyVcVdJ2bb$lXRRwPPd',#6,$,$,(#122),#732);
#734=IFCPROPERTYENUMERATEDVALUE('House',$,(IFCLABEL('2')),$);
#735=IFCPROPERTYENUMERATEDVALUE('Discipline',$,(IFCLABEL('MEP')),$);
#736=IFCPROPERTYSET('mvU1wPwXVxf5FPEVWNcDOB',#6,'OPS_ActivityCodes',$,(#734,#735));
#737=IFCRELDEFINESBYPROPERTIES('exyZuLinobrnD3Rn8393hj',#6,$,$,(#124),#736);
#738=IFCPROPERTYENUMERATEDVALUE('House',$,(IFCLABEL('2')),$);
#739=IFCPROPERTYENUMERATEDVALUE('Discipline',$,(IFCLABEL('MEP')),$);
#740=IFCPROPERTYSET('UZ09gXh1sh$5bLsHK$dxtn',#6,'OPS_ActivityCodes',$,(#738,#739));
#741=IFCRELDEFINESBYPROPERTIES('wlztQfOPJhFL6$hlHBb$Ul',#6,$,$,(#126),#740);
#742=IFCPROPERTYENUMERATEDVALUE('House',$,(IFCLABEL('2')),$);
#743=IFCPROPERTYENUMERATEDVALUE('Discipline',$,(IFCLABEL('MEP')),$);
#744=IFCPROPERTYSET('idWNeZndbrfZJXt$4d8nxl',#6,'OPS_ActivityCodes',$,(#742,#743));
#745=IFCRELDEFINESBYPROPERTIES('4Dwt2dRVJNJvIlv1TzuFzL',#6,$,$,(#128),#744);
#746=IFCPROPERTYENUMERATEDVALUE('House',$,(IFCLABEL('3')),$);
#747=IFCPROPERTYENUMERATEDVALUE('Discipline',$,(IFCLABEL('MEP')),$);
#748=IFCPROPERTYSET('lbL1M5P9bXb$8tu$AxUhk7',#6,'OPS_ActivityCodes',$,(#746,#747));
#749=IFCRELDEFINESBYPROPERTIES('fvyBPtbFsNzfrj5FMHJvHn',#6,$,$,(#130),#748);
#750=IFCPROPERTYENUMERATEDVALUE('House',$,(IFCLABEL('3')),$);
#751=IFCPROPERTYENUMERATEDVALUE('Discipline',$,(IFCLABEL('MEP')),$);
#752=IFCPROPERTYSET('n7MPjVIlL70nbXjlJ5TNId',#6,'OPS_ActivityCodes',$,(#750,#751));
#753=IFCRELDEFINESBYPROPERTIES('db8n91It1fj7EVjlfDbFtl',#6,$,$,(#132),#752);
#754=IFCPROPERTYENUMERATEDVALUE('House',$,(IFCLABEL('3')),$);
#755=IFCPROPERTYENUMERATEDVALUE('Discipline',$,(IFCLABEL('MEP')),$);
#756=IFCPROPERTYSET('ibZNWXjnevx1mLUFlPi5VZ',#6,'OPS_ActivityCodes',$,(#754,#755));
#757=IFCRELDEFINESBYPROPERTIES('KPWNKffNu$EBWj9$mnbFhf',#6,$,$,(#134),#756);
#758=IFCPROPERTYENUMERATEDVALUE('House',$,(IFCLABEL('4')),$);
#759=IFCPROPERTYENUMERATEDVALUE('Discipline',$,(IFCLABEL('MEP')),$);
#760=IFCPROPERTYSET('HRj71ZmfWRTPWDxHKp2B8D',#6,'OPS_ActivityCodes',$,(#758,#759));
#761=IFCRELDEFINESBYPROPERTIES('N7KJfnyH5lptxFzFuBCRRx',#6,$,$,(#136),#760);
#762=IFCPROPERTYENUMERATEDVALUE('House',$,(IFCLABEL('4')),$);
#763=IFCPROPERTYENUMERATEDVALUE('Discipline',$,(IFCLABEL('MEP')),$);
#764=IFCPROPERTYSET('M7yBpjjFedXzzx4lfpzt0N',#6,'OPS_ActivityCodes',$,(#762,#763));
#765=IFCRELDEFINESBYPROPERTIES('_j6DJ1MPvNUN3dkXs5kxj3',#6,$,$,(#138),#764);
#766=IFCPROPERTYENUMERATEDVALUE('House',$,(IFCLABEL('4')),$);
#767=IFCPROPERTYENUMERATEDVALUE('Discipline',$,(IFCLABEL('MEP')),$);
#768=IFCPROPERTYSET('tts7H5tfijC5L3N$_btB0f',#6,'OPS_ActivityCodes',$,(#766,#767));
#769=IFCRELDEFINESBYPROPERTIES('VTGPnlPtN5dBCBEXqTCDaN',#6,$,$,(#140),#768);
#770=IFCPROPERTYENUMERATEDVALUE('House',$,(IFCLABEL('5')),$);
#771=IFCPROPERTYENUMERATEDVALUE('Discipline',$,(IFCLABEL('MEP')),$);
#772=IFCPROPERTYSET('Htq5shz$8fDdCBg$VHHzxr',#6,'OPS_ActivityCodes',$,(#770,#771));
#773=IFCRELDEFINESBYPROPERTIES('vrcfq579LJQpGhwlPlzfo9',#6,$,$,(#142),#772);
#774=IFCPROPERTYENUMERATEDVALUE('House',$,(IFCLABEL('5')),$);
#775=IFCPROPERTYENUMERATEDVALUE('Discipline',$,(IFCLABEL('MEP')),$);
#776=IFCPROPERTYSET('CrNJ9XwVZ$kLcZ$XEJ_lxL',#6,'OPS_ActivityCodes',$,(#774,#775));
#777=IFCRELDEFINESBYPROPERTIES('qNgzYbs1GjQpad_VdHxVGl',#6,$,$,(#144),#776);
#778=IFCPROPERTYENUMERATEDVALUE('House',$,(IFCLABEL('5')),$);
#779=IFCPROPERTYENUMERATEDVALUE('Discipline',$,(IFCLABEL('MEP')),$);
#780=IFCPROPERTYSET('fZpPrZmNg7DtjJ715FNTlh',#6,'OPS_ActivityCodes',$,(#778,#779));
#781=IFCRELDEFINESBYPROPERTIES('l9aLdRs1mT4hsPw$4vCRfZ',#6,$,$,(#146),#780);
#782=IFCPROPERTYENUMERATEDVALUE('House',$,(IFCLABEL('6')),$);
#783=IFCPROPERTYENUMERATEDVALUE('Discipline',$,(IFCLABEL('MEP')),$);
#784=IFCPROPERTYSET('vlxV8rW9$NR$KbSl1ZCRxB',#6,'OPS_ActivityCodes',$,(#782,#783));
#785=IFCRELDEFINESBYPROPERTIES('lRL$oTVvylZdut81UL93JX',#6,$,$,(#148),#784);
#786=IFCPROPERTYENUMERATEDVALUE('House',$,(IFCLABEL('6')),$);
#787=IFCPROPERTYENUMERATEDVALUE('Discipline',$,(IFCLABEL('MEP')),$);
#788=IFCPROPERTYSET('nLb1MRr$OnSrCFv$MBqDuR',#6,'OPS_ActivityCodes',$,(#786,#787));
#789=IFCRELDEFINESBYPROPERTIES('9N_BPflPfbLHjXlXZX9z3v',#6,$,$,(#150),#788);
#790=IFCPROPERTYENUMERATEDVALUE('House',$,(IFCLABEL('6')),$);
#791=IFCPROPERTYENUMERATEDVALUE('Discipline',$,(IFCLABEL('MEP')),$);
#792=IFCPROPERTYSET('jbTfCbpn6nK3X5GXiXTf_Z',#6,'OPS_ActivityCodes',$,(#790,#791));
#793=IFCRELDEFINESBYPROPERTIES('hviRur8vI$nhQHjHbVbF3B',#6,$,$,(#152),#792);
#794=IFCPROPERTYENUMERATEDVALUE('Discipline',$,(IFCLABEL('FIT')),$);
#795=IFCPROPERTYSET('G7gPvru7cJqZzv_nZ$Zti1',#6,'OPS_ActivityCodes',$,(#794));
#796=IFCRELDEFINESBYPROPERTIES('e54rbXzl9rdjclbFmV$5xF',#6,$,$,(#154),#795);
#797=IFCPROPERTYENUMERATEDVALUE('House',$,(IFCLABEL('1')),$);
#798=IFCPROPERTYENUMERATEDVALUE('Discipline',$,(IFCLABEL('FIT')),$);
#799=IFCPROPERTYSET('Ev6to3Z$UjIhkxO1Hh7p8J',#6,'OPS_ActivityCodes',$,(#797,#798));
#800=IFCRELDEFINESBYPROPERTIES('c5KRWXr10hxVMNe$O5Aztj',#6,$,$,(#156),#799);
#801=IFCPROPERTYENUMERATEDVALUE('House',$,(IFCLABEL('1')),$);
#802=IFCPROPERTYENUMERATEDVALUE('Discipline',$,(IFCLABEL('FIT')),$);
#803=IFCPROPERTYSET('X$PLl$vtV5tbHZznyvqpOr',#6,'OPS_ActivityCodes',$,(#801,#802));
#804=IFCRELDEFINESBYPROPERTIES('tjrFH5tfqzUfJXP$zH7bZN',#6,$,$,(#158),#803);
#805=IFCPROPERTYENUMERATEDVALUE('House',$,(IFCLABEL('1')),$);
#806=IFCPROPERTYENUMERATEDVALUE('Discipline',$,(IFCLABEL('FIT')),$);
#807=IFCPROPERTYSET('tjJdPxcv0Bvp0T91nxDPnb',#6,'OPS_ActivityCodes',$,(#805,#806));
#808=IFCRELDEFINESBYPROPERTIES('ndsT0HNfipu7E$lX97ij_Z',#6,$,$,(#160),#807);
#809=IFCPROPERTYENUMERATEDVALUE('House',$,(IFCLABEL('1')),$);
#810=IFCPROPERTYENUMERATEDVALUE('Discipline',$,(IFCLABEL('FIT')),$);
#811=IFCPROPERTYSET('MTpPdbUF2NIdavIFaN_ry7',#6,'OPS_ActivityCodes',$,(#809,#810));
#812=IFCRELDEFINESBYPROPERTIES('INmPrZOvaBBFfvknKX3tWd',#6,$,$,(#162),#811);
#813=IFCPROPERTYENUMERATEDVALUE('House',$,(IFCLABEL('2')),$);
#814=IFCPROPERTYENUMERATEDVALUE('Discipline',$,(IFCLABEL('FIT')),$);
#815=IFCPROPERTYSET('st2XuLS$6FKb$BkVQTDPBv',#6,'OPS_ActivityCodes',$,(#813,#814));
#816=IFCRELDEFINESBYPROPERTIES('UzS3oVkHB9M35HVXAXr$wX',#6,$,$,(#164),#815);
#817=IFCPROPERTYENUMERATEDVALUE('House',$,(IFCLABEL('2')),$);
#818=IFCPROPERTYENUMERATEDVALUE('Discipline',$,(IFCLABEL('FIT')),$);
#819=IFCPROPERTYSET('M3fRO3hlRLBF3xSlR56Jo5',#6,'OPS_ActivityCodes',$,(#817,#818));
#820=IFCRELDEFINESBYPROPERTIES('k9KRirNfOHGXk5mXkV9zBZ',#6,$,$,(#166),#819);
#821=IFCPROPERTYENUMERATEDVALUE('House',$,(IFCLABEL('2')),$);
#822=IFCPROPERTYENUMERATEDVALUE('Discipline',$,(IFCLABEL('FIT')),$);
#823=IFCPROPERTYSET('Ctgd$vot$LfZNb8$9ZZ9ml',#6,'OPS_ActivityCodes',$,(#821,#822));
#824=IFCRELDEFINESBYPROPERTIES('a3yBzr093Hm1edIV6pDd5F',#6,$,$,(#168),#823);
#825=IFCPROPERTYENUMERATEDVALUE('House',$,(IFCLABEL('2')),$);
#826=IFCPROPERTYENUMERATEDVALUE('Discipline',$,(IFCLABEL('FIT')),$);
#827=IFCPROPERTYSET('bVRlFH$vM75$8te1FRVD09',#6,'OPS_ActivityCodes',$,(#825,#826));
#828=IFCRELDEFINESBYPROPERTIES('DrfjXjwVJfrFJjf$Ydqpi$',#6,$,$,(#170),#827);
#829=IFCPROPERTYENUMERATEDVALUE('House',$,(IFCLABEL('3')),$);
#830=IFCPROPERTYENUMERATEDVALUE('Discipline',$,(IFCLABEL('FIT')),$);
#831=IFCPROPERTYSET('FvQf43yH73uNHte1y7SBa5',#6,'OPS_ActivityCodes',$,(#829,#830));
#832=IFCRELDEFINESBYPROPERTIES('PbO$snLlBzGXA7kn47yTrv',#6,$,$,(#172),#831);
#833=IFCPROPERTYENUMERATEDVALUE('House',$,(IFCLABEL('3')),$);
#834=IFCPROPERTYENUMERATEDVALUE('Discipline',$,(IFCLABEL('FIT')),$);
#835=IFCPROPERTYSET('orlReTffS11xZtaFv$l3Rx',#6,'OPS_ActivityCodes',$,(#833,#834));
#836=IFCRELDEFINESBYPROPERTIES('Afg3sFhHFzcVsR0XpLXRrT',#6,$,$,(#174),#835);
#837=IFCPROPERTYENUMERATEDVALUE('House',$,(IFCLABEL('3')),$);
#838=IFCPROPERTYENUMERATEDVALUE('Discipline',$,(IFCLABEL('FIT')),$);
#839=IFCPROPERTYSET('p7cf0nDVLjMzPn$Vopk51p',#6,'OPS_ActivityCodes',$,(#837,#838));
#840=IFCRELDEFINESBYPROPERTIES('bb0tw3SlBzuv2dQ1MFFLsd',#6,$,$,(#176),#839);
#841=IFCPROPERTYENUMERATEDVALUE('House',$,(IFCLABEL('3')),$);
#842=IFCPROPERTYENUMERATEDVALUE('Discipline',$,(IFCLABEL('FIT')),$);
#843=IFCPROPERTYSET('W1VzY9rlthzfXH$Xa5bFPv',#6,'OPS_ActivityCodes',$,(#841,#842));
#844=IFCRELDEFINESBYPROPERTIES('up7T8Jjnmpw1eVTliJEVat',#6,$,$,(#178),#843);
#845=IFCPROPERTYENUMERATEDVALUE('House',$,(IFCLABEL('4')),$);
#846=IFCPROPERTYENUMERATEDVALUE('Discipline',$,(IFCLABEL('FIT')),$);
#847=IFCPROPERTYSET('Hta3kjB$OF4p0T1XA5_B4B',#6,'OPS_ActivityCodes',$,(#845,#846));
#848=IFCRELDEFINESBYPROPERTIES('vr_XmPYF6HedadkXw9cv$t',#6,$,$,(#180),#847);
#849=IFCPROPERTYENUMERATEDVALUE('House',$,(IFCLABEL('4')),$);
#850=IFCPROPERTYENUMERATEDVALUE('Discipline',$,(IFCLABEL('FIT')),$);
#851=IFCPROPERTYSET('9jrFVDI9HXUNj$xHOxEbn$',#6,'OPS_ActivityCodes',$,(#849,#850));
#852=IFCRELDEFINESBYPROPERTIES('nd_rDJZlXR37MtqlgLGfkr',#6,$,$,(#182),#851);
#853=IFCPROPERTYENUMERATEDVALUE('House',$,(IFCLABEL('4')),$);
#854=IFCPROPERTYENUMERATEDVALUE('Discipline',$,(IFCLABEL('FIT')),$);
#855=IFCPROPERTYSET('XVRHbRDngPljwDLHDP4L_3',#6,'OPS_ActivityCodes',$,(#853,#854));
#856=IFCRELDEFINESBYPROPERTIES('9DfJB7o9d78v2dc$_tI$s7',#6,$,$,(#184),#855);
#857=IFCPROPERTYENUMERATEDVALUE('House',$,(IFCLABEL('4')),$);
#858=IFCPROPERTYENUMERATEDVALUE('Discipline',$,(IFCLABEL('FIT')),$);
#859=IFCPROPERTYSET('Oxqx6Pg$6FCTrjrFT3mNUp',#6,'OPS_ActivityCodes',$,(#857,#858));
#860=IFCRELDEFINESBYPROPERTIES('0Hn5sFpVZXgFvVd$bbUnpj',#6,$,$,(#186),#859);
#861=IFCPROPERTYENUMERATEDVALUE('House',$,(IFCLABEL('5')),$);
#862=IFCPROPERTYENUMERATEDVALUE('Discipline',$,(IFCLABEL('FIT')),$);
#863=IFCPROPERTYSET('oBF56PcX5HLHfxKlCHDdh9',#6,'OPS_ActivityCodes',$,(#861,#862));
#864=IFCRELDEFINESBYPROPERTIES('sNsZOTvtd7m1aPkXIZyZh9',#6,$,$,(#188),#863);
#865=IFCPROPERTYENUMERATEDVALUE('House',$,(IFCLABEL('5')),$);
#866=IFCPROPERTYENUMERATEDVALUE('Discipline',$,(IFCLABEL('FIT')),$);
#867=IFCPROPERTYSET('0nLH5LDVzHufT9Kn2xZf_$',#6,'OPS_ActivityCodes',$,(#865,#866));
#868=IFCRELDEFINESBYPROPERTIES('ezHjpJRXDdX3LNCFC307Xd',#6,$,$,(#190),#867);
#869=IFCPROPERTYENUMERATEDVALUE('House',$,(IFCLABEL('5')),$);
#870=IFCPROPERTYENUMERATEDVALUE('Discipline',$,(IFCLABEL('FIT')),$);
#871=IFCPROPERTYSET('LzvB9XYFo5X3pT91NNoRz7',#6,'OPS_ActivityCodes',$,(#869,#870));
#872=IFCRELDEFINESBYPROPERTIES('JNGvFhBHZJqZ1VJlZzm9e3',#6,$,$,(#192),#871);
#873=IFCPROPERTYENUMERATEDVALUE('House',$,(IFCLABEL('5')),$);
#874=IFCPROPERTYENUMERATEDVALUE('Discipline',$,(IFCLABEL('FIT')),$);
#875=IFCPROPERTYSET('LvyBbXxVTjizxHv$7xcpGV',#6,'OPS_ActivityCodes',$,(#873,#874));
#876=IFCRELDEFINESBYPROPERTIES('3pgPZtLlRrHrqrUXpBJvT9',#6,$,$,(#194),#875);
#877=IFCPROPERTYENUMERATEDVALUE('House',$,(IFCLABEL('6')),$);
#878=IFCPROPERTYENUMERATEDVALUE('Discipline',$,(IFCLABEL('FIT')),$);
#879=IFCPROPERTYSET('H94rh94lr9Y5Nbu$wNwJYJ',#6,'OPS_ActivityCodes',$,(#877,#878));
#880=IFCRELDEFINESBYPROPERTIES('7BMdjVcVjhlr03bnWtwPv9',#6,$,$,(#196),#879);
#881=IFCPROPERTYENUMERATEDVALUE('House',$,(IFCLABEL('6')),$);
#882=IFCPROPERTYENUMERATEDVALUE('Discipline',$,(IFCLABEL('FIT')),$);
#883=IFCPROPERTYSET('6hERmv2fQ$gzFJxn6D5Hbx',#6,'OPS_ActivityCodes',$,(#881,#882));
#884=IFCRELDEFINESBYPROPERTIES('UXL$kpF7sBR1SP2VNfcDW7',#6,$,$,(#198),#883);
#885=IFCPROPERTYENUMERATEDVALUE('House',$,(IFCLABEL('6')),$);
#886=IFCPROPERTYENUMERATEDVALUE('Discipline',$,(IFCLABEL('FIT')),$);
#887=IFCPROPERTYSET('4j2r7vF7_TaJMBw$uheV4r',#6,'OPS_ActivityCodes',$,(#885,#886));
#888=IFCRELDEFINESBYPROPERTIES('aVL1_vtfKNgndnf$3JQ7Zt',#6,$,$,(#200),#887);
#889=IFCPROPERTYENUMERATEDVALUE('House',$,(IFCLABEL('6')),$);
#890=IFCPROPERTYENUMERATEDVALUE('Discipline',$,(IFCLABEL('FIT')),$);
#891=IFCPROPERTYSET('EB7TWXh$MvJfPZnXBfQD0N',#6,'OPS_ActivityCodes',$,(#889,#890));
#892=IFCRELDEFINESBYPROPERTIES('AfYL7r87kXBF7Xt1ur4hw$',#6,$,$,(#202),#891);
#893=IFCPROPERTYENUMERATEDVALUE('House',$,(IFCLABEL('GEN')),$);
#894=IFCPROPERTYSET('e54rxnJV5HJfnv6l9Pmfsz',#6,'OPS_ActivityCodes',$,(#893));
#895=IFCRELDEFINESBYPROPERTIES('0l1rLtal7fMF1r2XrppdDj',#6,$,$,(#204),#894);
#896=IFCPROPERTYENUMERATEDVALUE('House',$,(IFCLABEL('1')),$);
#897=IFCPROPERTYSET('eTz9IJZHBTCZBDlXp7u1cL',#6,'OPS_ActivityCodes',$,(#896));
#898=IFCRELDEFINESBYPROPERTIES('mf0tw7k9dj6JQHxnwfgTRV',#6,$,$,(#206),#897);
#899=IFCPROPERTYENUMERATEDVALUE('House',$,(IFCLABEL('2')),$);
#900=IFCPROPERTYSET('V$fRy1E93nyhsdUVPB4ZB7',#6,'OPS_ActivityCodes',$,(#899));
#901=IFCRELDEFINESBYPROPERTIES('9JR$oXcVBt6JgBM1BN_Bm1',#6,$,$,(#208),#900);
#902=IFCPROPERTYENUMERATEDVALUE('House',$,(IFCLABEL('3')),$);
#903=IFCPROPERTYSET('4F$rTbA$W5HJIFJFbVhVaf',#6,'OPS_ActivityCodes',$,(#902));
#904=IFCRELDEFINESBYPROPERTIES('KbblnHHdh7m$0TlVrppdZb',#6,$,$,(#210),#903);
#905=IFCPROPERTYENUMERATEDVALUE('House',$,(IFCLABEL('4')),$);
#906=IFCPROPERTYSET('QXh$g1$P3le9VbqH_9k$oR',#6,'OPS_ActivityCodes',$,(#905));
#907=IFCRELDEFINESBYPROPERTIES('ELxX4ZmNsr5X2vMl_N2rqT',#6,$,$,(#212),#906);
#908=IFCPROPERTYENUMERATEDVALUE('House',$,(IFCLABEL('5')),$);
#909=IFCPROPERTYSET('D7A7r7YNS1VR1hgH2NEbrZ',#6,'OPS_ActivityCodes',$,(#908));
#910=IFCRELDEFINESBYPROPERTIES('bRGd5B7tDvbV61Llxhmte3',#6,$,$,(#214),#909);
#911=IFCPROPERTYENUMERATEDVALUE('House',$,(IFCLABEL('6')),$);
#912=IFCPROPERTYSET('2j_rNlmfQjizdFnX3p2Ba5',#6,'OPS_ActivityCodes',$,(#911));
#913=IFCRELDEFINESBYPROPERTIES('cXh1knCnePV3JDLlJNwJMp',#6,$,$,(#216),#912);
#914=IFCPROPERTYENUMERATEDVALUE('House',$,(IFCLABEL('GEN')),$);
#915=IFCPROPERTYSET('Er$rzLinMRJfxxO$j96dZx',#6,'OPS_ActivityCodes',$,(#914));
#916=IFCRELDEFINESBYPROPERTIES('sf6DXtink1HBa7gHwtUF7N',#6,$,$,(#218),#915);
#917=IFCPROPERTYSINGLEVALUE('Deadline',$,IFCDATE('2027-07-15'),$);
#918=IFCPROPERTYSET('cVL1Il87sh93NdoXK1FT9n',#6,'OPS_Constraints',$,(#917));
#919=IFCRELDEFINESBYPROPERTIES('$DIllXpFQ1khAbO$Vj_l9p',#6,$,$,(#218),#918);
#920=IFCPROPERTYSINGLEVALUE('MilestoneKind',$,IFCLABEL('START'),$);
#921=IFCPROPERTYSET('dRGdj1I9fRTPOdIXAXTNw5',#6,'OPS_Milestone',$,(#920));
#922=IFCRELDEFINESBYPROPERTIES('EvoFh9qnqvmVUfqnOjtBWd',#6,$,$,(#42),#921);
#923=IFCPROPERTYSINGLEVALUE('MilestoneKind',$,IFCLABEL('FINISH'),$);
#924=IFCPROPERTYSINGLEVALUE('Mandatory',$,IFCBOOLEAN(.T.),$);
#925=IFCPROPERTYSET('FhD73LKXRhDdmRO1m$rn7t',#6,'OPS_Milestone',$,(#923,#924));
#926=IFCRELDEFINESBYPROPERTIES('gvKjXJUFwzMFJphHlhHrKJ',#6,$,$,(#62),#925);
#927=IFCPROPERTYSINGLEVALUE('MilestoneKind',$,IFCLABEL('FINISH'),$);
#928=IFCPROPERTYSET('IxNbOxcvq7e95nRlA$NhM9',#6,'OPS_Milestone',$,(#927));
#929=IFCRELDEFINESBYPROPERTIES('rtQfW1ffgbhlnPEVqn1xJZ',#6,$,$,(#114),#928);
#930=IFCPROPERTYSINGLEVALUE('MilestoneKind',$,IFCLABEL('FINISH'),$);
#931=IFCPROPERTYSINGLEVALUE('Mandatory',$,IFCBOOLEAN(.T.),$);
#932=IFCPROPERTYSET('aXpPhpQvWbrFTLwHDdiJo9',#6,'OPS_Milestone',$,(#930,#931));
#933=IFCRELDEFINESBYPROPERTIES('hZJ71zqVDb37EL_nZVtzPL',#6,$,$,(#206),#932);
#934=IFCPROPERTYSINGLEVALUE('MilestoneKind',$,IFCLABEL('FINISH'),$);
#935=IFCPROPERTYSINGLEVALUE('Mandatory',$,IFCBOOLEAN(.T.),$);
#936=IFCPROPERTYSET('ZTOlJ12fAtHrmxKlijgfgp',#6,'OPS_Milestone',$,(#934,#935));
#937=IFCRELDEFINESBYPROPERTIES('S$npzPxXPJg3vXt18r4hg9',#6,$,$,(#208),#936);
#938=IFCPROPERTYSINGLEVALUE('MilestoneKind',$,IFCLABEL('FINISH'),$);
#939=IFCPROPERTYSINGLEVALUE('Mandatory',$,IFCBOOLEAN(.T.),$);
#940=IFCPROPERTYSET('0HFxsFJVzTIhEr2XxB4hQF',#6,'OPS_Milestone',$,(#938,#939));
#941=IFCRELDEFINESBYPROPERTIES('7lxXmf0t91PJARWVXjI1Av',#6,$,$,(#210),#940);
#942=IFCPROPERTYSINGLEVALUE('MilestoneKind',$,IFCLABEL('FINISH'),$);
#943=IFCPROPERTYSINGLEVALUE('Mandatory',$,IFCBOOLEAN(.T.),$);
#944=IFCPROPERTYSET('UVblDnSlV5PBqLgHY78FdP',#6,'OPS_Milestone',$,(#942,#943));
#945=IFCRELDEFINESBYPROPERTIES('NTZNW$1Pj9nhsvsHGnLVG$',#6,$,$,(#212),#944);
#946=IFCPROPERTYSINGLEVALUE('MilestoneKind',$,IFCLABEL('FINISH'),$);
#947=IFCPROPERTYSINGLEVALUE('Mandatory',$,IFCBOOLEAN(.T.),$);
#948=IFCPROPERTYSET('H5NR4ZOPb17D0ZlXVD_rCz',#6,'OPS_Milestone',$,(#946,#947));
#949=IFCRELDEFINESBYPROPERTIES('s92VSjEHVbLHzPEVGFj7pl',#6,$,$,(#214),#948);
#950=IFCPROPERTYSINGLEVALUE('MilestoneKind',$,IFCLABEL('FINISH'),$);
#951=IFCPROPERTYSINGLEVALUE('Mandatory',$,IFCBOOLEAN(.T.),$);
#952=IFCPROPERTYSET('6h2rVpsPp5vLsd6$ijYn9H',#6,'OPS_Milestone',$,(#950,#951));
#953=IFCRELDEFINESBYPROPERTIES('$nz967ktZDGVgtiFwNMZVz',#6,$,$,(#216),#952);
#954=IFCPROPERTYSINGLEVALUE('MilestoneKind',$,IFCLABEL('FINISH'),$);
#955=IFCPROPERTYSINGLEVALUE('Mandatory',$,IFCBOOLEAN(.T.),$);
#956=IFCPROPERTYSET('Apn5wv67UPizf7YFvbk$wV',#6,'OPS_Milestone',$,(#954,#955));
#957=IFCRELDEFINESBYPROPERTIES('lfO1E1I9TjaJ6Xt$abXDmH',#6,$,$,(#218),#956);
#958=IFCPROPERTYSINGLEVALUE('Notes',$,IFCTEXT('[{"id":"note-msswymv1yw8x120","text":"Check rebar drawing with the structural engineer","done":false},{"id":"note-msswymv148bh121","text":"Formwork checked by the site manager","done":true}]'),$);
#959=IFCPROPERTYSET('X$fRebM$_NUNfRWVb5gT3B',#6,'OPS_TaskNotes',$,(#958));
#960=IFCRELDEFINESBYPROPERTIES('6BklxBldjLt3lZxlO5UhwX',#6,$,$,(#92),#959);
#961=IFCPROPERTYSINGLEVALUE('Notes',$,IFCTEXT('[{"id":"note-msswymwx0inr141","text":"Confirm pipework material delivery with the supplier","done":false}]'),$);
#962=IFCPROPERTYSET('AJ392hylTD8NZtSlVjUFnR',#6,'OPS_TaskNotes',$,(#961));
#963=IFCRELDEFINESBYPROPERTIES('ZXpPl$P9jBJvA7_FbxkxT5',#6,$,$,(#130),#962);
#964=IFCPROPERTYSINGLEVALUE('Notes',$,IFCTEXT('[{"id":"note-msswymz5ln03159","text":"Moisture readings taken on walls","done":true}]'),$);
#965=IFCPROPERTYSET('HfWNajQXxlhHbBs$TVdjcn',#6,'OPS_TaskNotes',$,(#964));
#966=IFCRELDEFINESBYPROPERTIES('gzPL$vo9znK3dHbnaRlzln',#6,$,$,(#164),#965);
#967=IFCPROPERTYSINGLEVALUE('Baselines',$,IFCTEXT('[{"id":"baseline-msswynexcsp7331","name":"Baseline at start","createdAt":"2026-08-14T12:18:52.810Z","tasks":[{"taskId":"task-msswymtr3juc95","start":"2027-03-01","finish":"2027-03-01","duration":0,"isMilestone":true,"milestoneKind":"START"},{"taskId":"task-msswymtt6j8t97","start":"2027-03-01","finish":"2027-03-01","duration":1,"isMilestone":false},{"taskId":"task-msswymtupk9e98","start":"2027-03-02","finish":"2027-03-04","duration":3,"isMilestone":false},{"taskId":"task-msswymtvg35p99","start":"2027-03-05","finish":"2027-03-08","duration":2,"isMilestone":false},{"taskId":"task-msswymtx2rh5100","start":"2027-03-09","finish":"2027-03-11","duration":3,"isMilestone":false},{"taskId":"task-msswymtzxxkj102","start":"2027-03-12","finish":"2027-03-18","duration":5,"isMilestone":false},{"taskId":"task-msswymu0to3e103","start":"2027-03-19","finish":"2027-04-01","duration":5,"isMilestone":false},{"taskId":"task-msswymu162x9104","start":"2027-04-05","finish":"2027-04-08","duration":4,"isMilestone":false},{"taskId":"task-msswymu2z1mf105","start":"2027-04-08","finish":"2027-04-08","duration":0,"isMilestone":true,"milestoneKind":"FINISH"},{"taskId":"task-msswymu6hmse107","start":"2027-04-09","finish":"2027-04-16","duration":6,"isMilestone":false},{"taskId":"task-msswymu8cv0w108","start":"2027-04-19","finish":"2027-04-22","duration":4,"isMilestone":false},{"taskId":"task-msswymua860o109","start":"2027-04-23","finish":"2027-05-03","duration":6,"isMilestone":false},{"taskId":"task-msswymucuwb2110","start":"2027-05-04","finish":"2027-05-12","duration":5,"isMilestone":false},{"taskId":"task-msswymufg1n0111","start":"2027-04-19","finish":"2027-04-26","duration":6,"isMilestone":false},{"taskId":"task-msswymuhon0f112","start":"2027-04-28","finish":"2027-05-03","duration":4,"isMilestone":false},{"taskId":"task-msswymuja580113","start":"2027-05-04","finish":"2027-05-13","duration":6,"isMilestone":false},{"taskId":"task-msswymumxrsn114","start":"2027-05-14","finish":"2027-05-21","duration":5,"isMilestone":false},{"taskId":"task-msswymuo6xbm115","start":"2027-04-28","finish":"2027-05-07","duration":6,"isMilestone":false},{"taskId":"task-msswymuq4krh116","start":"2027-05-10","finish":"2027-05-13","duration":4,"isMilestone":false},{"taskId":"task-msswymuuokcu117","start":"2027-05-14","finish":"2027-05-24","duration":6,"isMilestone":false},{"taskId":"task-msswymuwblfa118","start":"2027-05-25","finish":"2027-05-31","duration":5,"isMilestone":false},{"taskId":"task-msswymuyz8we119","start":"2027-05-10","finish":"2027-05-18","duration":6,"isMilestone":false},{"taskId":"task-msswymv1njy7122","start":"2027-05-19","finish":"2027-05-24","duration":4,"isMilestone":false},{"taskId":"task-msswymv31n8h123","start":"2027-05-25","finish":"2027-06-01","duration":6,"isMilestone":false},{"taskId":"task-msswymv7rc2l124","start":"2027-06-02","finish":"2027-06-08","duration":5,"isMilestone":false},{"taskId":"task-msswymv99f7x125","start":"2027-05-19","finish":"2027-05-26","duration":6,"isMilestone":false},{"taskId":"task-msswymvbxpy3126","start":"2027-05-27","finish":"2027-06-01","duration":4,"isMilestone":false},{"taskId":"task-msswymvgqs9h127","start":"2027-06-02","finish":"2027-06-09","duration":6,"isMilestone":false},{"taskId":"task-msswymvj12h5128","start":"2027-06-10","finish":"2027-06-16","duration":5,"isMilestone":false},{"taskId":"task-msswymvn2xpq129","start":"2027-05-27","finish":"2027-06-03","duration":6,"isMilestone":false},{"taskId":"task-msswymvrvu0o130","start":"2027-06-04","finish":"2027-06-09","duration":4,"isMilestone":false},{"taskId":"task-msswymvw1fdu131","start":"2027-06-10","finish":"2027-06-17","duration":6,"isMilestone":false},{"taskId":"task-msswymvz6ujk132","start":"2027-06-18","finish":"2027-06-24","duration":5,"isMilestone":false},{"taskId":"task-msswymw3ddk8133","start":"2027-06-24","finish":"2027-06-24","duration":0,"isMilestone":true,"milestoneKind":"FINISH"},{"taskId":"task-msswymwbaszj135","start":"2027-05-13","finish":"2027-05-18","duration":3,"isMilestone":false},{"taskId":"task-msswymwe12zo136","start":"2027-05-19","finish":"2027-05-21","duration":3,"isMilestone":false},{"taskId":"task-msswymwhf1om137","start":"2027-05-21","finish":"2027-05-21","duration":1,"isMilestone":false},{"taskId":"task-msswymwm88oi138","start":"2027-05-24","finish":"2027-05-26","duration":3,"isMilestone":false},{"taskId":"task-msswymwpytg6139","start":"2027-05-27","finish":"2027-05-31","duration":3,"isMilestone":false},{"taskId":"task-msswymwt6wqv140","start":"2027-06-01","finish":"2027-06-01","duration":1,"isMilestone":false},{"taskId":"task-msswymwxyhxr142","start":"2027-06-01","finish":"2027-06-03","duration":3,"isMilestone":false},{"taskId":"task-msswymx1w00g143","start":"2027-06-04","finish":"2027-06-08","duration":3,"isMilestone":false},{"taskId":"task-msswymx54dfh144","start":"2027-06-09","finish":"2027-06-09","duration":1,"isMilestone":false},{"taskId":"task-msswymx96uh5145","start":"2027-06-09","finish":"2027-06-11","duration":3,"isMilestone":false},{"taskId":"task-msswymxeptbx146","start":"2027-06-14","finish":"2027-06-16","duration":3,"isMilestone":false},{"taskId":"task-msswymxihvnv147","start":"2027-06-17","finish":"2027-06-17","duration":1,"isMilestone":false},{"taskId":"task-msswymxnwntu148","start":"2027-06-17","finish":"2027-06-21","duration":3,"isMilestone":false},{"taskId":"task-msswymxs8n0s149","start":"2027-06-22","finish":"2027-06-24","duration":3,"isMilestone":false},{"taskId":"task-msswymxwj5u8150","start":"2027-06-25","finish":"2027-06-25","duration":1,"isMilestone":false},{"taskId":"task-msswymy0i38g151","start":"2027-06-25","finish":"2027-06-29","duration":3,"isMilestone":false},{"taskId":"task-msswymy473yk152","start":"2027-06-30","finish":"2027-07-02","duration":3,"isMilestone":false},{"taskId":"task-msswymy9bp97153","start":"2027-07-05","finish":"2027-07-05","duration":1,"isMilestone":false},{"taskId":"task-msswymylbucf155","start":"2027-05-24","finish":"2027-05-28","duration":5,"isMilestone":false},{"taskId":"task-msswymyrow8r156","start":"2027-05-31","finish":"2027-06-02","duration":3,"isMilestone":false},{"taskId":"task-msswymyw9ajx157","start":"2027-06-03","finish":"2027-06-07","duration":3,"isMilestone":false},{"taskId":"task-msswymz0a6bk158","start":"2027-06-04","finish":"2027-06-09","duration":4,"isMilestone":false},{"taskId":"task-msswymz5wb70160","start":"2027-06-02","finish":"2027-06-08","duration":5,"isMilestone":false},{"taskId":"task-msswymzb152r161","start":"2027-06-09","finish":"2027-06-11","duration":3,"isMilestone":false},{"taskId":"task-msswymzh2nxq162","start":"2027-06-14","finish":"2027-06-16","duration":3,"isMilestone":false},{"taskId":"task-msswymzojwd5163","start":"2027-06-17","finish":"2027-06-22","duration":4,"isMilestone":false},{"taskId":"task-msswymztlf2f164","start":"2027-06-10","finish":"2027-06-16","duration":5,"isMilestone":false},{"taskId":"task-msswyn00oztt165","start":"2027-06-17","finish":"2027-06-21","duration":3,"isMilestone":false},{"taskId":"task-msswyn0bxonl166","start":"2027-06-22","finish":"2027-06-24","duration":3,"isMilestone":false},{"taskId":"task-msswyn0gijfi167","start":"2027-06-25","finish":"2027-06-30","duration":4,"isMilestone":false},{"taskId":"task-msswyn0l6n7n168","start":"2027-06-18","finish":"2027-06-24","duration":5,"isMilestone":false},{"taskId":"task-msswyn0r9mwu169","start":"2027-06-25","finish":"2027-06-29","duration":3,"isMilestone":false},{"taskId":"task-msswyn0wimj1170","start":"2027-06-30","finish":"2027-07-02","duration":3,"isMilestone":false},{"taskId":"task-msswyn10esud171","start":"2027-07-05","finish":"2027-07-08","duration":4,"isMilestone":false},{"taskId":"task-msswyn18g7i9172","start":"2027-06-28","finish":"2027-07-02","duration":5,"isMilestone":false},{"taskId":"task-msswyn1k0yb5173","start":"2027-07-05","finish":"2027-07-07","duration":3,"isMilestone":false},{"taskId":"task-msswyn1t2zp1174","start":"2027-07-08","finish":"2027-07-12","duration":3,"isMilestone":false},{"taskId":"task-msswyn25v6uu175","start":"2027-07-13","finish":"2027-07-16","duration":4,"isMilestone":false},{"taskId":"task-msswyn2bnhs1176","start":"2027-07-06","finish":"2027-07-12","duration":5,"isMilestone":false},{"taskId":"task-msswyn2idm6v177","start":"2027-07-13","finish":"2027-07-15","duration":3,"isMilestone":false},{"taskId":"task-msswyn2nvxgh178","start":"2027-07-16","finish":"2027-07-20","duration":3,"isMilestone":false},{"taskId":"task-msswyn2sfhze179","start":"2027-07-21","finish":"2027-08-16","duration":4,"isMilestone":false},{"taskId":"task-msswyn32k9jh181","start":"2027-06-09","finish":"2027-06-09","duration":0,"isMilestone":true,"milestoneKind":"FINISH"},{"taskId":"task-msswyn37w6a1182","start":"2027-06-22","finish":"2027-06-22","duration":0,"isMilestone":true,"milestoneKind":"FINISH"},{"taskId":"task-msswyn3bn89q183","start":"2027-06-30","finish":"2027-06-30","duration":0,"isMilestone":true,"milestoneKind":"FINISH"},{"taskId":"task-msswyn3f6o3w184","start":"2027-07-08","finish":"2027-07-08","duration":0,"isMilestone":true,"milestoneKind":"FINISH"},{"taskId":"task-msswyn3jnr1z185","start":"2027-07-16","finish":"2027-07-16","duration":0,"isMilestone":true,"milestoneKind":"FINISH"},{"taskId":"task-msswyn3noio4186","start":"2027-08-16","finish":"2027-08-16","duration":0,"isMilestone":true,"milestoneKind":"FINISH"},{"taskId":"task-msswyn3r21jw187","start":"2027-08-16","finish":"2027-08-16","duration":0,"isMilestone":true,"milestoneKind":"FINISH"}],"projectEnd":"2027-08-16","projectDuration":97}]'),$);
#968=IFCPROPERTYSINGLEVALUE('TaskGuids',$,IFCTEXT('{"task-msswymtr3juc95":"5nfJ3BW9pxN5XnJntTrnlB","task-msswymtt6j8t97":"qtQN8La$2ZSJEhwlZVlrqT","task-msswymtupk9e98":"jx7rl5Hva$nhwjf$6JnTZb","task-msswymtvg35p99":"lxt5_PTljNjvIlv$hd07fT","task-msswymtx2rh5100":"c5S3gXB$iDGXsdc1c3nhQn","task-msswymtzxxkj102":"8jjdfptNqz614NWVPlxXC3","task-msswymu0to3e103":"QXj7FBPt1fZ9L981$XPjkv","task-msswymu162x9104":"MvSzYfXv0rlrClbnijc7Lp","task-msswymu2z1mf105":"ZXrXit3$OdvhA5iHuzNT$D","task-msswymu6hmse107":"c5Kbe3rlz3YN1VBnXnbntl","task-msswymu8cv0w108":"g7Sh5r$vERx1G5yHvxk5P7","task-msswymua860o109":"rpnxAFDVXbjff5CFKJwPJz","task-msswymucuwb2110":"MZrVKhBHz3QXoVhFn55l5r","task-msswymufg1n0111":"ohhHDFCVjLHB0Z9$TV$xPP","task-msswymuhon0f112":"yFVhdxEt$Lt3N7wlXp6JcB","task-msswymuja580113":"Ch5XqxdtpbDtL9u1YLlBSR","task-msswymumxrsn114":"1nBnFhT1oF7LoXDHVJgf_Z","task-msswymuo6xbm115":"Oz$Zan4$arzNbBEV0dyTZR","task-msswymuq4krh116":"PXjvLtCnCZYxthQHBtgNAT","task-msswymuuokcu117":"T1ljVp2NQVw18njndBCp8D","task-msswymuwblfa118":"rD7Zit5FuN5XorUVLPeV8x","task-msswymuyz8we119":"ZX5ntVM$wHG1e1d$ydeXup","task-msswymv1njy7122":"gvKJVjcXjrhHBp1XYvGfE5","task-msswymv31n8h123":"_nJPVf09DPnpqhAHGVFLs3","task-msswymv7rc2l124":"$H7TaHedpxljclZHKDYhUF","task-msswymv99f7x125":"Zza3g5FvAhHrWJlXXJ2ljV","task-msswymvbxpy3126":"Fd6pRxffANDPmxiHSt2lpF","task-msswymvgqs9h127":"kbDd5hRnYv87gNu$Npxlfz","task-msswymvj12h5128":"nr9pTfd9JhHB0zTl837D0t","task-msswymvn2xpq129":"Jt4rj3LlNl5$yTzFGnhVuj","task-msswymvrvu0o130":"IxvrHxl7ShvDuHd15B4hYD","task-msswymvw1fdu131":"Y1fR8Bu7I1151XTHSfk5Pd","task-msswymvz6ujk132":"Q1X3_7Hv4nPBmRe$vXB1kB","task-msswymw3ddk8133":"_l9DTfPt3zslBD1XUvGf2$","task-msswymwbaszj135":"WVztQjElpv51ql5FAVDPlr","task-msswymwe12zo136":"Apn5MVxVD5PrqFlV3ld5JZ","task-msswymwhf1om137":"LPmPbxF729EB03zlAXB1Mp","task-msswymwm88oi138":"0lXLFFrH7ZSr8fSHR56jM9","task-msswymwpytg6139":"k5dLtZ$v29sZVlFXrNoRPL","task-msswymwt6wqv140":"S1V3_djFednDyZTFoFB$kh","task-msswymwxyhxr142":"$pkldbA$KfIPyfO$0dCp09","task-msswymx1w00g143":"1nZN8pvt$hHB49qlUPi5Bv","task-msswymx54dfh144":"ypU$Y5gPfntbt9ylFNYhAZ","task-msswymx96uh5145":"$p69kJzlfRbXUtGVGnRnzr","task-msswymxeptbx146":"cXRl$vAPvZSBaplV3nRnHB","task-msswymxihvnv147":"7HLljXIl5nX3PlRna9stqT","task-msswymxnwntu148":"X11TGv6vgxFDeP_VDPyLIh","task-msswymxs8n0s149":"SZO1AFLlbBFh2dkVc3159F","task-msswymxwj5u8150":"7BEn5FJXtBlBmrw1SRP5VT","task-msswymy0i38g151":"N7KjbVB1aLtzp3pH5BaBGF","task-msswymy473yk152":"X3CplVbVfFVz$hMHYPqDux","task-msswymy9bp97153":"zpY1kFaH5Rptnjxns11JcF","task-msswymylbucf155":"_lvTKhLHfnvhcFlVJ9k$gp","task-msswymyrow8r156":"FdcjlbJFKj4Lc3rnnNszn$","task-msswymyw9ajx157":"dxKjXpktNx7L_Dd$CF$5N$","task-msswymz0a6bk158":"wrcfqxNfcpuv_vMHYdyZV3","task-msswymz5wb70160":"6n1BXjoH5xPruH71HvOlFV","task-msswymzb152r161":"6LEbmfudbhLlf5KHqZqbzd","task-msswymzh2nxq162":"ynfJJ3DXZ$IhU37$NJvb1N","task-msswymzojwd5163":"r9QNaD2N6nqTXH1XijI1cL","task-msswymztlf2f164":"$Fp7JTX7WRZdWJ9$ej1Jwb","task-msswyn00oztt165":"YZe$2hS1E5$TpnP$0P4h6X","task-msswyn0bxonl166":"zFb$g5tNu915j15HSb$jUn","task-msswyn0gijfi167":"GdYLrZGNwZkLIRqls5wjgN","task-msswyn0l6n7n168":"X1PLPbg$ArpPi1ZFonpPlh","task-msswyn0r9mwu169":"Pxq56dYnIVhHdZ$XoDQpqz","task-msswyn0wimj1170":"n7cfGP_nCZsTlfyHRXxHN3","task-msswyn10esud171":"eTpdNDPtHV_95FrHLdeViV","task-msswyn18g7i9172":"YT8V0HP9DRrFrdM1xFVbxr","task-msswyn1k0yb5173":"GtKRmN0tfn$ZXlnXZzu1w$","task-msswyn1t2zp1174":"xL_BxFBlxlTPSpN15ndjgt","task-msswyn25v6uu175":"b$Fp1vUfShNTPzjlbXTfkr","task-msswyn2bnhs1176":"X$nDFlFdzHWH5RCF0v8Fr7","task-msswyn2idm6v177":"sjJdH$lv89PJQzLnt7Kx1J","task-msswyn2nvxgh178":"qhJdDFal$h1555GXqzunn5","task-msswyn2sfhze179":"UTGvhNmN23OdaDFXhP0vXP","task-msswyn32k9jh181":"uB_V0ld9RVjvIlv13pMTBP","task-msswyn37w6a1182":"FPM3QjIlnF4L6p5l8ByLMt","task-msswyn3bn89q183":"KP09srFdnZY5H98$h7CbfZ","task-msswyn3f6o3w184":"AtkljXkltLzfNxyldB4TFR","task-msswyn3jnr1z185":"znLlvB0t1hNTtrg1t3HBGl","task-msswyn3noio4186":"ohJPDHOP3zUN7pzFSfcDqZ","task-msswyn3r21jw187":"UZOlz7dttrvDuNynj5xHv5"}'),$);
#969=IFCPROPERTYSINGLEVALUE('ActiveBaselineId',$,IFCTEXT('baseline-msswynexcsp7331'),$);
#970=IFCPROPERTYSET('XXh1w34HTJCTF7clPLWdrv',#6,'OPS_Baselines',$,(#967,#968,#969));
#971=IFCRELDEFINESBYPROPERTIES('Oz1Z43KV$BzN1$1VwJtr4B',#6,$,$,(#38),#970);
ENDSEC;
END-ISO-10303-21;
