ISO-10303-21;
HEADER;
FILE_DESCRIPTION(('ViewDefinition [SchedulingView]'),'2;1');
FILE_NAME('De Vaart Apartment Complex.ifc','2026-08-14T08:19:54',('Project director'),('Randstad Construction Group BV'),'Open Planner Studio 0.1','Open Planner Studio','');
FILE_SCHEMA(('IFC4X3'));
ENDSEC;
DATA;
#1=IFCPERSON($,'Project director',$,$,$,$,$,$);
#2=IFCORGANIZATION($,'Randstad Construction Group BV',$,$,$);
#3=IFCPERSONANDORGANIZATION(#1,#2,$);
#4=IFCORGANIZATION($,'OpenAEC Foundation',$,$,$);
#5=IFCAPPLICATION(#4,'0.1','Open Planner Studio','OPS');
#6=IFCOWNERHISTORY(#3,#5,$,.NOCHANGE.,$,$,$,1786695594);
#7=IFCSIUNIT(*,.LENGTHUNIT.,$,.METRE.);
#8=IFCSIUNIT(*,.TIMEUNIT.,$,.SECOND.);
#9=IFCUNITASSIGNMENT((#7,#8));
#10=IFCCARTESIANPOINT((0.,0.,0.));
#11=IFCAXIS2PLACEMENT3D(#10,$,$);
#12=IFCGEOMETRICREPRESENTATIONCONTEXT($,'Plan',3,1.0E-05,#11,$);
#13=IFCPROJECT('Q11ZSJ_FqvmVEL_nLz7p0t',#6,'De Vaart Apartment Complex','Apartment complex of three towers on one plot, with the car park/site works delivered by a subcontractor — the "kitchen sink" showcase that carries every advanced feature.',$,$,$,(#12),#9);
#14=IFCTIMEPERIOD('07:00:00','16:00:00');
#15=IFCRECURRENCEPATTERN(.WEEKLY.,$,(1,2,3,4,5),$,$,$,$,(#14));
#16=IFCWORKTIME('Standard work week',.PREDICTED.,$,#15,$,$);
#17=IFCWORKTIME('New Year''s Day',.PREDICTED.,$,$,'2027-01-01','2027-01-01');
#18=IFCWORKTIME('Good Friday',.PREDICTED.,$,$,'2027-03-26','2027-03-26');
#19=IFCWORKTIME('Easter',.PREDICTED.,$,$,'2027-03-28','2027-03-29');
#20=IFCWORKTIME('King''s Day',.PREDICTED.,$,$,'2027-04-27','2027-04-27');
#21=IFCWORKTIME('Liberation Day',.PREDICTED.,$,$,'2027-05-05','2027-05-05');
#22=IFCWORKTIME('Ascension Day',.PREDICTED.,$,$,'2027-05-06','2027-05-06');
#23=IFCWORKTIME('Whitsun',.PREDICTED.,$,$,'2027-05-16','2027-05-17');
#24=IFCWORKTIME('Christmas',.PREDICTED.,$,$,'2027-12-25','2027-12-26');
#25=IFCWORKTIME('Construction holiday (northern region)',.PREDICTED.,$,$,'2027-07-26','2027-08-15');
#26=IFCWORKTIME('New Year''s Day',.PREDICTED.,$,$,'2028-01-01','2028-01-01');
#27=IFCWORKTIME('Good Friday',.PREDICTED.,$,$,'2028-04-14','2028-04-14');
#28=IFCWORKTIME('Easter',.PREDICTED.,$,$,'2028-04-16','2028-04-17');
#29=IFCWORKTIME('King''s Day',.PREDICTED.,$,$,'2028-04-27','2028-04-27');
#30=IFCWORKTIME('Liberation Day',.PREDICTED.,$,$,'2028-05-05','2028-05-05');
#31=IFCWORKTIME('Ascension Day',.PREDICTED.,$,$,'2028-05-25','2028-05-25');
#32=IFCWORKTIME('Whitsun',.PREDICTED.,$,$,'2028-06-04','2028-06-05');
#33=IFCWORKTIME('Christmas',.PREDICTED.,$,$,'2028-12-25','2028-12-26');
#34=IFCWORKTIME('Construction holiday (northern region)',.PREDICTED.,$,$,'2028-07-24','2028-08-13');
#35=IFCWORKCALENDAR('_HlbW$VPl1Yxnv_nBDbFBd',#6,'Construction calendar NL (LARGE)','Standard construction calendar: Mon-Fri 07:00-16:00',$,(#16),(#17,#18,#19,#20,#21,#22,#23,#24,#25,#26,#27,#28,#29,#30,#31,#32,#33,#34),.FIRSTSHIFT.);
#36=IFCWORKPLAN('I9azAFbngxN5j$5lm$zN_X',#6,'De Vaart Apartment Complex','Apartment complex of three towers on one plot, with the car park/site works delivered by a subcontractor — the "kitchen sink" showcase that carries every advanced feature.',$,$,'2026-08-14T08:19:54',$,$,$,$,$,'2027-03-01T07:00:00','2027-05-19T09:00',.PLANNED.);
#37=IFCWORKSCHEDULE('rN2rTxI9N5fxZtSH9deXSf',#6,'Construction schedule v1.0',$,$,$,'2026-08-14T08:19:54',$,$,$,$,$,'2027-03-01T07:00:00','2027-05-19T09:00',.PLANNED.);
#38=IFCWORKSCHEDULE('Gvsv7PTlhDYNDlTl4BDPvf',#6,'Contract',$,$,$,'2026-08-14T08:19:53.480Z',$,$,$,$,$,$,'2028-04-05T07:00:00',.BASELINE.);
#39=IFCWORKSCHEDULE('S1PLZN79znq5Bpt1FRl319',#6,'Re-baseline (variation order)',$,$,$,'2026-08-14T08:19:53.533Z',$,$,$,$,$,$,'2028-04-10T07:00:00',.BASELINE.);
#40=IFCRELAGGREGATES('X$Ph9TPtbVDd8te$ftI1sz',#6,$,$,#36,(#37,#38,#39));
#41=IFCTASKTIME('Start of Apartment Complex project Time',.PREDICTED.,$,.WORKTIME.,'P0Y0M0D','2027-03-01T07:00:00','2027-03-01T07:00:00','2027-03-01T07:00:00','2027-03-01T07:00:00','2027-03-01T07:00:00','2027-03-01T07:00:00','P0Y0M0D','P0Y0M0D',.F.,'2027-06-10T07:00:00',$,'2027-03-01T07:00:00','2027-03-01T07:00:00','P0Y0M0D',1.0);
#42=IFCTASK('wBgPvBmNc1gzxFZFkVnLE5',#6,'Start of Apartment Complex project',$,$,'1',$,$,$,.T.,$,#41,.CONSTRUCTION.);
#43=IFCTASKTIME('1. Preparation & site clearance Time',.PREDICTED.,$,.WORKTIME.,'P0Y0M5D','2027-03-01T07:00:00','2027-03-05T07:00:00','2027-03-01T07:00:00','2027-04-09T07:00:00','2027-03-01T07:00:00','2027-04-09T07:00:00','P0Y0M0D','P0Y0M0D',.F.,$,$,$,$,$,0.0);
#44=IFCTASK('gdG7dNfN8$IhMtalXDobxr',#6,'1. Preparation & site clearance',$,$,'2',$,$,$,.F.,$,#43,.LOGISTIC.);
#45=IFCTASKTIME('CPT soundings & soil investigation Time',.PREDICTED.,$,.WORKTIME.,'P0Y0M3D','2027-03-01T07:00:00','2027-03-03T07:00:00','2027-03-01T07:00:00','2027-03-03T07:00:00','2027-03-01T07:00:00','2027-03-03T07:00:00','P0Y0M0D','P0Y0M0D',.F.,'2027-06-10T07:00:00',$,'2027-03-01T07:00:00','2027-03-03T07:00:00','P0Y0M0D',1.0);
#46=IFCTASK('aZuFRXDnU70n$rUVRXRFb$',#6,'CPT soundings & soil investigation',$,$,'2.1',$,$,$,.F.,$,#45,.LOGISTIC.);
#47=IFCTASKTIME('Obtain building permit Time',.PREDICTED.,$,.WORKTIME.,'P0Y0M10D','2027-03-01T07:00:00','2027-03-12T07:00:00','2027-03-04T07:00:00','2027-03-17T07:00:00','2027-03-04T07:00:00','2027-03-17T07:00:00','P0Y0M0D','P0Y0M0D',.F.,'2027-06-10T07:00:00',$,'2027-03-04T07:00:00','2027-03-17T07:00:00','P0Y0M0D',1.0);
#48=IFCTASK('zjYLfjTHRBdJAvYFB9A9SN',#6,'Obtain building permit',$,$,'2.2',$,$,$,.F.,$,#47,.LOGISTIC.);
#49=IFCTASKTIME('Municipal road closure (permitted closure period) Time',.PREDICTED.,$,.WORKTIME.,'P0Y0M3D','2027-03-01T07:00:00','2027-03-03T07:00:00','2027-03-11T07:00:00','2027-03-15T07:00:00','2027-03-11T07:00:00','2027-03-15T07:00:00','P0Y0M2D','P0Y0M0D',.F.,'2027-06-10T07:00:00',$,'2027-03-11T07:00:00','2027-03-15T07:00:00','P0Y0M0D',1.0);
#50=IFCTASK('Qxqp1dUnAf3fVl91a5xHVd',#6,'Municipal road closure (permitted closure period)','Hard pin (P6 Mandatory Start): the permitted closure date is fixed by the municipality and overrides the network logic.',$,'2.3',$,$,$,.F.,$,#49,.ATTENDANCE.);
#51=IFCTASKTIME('Construct site road Time',.PREDICTED.,$,.WORKTIME.,'P0Y0M4D','2027-03-01T07:00:00','2027-03-04T07:00:00','2027-03-18T07:00:00','2027-03-23T07:00:00','2027-03-18T07:00:00','2027-03-23T07:00:00','P0Y0M0D','P0Y0M0D',.F.,'2027-06-10T07:00:00',$,'2027-03-18T07:00:00','2027-03-23T07:00:00','P0Y0M0D',1.0);
#52=IFCTASK('SZGPl1nvcVUfZtqF0vWPBP',#6,'Construct site road',$,$,'2.4',$,$,$,.F.,$,#51,.LOGISTIC.);
#53=IFCTASKTIME('Place site huts Time',.PREDICTED.,$,.WORKTIME.,'P0Y0M2D','2027-03-01T07:00:00','2027-03-02T07:00:00','2027-03-24T07:00:00','2027-03-25T07:00:00','2027-03-24T07:00:00','2027-03-25T07:00:00','P0Y0M0D','P0Y0M0D',.F.,'2027-06-10T07:00:00',$,'2027-03-24T07:00:00','2027-03-25T07:00:00','P0Y0M0D',1.0);
#54=IFCTASK('V$NRmPM$MRDt$rA$nR9rSt',#6,'Place site huts',$,$,'2.5',$,$,$,.F.,$,#53,.LOGISTIC.);
#55=IFCTASKTIME('Install utility connections Time',.PREDICTED.,$,.WORKTIME.,'P0Y0M4D','2027-03-01T07:00:00','2027-03-04T07:00:00','2027-03-30T07:00:00','2027-04-02T07:00:00','2027-03-30T07:00:00','2027-04-02T07:00:00','P0Y0M0D','P0Y0M0D',.F.,'2027-06-10T07:00:00',$,'2027-03-30T07:00:00','2027-04-02T07:00:00','P0Y0M0D',1.0);
#56=IFCTASK('uj5VSjIl9L3fT9yFb1H31N',#6,'Install utility connections','Pinned (priority 1000): fixed connection date from the utility company, must not move.',$,'2.6',$,$,$,.F.,1000,#55,.LOGISTIC.);
#57=IFCTASKTIME('Install dewatering Time',.PREDICTED.,$,.WORKTIME.,'P0Y0M5D','2027-03-01T07:00:00','2027-03-05T07:00:00','2027-04-05T07:00:00','2027-04-09T07:00:00','2027-04-05T07:00:00','2027-04-09T07:00:00','P0Y0M0D','P0Y0M0D',.F.,'2027-06-10T07:00:00',$,'2027-04-05T07:00:00','2027-04-09T07:00:00','P0Y0M0D',1.0);
#58=IFCTASK('Hf8XKhxFS1XbPFXV0vunnR',#6,'Install dewatering',$,$,'2.7',$,$,$,.F.,$,#57,.CONSTRUCTION.);
#59=IFCTASKTIME('Site ready for construction Time',.PREDICTED.,$,.WORKTIME.,'P0Y0M0D','2027-03-01T07:00:00','2027-03-01T07:00:00','2027-04-09T07:00:00','2027-04-09T07:00:00','2027-04-09T07:00:00','2027-04-09T07:00:00','P0Y0M0D','P0Y0M0D',.F.,'2027-06-10T07:00:00',$,'2027-04-09T07:00:00','2027-04-09T07:00:00','P0Y0M0D',1.0);
#60=IFCTASK('6rcfeT9NYp61i581EJk$kr',#6,'Site ready for construction',$,$,'2.8',$,$,$,.T.,$,#59,.CONSTRUCTION.);
#61=IFCTASKTIME('2. Foundations & basement/car park Time',.PREDICTED.,$,.WORKTIME.,'P0Y0M5D','2027-03-01T07:00:00','2027-03-05T07:00:00','2027-04-12T07:00:00','2027-06-17T07:00:00','2027-04-12T07:00:00','2028-04-06T07:00:00','P0Y0M0D','P0Y0M0D',.F.,$,$,$,$,$,0.0);
#62=IFCTASK('8LwDtzBHrtg3BP2VT$pd9n',#6,'2. Foundations & basement/car park',$,$,'3',$,$,$,.F.,$,#61,.CONSTRUCTION.);
#63=IFCTASKTIME('Commission dewatering Time',.PREDICTED.,$,.WORKTIME.,'P0Y0M2D','2027-03-01T07:00:00','2027-03-02T07:00:00','2027-04-12T07:00:00','2027-04-13T07:00:00','2027-04-12T07:00:00','2027-04-13T07:00:00','P0Y0M0D','P0Y0M0D',.F.,'2027-06-10T07:00:00',$,'2027-04-12T07:00:00','2027-04-13T07:00:00','P0Y0M0D',1.0);
#64=IFCTASK('qrnx2B8vMxFDKVN$s1Px$p',#6,'Commission dewatering',$,$,'3.1',$,$,$,.F.,$,#63,.CONSTRUCTION.);
#65=IFCTASKTIME('Excavation, building pit Time',.PREDICTED.,$,.WORKTIME.,'P0Y0M6D','2027-03-01T07:00:00','2027-03-08T07:00:00','2027-04-14T07:00:00','2027-04-21T07:00:00','2027-04-14T07:00:00','2027-04-21T07:00:00','P0Y0M0D','P0Y0M0D',.F.,'2027-06-10T07:00:00',$,'2027-04-14T07:00:00','2027-04-21T07:00:00','P0Y0M0D',1.0);
#66=IFCTASK('VzqxALBlfbp9Nv_nVpk5R1',#6,'Excavation, building pit',$,$,'3.2',$,$,$,.F.,$,#65,.CONSTRUCTION.);
#67=IFCTASKTIME('Install sheet piling Time',.PREDICTED.,$,.WORKTIME.,'P0Y0M5D','2027-03-01T07:00:00','2027-03-05T07:00:00','2027-04-22T07:00:00','2027-04-29T07:00:00','2027-04-22T07:00:00','2027-04-29T07:00:00','P0Y0M0D','P0Y0M0D',.F.,'2027-06-10T07:00:00',$,'2027-04-22T07:00:00','2027-04-29T07:00:00','P0Y0M0D',1.0);
#68=IFCTASK('X1HjR1d9L7G$OXplZ$pPzB',#6,'Install sheet piling',$,$,'3.3',$,$,$,.F.,$,#67,.CONSTRUCTION.);
#69=IFCTASKTIME('Pour foundation beams (shared) Time',.PREDICTED.,$,.WORKTIME.,'P0Y0M4D','2027-03-01T07:00:00','2027-03-04T07:00:00','2027-04-30T07:00:00','2027-05-07T07:00:00','2027-04-30T07:00:00','2027-05-07T07:00:00','P0Y0M0D','P0Y0M0D',.F.,'2027-06-10T07:00:00',$,'2027-04-30T07:00:00','2027-05-07T07:00:00','P0Y0M0D',1.0);
#70=IFCTASK('PXRlZfNN45tbfP2VLTzfAz',#6,'Pour foundation beams (shared)',$,$,'3.4',$,$,$,.F.,$,#69,.CONSTRUCTION.);
#71=IFCTASKTIME('Basement earthworks — Tower A Time',.PREDICTED.,$,.WORKTIME.,'P0Y0M3D','2027-03-01T07:00:00','2027-03-03T07:00:00','2027-05-10T07:00:00','2027-05-12T07:00:00','2027-05-10T07:00:00','2027-05-12T07:00:00','P0Y0M0D','P0Y0M0D',.F.,'2027-06-10T07:00:00',$,'2027-05-10T07:00:00','2027-05-12T07:00:00','P0Y0M0D',1.0);
#72=IFCTASK('6HpvJ3JVtBnhI5O$rJnZ$p',#6,'Basement earthworks — Tower A',$,$,'3.5',$,$,$,.F.,$,#71,.CONSTRUCTION.);
#73=IFCTASKTIME('Rebar fixing, basement floor — Tower A Time',.PREDICTED.,$,.WORKTIME.,'PT8H0M0S','2027-03-01T00:00:00','2027-05-13T15:00:00','2027-05-13T07:00:00','2027-05-13T15:00:00','2027-05-13T13:00:00','2027-05-14T13:00:00','P0Y0M0D','P0Y0M0.75D',.F.,'2027-06-10T00:00:00',$,'2027-05-13T07:00:00','2027-05-13T15:00:00','P0Y0M0D',1.0);
#74=IFCTASK('wF7TGtiVVx9bjJlVPn93hp',#6,'Rebar fixing, basement floor — Tower A',$,$,'3.6',$,$,$,.F.,$,#73,.CONSTRUCTION.);
#75=IFCTASKTIME('Pour basement floor — Tower A Time',.PREDICTED.,$,.WORKTIME.,'PT6H0M0S','2027-03-01T00:00:00','2027-05-14T13:00:00','2027-05-14T07:00:00','2027-05-14T13:00:00','2027-05-14T13:00:00','2027-05-18T11:00:00','P0Y0M0D','P0Y0M0.75D',.F.,'2027-06-10T00:00:00',$,'2027-05-14T07:00:00','2027-05-14T13:00:00','P0Y0M0D',1.0);
#76=IFCTASK('HRL1_dzl33Mnzbe$XDMZr7',#6,'Pour basement floor — Tower A',$,$,'3.7',$,$,$,.F.,$,#75,.CONSTRUCTION.);
#77=IFCTASKTIME('Rebar fixing, basement walls — Tower A Time',.PREDICTED.,$,.WORKTIME.,'PT8H0M0S','2027-03-01T00:00:00','2027-05-18T13:00:00','2027-05-14T13:00:00','2027-05-18T13:00:00','2027-05-18T11:00:00','2027-05-19T11:00:00','P0Y0M0D','P0Y0M0.75D',.F.,'2027-06-10T00:00:00',$,'2027-05-14T13:00:00','2027-05-18T13:00:00','P0Y0M0D',1.0);
#78=IFCTASK('K5nDxBd9jhHBibinkTaBuJ',#6,'Rebar fixing, basement walls — Tower A',$,$,'3.8',$,$,$,.F.,$,#77,.CONSTRUCTION.);
#79=IFCTASKTIME('Pour basement walls — Tower A Time',.PREDICTED.,$,.WORKTIME.,'PT4H0M0S','2027-03-01T00:00:00','2027-05-19T09:00:00','2027-05-18T13:00:00','2027-05-19T09:00:00','2027-05-19T11:00:00','2027-05-19T15:00:00','P0Y0M0D','P0Y0M0.75D',.F.,'2027-06-10T00:00:00',$,'2027-05-18T13:00:00','2027-05-19T09:00:00','P0Y0M0D',1.0);
#80=IFCTASK('EBNjFLT1oHLlJ$ZnMByhMN',#6,'Pour basement walls — Tower A',$,$,'3.9',$,$,$,.F.,$,#79,.CONSTRUCTION.);
#81=IFCTASKTIME('Basement earthworks — Tower B Time',.PREDICTED.,$,.WORKTIME.,'P0Y0M3D','2027-03-01T07:00:00','2027-03-03T07:00:00','2027-05-10T07:00:00','2027-05-12T07:00:00','2027-05-10T07:00:00','2027-05-12T07:00:00','P0Y0M0D','P0Y0M0D',.F.,'2027-06-10T07:00:00',$,'2027-05-10T07:00:00','2027-05-12T07:00:00','P0Y0M0D',1.0);
#82=IFCTASK('CNk5IFS$I19znJLFZ1pPb$',#6,'Basement earthworks — Tower B',$,$,'3.10',$,$,$,.F.,$,#81,.CONSTRUCTION.);
#83=IFCTASKTIME('Rebar fixing, basement floor — Tower B Time',.PREDICTED.,$,.WORKTIME.,'PT8H0M0S','2027-03-01T00:00:00','2027-05-13T15:00:00','2027-05-13T07:00:00','2027-05-13T15:00:00','2027-05-13T13:00:00','2027-05-14T13:00:00','P0Y0M0D','P0Y0M0.75D',.F.,'2027-06-10T00:00:00',$,'2027-05-13T07:00:00','2027-05-13T15:00:00','P0Y0M0D',1.0);
#84=IFCTASK('FhxVCvv9HJCZ1XTHq30vr3',#6,'Rebar fixing, basement floor — Tower B',$,$,'3.11',$,$,$,.F.,$,#83,.CONSTRUCTION.);
#85=IFCTASKTIME('Pour basement floor — Tower B Time',.PREDICTED.,$,.WORKTIME.,'PT6H0M0S','2027-03-01T00:00:00','2027-05-14T13:00:00','2027-05-14T07:00:00','2027-05-14T13:00:00','2027-05-14T13:00:00','2027-05-18T11:00:00','P0Y0M0D','P0Y0M0.75D',.F.,'2027-06-10T00:00:00',$,'2027-05-14T07:00:00','2027-05-14T13:00:00','P0Y0M0D',1.0);
#86=IFCTASK('nP6p7r0tZ1ATFdM1XFB1E5',#6,'Pour basement floor — Tower B',$,$,'3.12',$,$,$,.F.,$,#85,.CONSTRUCTION.);
#87=IFCTASKTIME('Rebar fixing, basement walls — Tower B Time',.PREDICTED.,$,.WORKTIME.,'PT8H0M0S','2027-03-01T00:00:00','2027-05-18T13:00:00','2027-05-14T13:00:00','2027-05-18T13:00:00','2027-05-18T11:00:00','2027-05-19T11:00:00','P0Y0M0D','P0Y0M0.75D',.F.,'2027-06-10T00:00:00',$,'2027-05-14T13:00:00','2027-05-18T13:00:00','P0Y0M0D',1.0);
#88=IFCTASK('c$ljVpEtVxN5bhEF_RvbBz',#6,'Rebar fixing, basement walls — Tower B',$,$,'3.13',$,$,$,.F.,$,#87,.CONSTRUCTION.);
#89=IFCTASKTIME('Pour basement walls — Tower B Time',.PREDICTED.,$,.WORKTIME.,'PT4H0M0S','2027-03-01T00:00:00','2027-05-19T09:00:00','2027-05-18T13:00:00','2027-05-19T09:00:00','2027-05-19T11:00:00','2027-05-19T15:00:00','P0Y0M0D','P0Y0M0.75D',.F.,'2027-06-10T00:00:00',$,'2027-05-18T13:00:00','2027-05-19T09:00:00','P0Y0M0D',1.0);
#90=IFCTASK('wLM32ha$MxPBqhMHUrLH3d',#6,'Pour basement walls — Tower B',$,$,'3.14',$,$,$,.F.,$,#89,.CONSTRUCTION.);
#91=IFCTASKTIME('Basement earthworks — Tower C Time',.PREDICTED.,$,.WORKTIME.,'P0Y0M3D','2027-03-01T07:00:00','2027-03-03T07:00:00','2027-05-10T07:00:00','2027-05-12T07:00:00','2027-05-10T07:00:00','2027-05-12T07:00:00','P0Y0M0D','P0Y0M0D',.F.,'2027-06-10T07:00:00',$,'2027-05-10T07:00:00','2027-05-12T07:00:00','P0Y0M0D',1.0);
#92=IFCTASK('s9QfO5sdFnKRVxWXXDobZt',#6,'Basement earthworks — Tower C',$,$,'3.15',$,$,$,.F.,$,#91,.CONSTRUCTION.);
#93=IFCTASKTIME('Rebar fixing, basement floor — Tower C Time',.PREDICTED.,$,.WORKTIME.,'PT8H0M0S','2027-03-01T00:00:00','2027-05-13T15:00:00','2027-05-13T07:00:00','2027-05-13T15:00:00','2027-05-13T13:00:00','2027-05-14T13:00:00','P0Y0M0D','P0Y0M0.75D',.F.,'2027-06-10T00:00:00',$,'2027-05-13T07:00:00','2027-05-13T15:00:00','P0Y0M0D',1.0);
#94=IFCTASK('IRrVWVL$EHbXcF$XULfTDp',#6,'Rebar fixing, basement floor — Tower C',$,$,'3.16',$,$,$,.F.,$,#93,.CONSTRUCTION.);
#95=IFCTASKTIME('Pour basement floor — Tower C Time',.PREDICTED.,$,.WORKTIME.,'PT6H0M0S','2027-03-01T00:00:00','2027-05-14T13:00:00','2027-05-14T07:00:00','2027-05-14T13:00:00','2027-05-14T13:00:00','2027-05-18T11:00:00','P0Y0M0D','P0Y0M0.75D',.F.,'2027-06-10T00:00:00',$,'2027-05-14T07:00:00','2027-05-14T13:00:00','P0Y0M0D',1.0);
#96=IFCTASK('uDfjPfndNF9R5FjnrNQp0t',#6,'Pour basement floor — Tower C',$,$,'3.17',$,$,$,.F.,$,#95,.CONSTRUCTION.);
#97=IFCTASKTIME('Rebar fixing, basement walls — Tower C Time',.PREDICTED.,$,.WORKTIME.,'PT8H0M0S','2027-03-01T00:00:00','2027-05-18T13:00:00','2027-05-14T13:00:00','2027-05-18T13:00:00','2027-05-18T11:00:00','2027-05-19T11:00:00','P0Y0M0D','P0Y0M0.75D',.F.,'2027-06-10T00:00:00',$,'2027-05-14T13:00:00','2027-05-18T13:00:00','P0Y0M0D',1.0);
#98=IFCTASK('OxqxE$sdnnSJUzVVIzuFRX',#6,'Rebar fixing, basement walls — Tower C',$,$,'3.18',$,$,$,.F.,$,#97,.CONSTRUCTION.);
#99=IFCTASKTIME('Pour basement walls — Tower C Time',.PREDICTED.,$,.WORKTIME.,'PT4H0M0S','2027-03-01T00:00:00','2027-05-19T09:00:00','2027-05-18T13:00:00','2027-05-19T09:00:00','2027-05-19T11:00:00','2027-05-19T15:00:00','P0Y0M0D','P0Y0M0.75D',.F.,'2027-06-10T00:00:00',$,'2027-05-18T13:00:00','2027-05-19T09:00:00','P0Y0M0D',1.0);
#100=IFCTASK('9fER0ld9Dbz76phH130v5r',#6,'Pour basement walls — Tower C',$,$,'3.19',$,$,$,.F.,$,#99,.CONSTRUCTION.);
#101=IFCTASKTIME('Basement sealing Time',.PREDICTED.,$,.WORKTIME.,'P0Y0M3D','2027-03-01T07:00:00','2027-03-03T07:00:00','2027-05-20T07:00:00','2027-05-24T07:00:00','2027-05-20T07:00:00','2027-05-24T07:00:00','P0Y0M0D','P0Y0M0D',.F.,'2027-06-10T07:00:00',$,'2027-05-20T07:00:00','2027-05-24T07:00:00','P0Y0M0D',1.0);
#102=IFCTASK('C9Y1knyHXdHJoV3HULFhgt',#6,'Basement sealing',$,$,'3.20',$,$,$,.F.,$,#101,.CONSTRUCTION.);
#103=IFCTASKTIME('Backfill around basement Time',.PREDICTED.,$,.WORKTIME.,'P0Y0M3D','2027-03-01T07:00:00','2027-03-03T07:00:00','2027-05-25T07:00:00','2027-05-27T07:00:00','2027-05-25T07:00:00','2027-05-27T07:00:00','P0Y0M0D','P0Y0M0D',.F.,'2027-06-10T07:00:00',$,'2027-05-25T07:00:00','2027-05-27T07:00:00','P0Y0M0D',1.0);
#104=IFCTASK('ovEn9Xg$sfpPCn9$9vSzzd',#6,'Backfill around basement',$,$,'3.21',$,$,$,.F.,$,#103,.CONSTRUCTION.);
#105=IFCTASKTIME('Pour parking deck (ground floor cover) Time',.PREDICTED.,$,.WORKTIME.,'P0Y0M5D','2027-03-01T07:00:00','2027-03-05T07:00:00','2027-05-28T07:00:00','2027-06-03T07:00:00','2027-05-28T07:00:00','2027-06-03T07:00:00','P0Y0M0D','P0Y0M0D',.F.,'2027-06-10T07:00:00',$,'2027-05-28T07:00:00','2027-06-03T07:00:00','P0Y0M0D',1.0);
#106=IFCTASK('rt2VGt41mzG$8tWV3HVD0f',#6,'Pour parking deck (ground floor cover)',$,$,'3.22',$,$,$,.F.,$,#105,.CONSTRUCTION.);
#107=IFCTASKTIME('Remove sheet piling Time',.PREDICTED.,$,.WORKTIME.,'P0Y0M2D','2027-03-01T07:00:00','2027-03-02T07:00:00','2027-06-04T07:00:00','2027-06-07T07:00:00','2027-06-04T07:00:00','2027-06-07T07:00:00','P0Y0M0D','P0Y0M0D',.F.,'2027-06-10T07:00:00',$,'2027-06-04T07:00:00','2027-06-07T07:00:00','P0Y0M0D',1.0);
#108=IFCTASK('mt4T8rGfWRjNNRO$qF7peh',#6,'Remove sheet piling',$,$,'3.23',$,$,$,.F.,$,#107,.CONSTRUCTION.);
#109=IFCTASKTIME('Basement watertight — inspection Time',.PREDICTED.,$,.WORKTIME.,'P0Y0M0D','2027-03-01T07:00:00','2027-03-01T07:00:00','2027-06-07T07:00:00','2027-06-07T07:00:00','2027-06-07T07:00:00','2027-06-07T07:00:00','P0Y0M0D','P0Y0M0D',.F.,'2027-06-10T07:00:00',$,'2027-06-07T07:00:00','2027-06-07T07:00:00','P0Y0M0D',1.0);
#110=IFCTASK('lRZfKtT1s9lBGbe1CZa3PL',#6,'Basement watertight — inspection',$,$,'3.24',$,$,$,.T.,$,#109,.CONSTRUCTION.);
#111=IFCTASKTIME('3. Structural works, towers A/B/C (parallel) Time',.PREDICTED.,$,.WORKTIME.,'P0Y0M5D','2027-03-01T07:00:00','2027-03-05T07:00:00','2027-06-08T07:00:00','2027-10-08T07:00:00','2027-06-08T07:00:00','2028-04-10T07:00:00','P0Y0M0D','P0Y0M0D',.T.,$,$,$,$,$,0.0);
#112=IFCTASK('0nBnJzJXxnvLsvIn0vGfcH',#6,'3. Structural works, towers A/B/C (parallel)',$,$,'4',$,$,$,.F.,$,#111,.CONSTRUCTION.);
#113=IFCTASKTIME('Erect tower crane Time',.PREDICTED.,$,.WORKTIME.,'P0Y0M3D','2027-03-01T07:00:00','2027-03-03T07:00:00','2027-06-08T07:00:00','2027-06-10T07:00:00','2027-06-08T07:00:00','2027-06-10T07:00:00','P0Y0M0D','P0Y0M0D',.F.,'2027-06-10T07:00:00',$,'2027-06-08T07:00:00','2027-06-10T07:00:00','P0Y0M0D',1.0);
#114=IFCTASK('g7Kb0n31K9oByZ3nKJoX0f',#6,'Erect tower crane',$,$,'4.1',$,$,$,.F.,$,#113,.LOGISTIC.);
#115=IFCTASKTIME('Structural works — Tower A Time',.PREDICTED.,$,.WORKTIME.,'P0Y0M5D','2027-03-01T07:00:00','2027-03-05T07:00:00','2027-06-11T07:00:00','2027-10-06T07:00:00','2027-06-11T07:00:00','2028-04-06T07:00:00','P0Y0M0D','P0Y0M0D',.T.,$,$,$,$,$,0.0);
#116=IFCTASK('NvyZyTOPZjKbR$d$8rS3hp',#6,'Structural works — Tower A',$,$,'4.2',$,$,$,.F.,$,#115,.CONSTRUCTION.);
#117=IFCTASKTIME('Pour ground floor slab — Tower A Time',.PREDICTED.,$,.WORKTIME.,'P0Y0M4D','2027-03-01T07:00:00','2027-03-04T07:00:00','2027-06-11T07:00:00','2027-06-16T07:00:00','2027-06-11T07:00:00','2027-06-16T07:00:00','P0Y0M0D','P0Y0M0D',.T.,$,$,$,$,$,0.0);
#118=IFCTASK('FvcNm7k933cV2ds197Cbdr',#6,'Pour ground floor slab — Tower A',$,$,'4.2.1',$,$,$,.F.,$,#117,.CONSTRUCTION.);
#119=IFCTASKTIME('Walls, floor 1 — Tower A Time',.PREDICTED.,$,.WORKTIME.,'P0Y0M4D','2027-03-01T07:00:00','2027-03-04T07:00:00','2027-06-17T07:00:00','2027-06-22T07:00:00','2027-06-17T07:00:00','2027-06-22T07:00:00','P0Y0M0D','P0Y0M0D',.T.,$,$,$,$,$,0.0);
#120=IFCTASK('2DIlb5NNEHx1KbqFKDEbFV',#6,'Walls, floor 1 — Tower A',$,$,'4.2.2',$,$,$,.F.,$,#119,.CONSTRUCTION.);
#121=IFCTASKTIME('Slab, floor 1 — Tower A Time',.PREDICTED.,$,.WORKTIME.,'P0Y0M3D','2027-03-01T07:00:00','2027-03-03T07:00:00','2027-06-21T07:00:00','2027-06-23T07:00:00','2027-06-21T07:00:00','2027-06-23T07:00:00','P0Y0M0D','P0Y0M0D',.T.,$,$,$,$,$,0.0);
#122=IFCTASK('IfO1Qjs$utVRxHN$IZKxVZ',#6,'Slab, floor 1 — Tower A',$,$,'4.2.3',$,$,$,.F.,$,#121,.CONSTRUCTION.);
#123=IFCTASKTIME('Walls, floor 2 — Tower A Time',.PREDICTED.,$,.WORKTIME.,'P0Y0M4D','2027-03-01T07:00:00','2027-03-04T07:00:00','2027-06-24T07:00:00','2027-06-29T07:00:00','2027-06-24T07:00:00','2027-06-29T07:00:00','P0Y0M0D','P0Y0M0D',.T.,$,$,$,$,$,0.0);
#124=IFCTASK('2DoF9$gPljSJInZnsxMZzh',#6,'Walls, floor 2 — Tower A',$,$,'4.2.4',$,$,$,.F.,$,#123,.CONSTRUCTION.);
#125=IFCTASKTIME('Slab, floor 2 — Tower A Time',.PREDICTED.,$,.WORKTIME.,'P0Y0M3D','2027-03-01T07:00:00','2027-03-03T07:00:00','2027-06-28T07:00:00','2027-06-30T07:00:00','2027-06-28T07:00:00','2027-06-30T07:00:00','P0Y0M0D','P0Y0M0D',.T.,$,$,$,$,$,0.0);
#126=IFCTASK('_J_rTRYFA97DadQ12fcpux',#6,'Slab, floor 2 — Tower A',$,$,'4.2.5',$,$,$,.F.,$,#125,.CONSTRUCTION.);
#127=IFCTASKTIME('Walls, floor 3 — Tower A Time',.PREDICTED.,$,.WORKTIME.,'P0Y0M4D','2027-03-01T07:00:00','2027-03-04T07:00:00','2027-07-01T07:00:00','2027-07-06T07:00:00','2027-07-01T07:00:00','2027-07-06T07:00:00','P0Y0M0D','P0Y0M0D',.T.,$,$,$,$,$,0.0);
#128=IFCTASK('ivCxAHldPDsHtB2V7Xbnd7',#6,'Walls, floor 3 — Tower A',$,$,'4.2.6',$,$,$,.F.,$,#127,.CONSTRUCTION.);
#129=IFCTASKTIME('Slab, floor 3 — Tower A Time',.PREDICTED.,$,.WORKTIME.,'P0Y0M3D','2027-03-01T07:00:00','2027-03-03T07:00:00','2027-07-05T07:00:00','2027-07-07T07:00:00','2027-07-05T07:00:00','2027-07-07T07:00:00','P0Y0M0D','P0Y0M0D',.T.,$,$,$,$,$,0.0);
#130=IFCTASK('c1nphjA18VslXHVVsxYhw1',#6,'Slab, floor 3 — Tower A',$,$,'4.2.7',$,$,$,.F.,$,#129,.CONSTRUCTION.);
#131=IFCTASKTIME('Walls, floor 4 — Tower A Time',.PREDICTED.,$,.WORKTIME.,'P0Y0M4D','2027-03-01T07:00:00','2027-03-04T07:00:00','2027-07-08T07:00:00','2027-07-13T07:00:00','2027-07-08T07:00:00','2027-07-13T07:00:00','P0Y0M0D','P0Y0M0D',.T.,$,$,$,$,$,0.0);
#132=IFCTASK('SzyTW$7thJUxDFFXFNYhgN',#6,'Walls, floor 4 — Tower A',$,$,'4.2.8',$,$,$,.F.,$,#131,.CONSTRUCTION.);
#133=IFCTASKTIME('Slab, floor 4 — Tower A Time',.PREDICTED.,$,.WORKTIME.,'P0Y0M3D','2027-03-01T07:00:00','2027-03-03T07:00:00','2027-07-12T07:00:00','2027-07-14T07:00:00','2027-07-12T07:00:00','2027-07-14T07:00:00','P0Y0M0D','P0Y0M0D',.T.,$,$,$,$,$,0.0);
#134=IFCTASK('h3Nb41UNWRjN5bKHiVTNsP',#6,'Slab, floor 4 — Tower A',$,$,'4.2.9',$,$,$,.F.,$,#133,.CONSTRUCTION.);
#135=IFCTASKTIME('Walls, floor 5 — Tower A Time',.PREDICTED.,$,.WORKTIME.,'P0Y0M4D','2027-03-01T07:00:00','2027-03-04T07:00:00','2027-07-15T07:00:00','2027-07-20T07:00:00','2027-07-15T07:00:00','2027-07-20T07:00:00','P0Y0M0D','P0Y0M0D',.T.,$,$,$,$,$,0.0);
#136=IFCTASK('6nNJFhBl73GVYfKlm1rFb1',#6,'Walls, floor 5 — Tower A',$,$,'4.2.10',$,$,$,.F.,$,#135,.CONSTRUCTION.);
#137=IFCTASKTIME('Slab, floor 5 — Tower A Time',.PREDICTED.,$,.WORKTIME.,'P0Y0M3D','2027-03-01T07:00:00','2027-03-03T07:00:00','2027-07-19T07:00:00','2027-07-21T07:00:00','2027-07-19T07:00:00','2027-07-21T07:00:00','P0Y0M0D','P0Y0M0D',.T.,$,$,$,$,$,0.0);
#138=IFCTASK('fTBXal097NkdSPUVRVZNUp',#6,'Slab, floor 5 — Tower A',$,$,'4.2.11',$,$,$,.F.,$,#137,.CONSTRUCTION.);
#139=IFCTASKTIME('Walls, floor 6 — Tower A Time',.PREDICTED.,$,.WORKTIME.,'P0Y0M4D','2027-03-01T07:00:00','2027-03-04T07:00:00','2027-07-22T07:00:00','2027-08-17T07:00:00','2027-07-22T07:00:00','2027-08-17T07:00:00','P0Y0M0D','P0Y0M0D',.T.,$,$,$,$,$,0.0);
#140=IFCTASK('X$7rzhaHRhZt7$3FeDDdBd',#6,'Walls, floor 6 — Tower A',$,$,'4.2.12',$,$,$,.F.,$,#139,.CONSTRUCTION.);
#141=IFCTASKTIME('Slab, floor 6 — Tower A Time',.PREDICTED.,$,.WORKTIME.,'P0Y0M3D','2027-03-01T07:00:00','2027-03-03T07:00:00','2027-08-16T07:00:00','2027-08-18T07:00:00','2027-08-16T07:00:00','2027-08-18T07:00:00','P0Y0M0D','P0Y0M0D',.T.,$,$,$,$,$,0.0);
#142=IFCTASK('j5Ph9zhHnTQDmxKnopMTRX',#6,'Slab, floor 6 — Tower A',$,$,'4.2.13',$,$,$,.F.,$,#141,.CONSTRUCTION.);
#143=IFCTASKTIME('Walls, floor 7 — Tower A Time',.PREDICTED.,$,.WORKTIME.,'P0Y0M4D','2027-03-01T07:00:00','2027-03-04T07:00:00','2027-08-19T07:00:00','2027-08-24T07:00:00','2027-08-19T07:00:00','2027-08-24T07:00:00','P0Y0M0D','P0Y0M0D',.T.,$,$,$,$,$,0.0);
#144=IFCTASK('4lrnRV5V$91xBp9$5LmfYH',#6,'Walls, floor 7 — Tower A',$,$,'4.2.14',$,$,$,.F.,$,#143,.CONSTRUCTION.);
#145=IFCTASKTIME('Slab, floor 7 — Tower A Time',.PREDICTED.,$,.WORKTIME.,'P0Y0M3D','2027-03-01T07:00:00','2027-03-03T07:00:00','2027-08-23T07:00:00','2027-08-25T07:00:00','2027-08-23T07:00:00','2027-08-25T07:00:00','P0Y0M0D','P0Y0M0D',.T.,$,$,$,$,$,0.0);
#146=IFCTASK('oPgzg5n7Y70n7VnXzJoXab',#6,'Slab, floor 7 — Tower A',$,$,'4.2.15',$,$,$,.F.,$,#145,.CONSTRUCTION.);
#147=IFCTASKTIME('Walls, floor 8 — Tower A Time',.PREDICTED.,$,.WORKTIME.,'P0Y0M4D','2027-03-01T07:00:00','2027-03-04T07:00:00','2027-08-26T07:00:00','2027-08-31T07:00:00','2027-08-26T07:00:00','2027-08-31T07:00:00','P0Y0M0D','P0Y0M0D',.T.,$,$,$,$,$,0.0);
#148=IFCTASK('IbDdtzLHvNkPO1P1KXRn79',#6,'Walls, floor 8 — Tower A',$,$,'4.2.16',$,$,$,.F.,$,#147,.CONSTRUCTION.);
#149=IFCTASKTIME('Slab, floor 8 — Tower A Time',.PREDICTED.,$,.WORKTIME.,'P0Y0M3D','2027-03-01T07:00:00','2027-03-03T07:00:00','2027-08-30T07:00:00','2027-09-01T07:00:00','2027-08-30T07:00:00','2027-09-01T07:00:00','P0Y0M0D','P0Y0M0D',.T.,$,$,$,$,$,0.0);
#150=IFCTASK('N7qpnn5FCZ_bbVbnql5Xux',#6,'Slab, floor 8 — Tower A',$,$,'4.2.17',$,$,$,.F.,$,#149,.CONSTRUCTION.);
#151=IFCTASKTIME('Walls, floor 9 — Tower A Time',.PREDICTED.,$,.WORKTIME.,'P0Y0M4D','2027-03-01T07:00:00','2027-03-04T07:00:00','2027-09-02T07:00:00','2027-09-07T07:00:00','2027-09-02T07:00:00','2027-09-07T07:00:00','P0Y0M0D','P0Y0M0D',.T.,$,$,$,$,$,0.0);
#152=IFCTASK('L7q5UxsdTp8NRL_F9PeXeT',#6,'Walls, floor 9 — Tower A',$,$,'4.2.18',$,$,$,.F.,$,#151,.CONSTRUCTION.);
#153=IFCTASKTIME('Slab, floor 9 — Tower A Time',.PREDICTED.,$,.WORKTIME.,'P0Y0M3D','2027-03-01T07:00:00','2027-03-03T07:00:00','2027-09-06T07:00:00','2027-09-08T07:00:00','2027-09-06T07:00:00','2027-09-08T07:00:00','P0Y0M0D','P0Y0M0D',.T.,$,$,$,$,$,0.0);
#154=IFCTASK('PXDd7LSl3Hu7grkVYParSR',#6,'Slab, floor 9 — Tower A',$,$,'4.2.19',$,$,$,.F.,$,#153,.CONSTRUCTION.);
#155=IFCTASKTIME('Walls, floor 10 — Tower A Time',.PREDICTED.,$,.WORKTIME.,'P0Y0M4D','2027-03-01T07:00:00','2027-03-04T07:00:00','2027-09-09T07:00:00','2027-09-14T07:00:00','2027-09-09T07:00:00','2027-09-14T07:00:00','P0Y0M0D','P0Y0M0D',.T.,$,$,$,$,$,0.0);
#156=IFCTASK('aVTfihz1CvWHpHzlkVVblH',#6,'Walls, floor 10 — Tower A',$,$,'4.2.20',$,$,$,.F.,$,#155,.CONSTRUCTION.);
#157=IFCTASKTIME('Slab, floor 10 — Tower A Time',.PREDICTED.,$,.WORKTIME.,'P0Y0M3D','2027-03-01T07:00:00','2027-03-03T07:00:00','2027-09-13T07:00:00','2027-09-15T07:00:00','2027-09-13T07:00:00','2027-09-15T07:00:00','P0Y0M0D','P0Y0M0D',.T.,$,$,$,$,$,0.0);
#158=IFCTASK('xLQJt$UNedHjMLslaxpdjz',#6,'Slab, floor 10 — Tower A',$,$,'4.2.21',$,$,$,.F.,$,#157,.CONSTRUCTION.);
#159=IFCTASKTIME('Walls, floor 11 — Tower A Time',.PREDICTED.,$,.WORKTIME.,'P0Y0M4D','2027-03-01T07:00:00','2027-03-04T07:00:00','2027-09-16T07:00:00','2027-09-21T07:00:00','2027-09-16T07:00:00','2027-09-21T07:00:00','P0Y0M0D','P0Y0M0D',.T.,$,$,$,$,$,0.0);
#160=IFCTASK('j9ijrPolnT6JYzt1a5pdxH',#6,'Walls, floor 11 — Tower A',$,$,'4.2.22',$,$,$,.F.,$,#159,.CONSTRUCTION.);
#161=IFCTASKTIME('Slab, floor 11 — Tower A Time',.PREDICTED.,$,.WORKTIME.,'P0Y0M3D','2027-03-01T07:00:00','2027-03-03T07:00:00','2027-09-20T07:00:00','2027-09-22T07:00:00','2027-09-20T07:00:00','2027-09-22T07:00:00','P0Y0M0D','P0Y0M0D',.T.,$,$,$,$,$,0.0);
#162=IFCTASK('f7CpvrOdrfgn$h2F3FTfA7',#6,'Slab, floor 11 — Tower A',$,$,'4.2.23',$,$,$,.F.,$,#161,.CONSTRUCTION.);
#163=IFCTASKTIME('Walls, floor 12 — Tower A Time',.PREDICTED.,$,.WORKTIME.,'P0Y0M4D','2027-03-01T07:00:00','2027-03-04T07:00:00','2027-09-23T07:00:00','2027-09-28T07:00:00','2027-09-23T07:00:00','2027-09-28T07:00:00','P0Y0M0D','P0Y0M0D',.T.,$,$,$,$,$,0.0);
#164=IFCTASK('4HZfCxlvy5dButmV29YF5H',#6,'Walls, floor 12 — Tower A',$,$,'4.2.24',$,$,$,.F.,$,#163,.CONSTRUCTION.);
#165=IFCTASKTIME('Slab, floor 12 — Tower A Time',.PREDICTED.,$,.WORKTIME.,'P0Y0M3D','2027-03-01T07:00:00','2027-03-03T07:00:00','2027-09-27T07:00:00','2027-09-29T07:00:00','2027-09-27T07:00:00','2027-09-29T07:00:00','P0Y0M0D','P0Y0M0D',.T.,$,$,$,$,$,0.0);
#166=IFCTASK('EhhlDHGNQVQX2Df17RA9ux',#6,'Slab, floor 12 — Tower A',$,$,'4.2.25',$,$,$,.F.,$,#165,.CONSTRUCTION.);
#167=IFCTASKTIME('Stair core & lift shaft — Tower A Time',.PREDICTED.,$,.WORKTIME.,'P0Y0M36D','2027-03-01T07:00:00','2027-04-19T07:00:00','2027-06-11T07:00:00','2027-08-20T07:00:00','2028-02-17T07:00:00','2028-04-06T07:00:00','P0Y0M33D','P0Y0M164D',.F.,$,$,$,$,$,0.0);
#168=IFCTASK('6hsZ0l9fAfb1mhYn$1zfot',#6,'Stair core & lift shaft — Tower A',$,$,'4.2.26',$,$,$,.F.,$,#167,.CONSTRUCTION.);
#169=IFCTASKTIME('Install roof structure — Tower A Time',.PREDICTED.,$,.WORKTIME.,'P0Y0M5D','2027-03-01T07:00:00','2027-03-05T07:00:00','2027-09-30T07:00:00','2027-10-06T07:00:00','2027-09-30T07:00:00','2027-10-06T07:00:00','P0Y0M0D','P0Y0M0D',.T.,$,$,$,$,$,0.0);
#170=IFCTASK('Erd3QpYNK9UxLTLHJ9Q7xB',#6,'Install roof structure — Tower A',$,$,'4.2.27',$,$,$,.F.,$,#169,.CONSTRUCTION.);
#171=IFCTASKTIME('Structural works complete — Tower A Time',.PREDICTED.,$,.WORKTIME.,'P0Y0M0D','2027-03-01T07:00:00','2027-03-01T07:00:00','2027-10-06T07:00:00','2027-10-06T07:00:00','2028-04-06T07:00:00','2028-04-06T07:00:00','P0Y0M0D','P0Y0M131D',.F.,$,$,$,$,$,0.0);
#172=IFCTASK('P1FpTtBlV7Dtt9yH5l3Ncl',#6,'Structural works complete — Tower A',$,$,'4.2.28',$,$,$,.T.,$,#171,.CONSTRUCTION.);
#173=IFCTASKTIME('Structural works — Tower B Time',.PREDICTED.,$,.WORKTIME.,'P0Y0M5D','2027-03-01T07:00:00','2027-03-05T07:00:00','2027-06-11T07:00:00','2027-10-06T07:00:00','2027-06-11T07:00:00','2028-04-06T07:00:00','P0Y0M0D','P0Y0M0D',.T.,$,$,$,$,$,0.0);
#174=IFCTASK('L7KbCbDnUp61aDv$YvGtm1',#6,'Structural works — Tower B',$,$,'4.3',$,$,$,.F.,$,#173,.CONSTRUCTION.);
#175=IFCTASKTIME('Pour ground floor slab — Tower B Time',.PREDICTED.,$,.WORKTIME.,'P0Y0M4D','2027-03-01T07:00:00','2027-03-04T07:00:00','2027-06-11T07:00:00','2027-06-16T07:00:00','2027-06-11T07:00:00','2027-06-16T07:00:00','P0Y0M0D','P0Y0M0D',.T.,$,$,$,$,$,0.0);
#176=IFCTASK('XTG7fHGfu$M3fvYnBNwJg9',#6,'Pour ground floor slab — Tower B',$,$,'4.3.1',$,$,$,.F.,$,#175,.CONSTRUCTION.);
#177=IFCTASKTIME('Walls, floor 1 — Tower B Time',.PREDICTED.,$,.WORKTIME.,'P0Y0M4D','2027-03-01T07:00:00','2027-03-04T07:00:00','2027-06-17T07:00:00','2027-06-22T07:00:00','2027-06-17T07:00:00','2027-06-22T07:00:00','P0Y0M0D','P0Y0M0D',.T.,$,$,$,$,$,0.0);
#178=IFCTASK('ZTWfaD67sLPjsPkV_fAzBZ',#6,'Walls, floor 1 — Tower B',$,$,'4.3.2',$,$,$,.F.,$,#177,.CONSTRUCTION.);
#179=IFCTASKTIME('Slab, floor 1 — Tower B Time',.PREDICTED.,$,.WORKTIME.,'P0Y0M3D','2027-03-01T07:00:00','2027-03-03T07:00:00','2027-06-21T07:00:00','2027-06-23T07:00:00','2027-06-21T07:00:00','2027-06-23T07:00:00','P0Y0M0D','P0Y0M0D',.T.,$,$,$,$,$,0.0);
#180=IFCTASK('5lLHBzCXnHm$WJv$zj2HhJ',#6,'Slab, floor 1 — Tower B',$,$,'4.3.3',$,$,$,.F.,$,#179,.CONSTRUCTION.);
#181=IFCTASKTIME('Walls, floor 2 — Tower B Time',.PREDICTED.,$,.WORKTIME.,'P0Y0M4D','2027-03-01T07:00:00','2027-03-04T07:00:00','2027-06-24T07:00:00','2027-06-29T07:00:00','2027-06-24T07:00:00','2027-06-29T07:00:00','P0Y0M0D','P0Y0M0D',.T.,$,$,$,$,$,0.0);
#182=IFCTASK('ovklDl8dbrlBSdQ$QTR1_X',#6,'Walls, floor 2 — Tower B',$,$,'4.3.4',$,$,$,.F.,$,#181,.CONSTRUCTION.);
#183=IFCTASKTIME('Slab, floor 2 — Tower B Time',.PREDICTED.,$,.WORKTIME.,'P0Y0M3D','2027-03-01T07:00:00','2027-03-03T07:00:00','2027-06-28T07:00:00','2027-06-30T07:00:00','2027-06-28T07:00:00','2027-06-30T07:00:00','P0Y0M0D','P0Y0M0D',.T.,$,$,$,$,$,0.0);
#184=IFCTASK('O37rFBfNu$2RPn$VU7WPTb',#6,'Slab, floor 2 — Tower B',$,$,'4.3.5',$,$,$,.F.,$,#183,.CONSTRUCTION.);
#185=IFCTASKTIME('Walls, floor 3 — Tower B Time',.PREDICTED.,$,.WORKTIME.,'P0Y0M4D','2027-03-01T07:00:00','2027-03-04T07:00:00','2027-07-01T07:00:00','2027-07-06T07:00:00','2027-07-01T07:00:00','2027-07-06T07:00:00','P0Y0M0D','P0Y0M0D',.T.,$,$,$,$,$,0.0);
#186=IFCTASK('O5C5o$UNWx9RJjHXFRd59F',#6,'Walls, floor 3 — Tower B',$,$,'4.3.6',$,$,$,.F.,$,#185,.CONSTRUCTION.);
#187=IFCTASKTIME('Slab, floor 3 — Tower B Time',.PREDICTED.,$,.WORKTIME.,'P0Y0M3D','2027-03-01T07:00:00','2027-03-03T07:00:00','2027-07-05T07:00:00','2027-07-07T07:00:00','2027-07-05T07:00:00','2027-07-07T07:00:00','P0Y0M0D','P0Y0M0D',.T.,$,$,$,$,$,0.0);
#188=IFCTASK('0FR$6dEl$BJvs7MHMLOHrz',#6,'Slab, floor 3 — Tower B',$,$,'4.3.7',$,$,$,.F.,$,#187,.CONSTRUCTION.);
#189=IFCTASKTIME('Walls, floor 4 — Tower B Time',.PREDICTED.,$,.WORKTIME.,'P0Y0M4D','2027-03-01T07:00:00','2027-03-04T07:00:00','2027-07-08T07:00:00','2027-07-13T07:00:00','2027-07-08T07:00:00','2027-07-13T07:00:00','P0Y0M0D','P0Y0M0D',.T.,$,$,$,$,$,0.0);
#190=IFCTASK('EhR1QJA1arjvgfmVyBBFB7',#6,'Walls, floor 4 — Tower B',$,$,'4.3.8',$,$,$,.F.,$,#189,.CONSTRUCTION.);
#191=IFCTASKTIME('Slab, floor 4 — Tower B Time',.PREDICTED.,$,.WORKTIME.,'P0Y0M3D','2027-03-01T07:00:00','2027-03-03T07:00:00','2027-07-12T07:00:00','2027-07-14T07:00:00','2027-07-12T07:00:00','2027-07-14T07:00:00','P0Y0M0D','P0Y0M0D',.T.,$,$,$,$,$,0.0);
#192=IFCTASK('nrlRSJwXXbbXsbu$A5A33d',#6,'Slab, floor 4 — Tower B',$,$,'4.3.9',$,$,$,.F.,$,#191,.CONSTRUCTION.);
#193=IFCTASKTIME('Walls, floor 5 — Tower B Time',.PREDICTED.,$,.WORKTIME.,'P0Y0M4D','2027-03-01T07:00:00','2027-03-04T07:00:00','2027-07-15T07:00:00','2027-07-20T07:00:00','2027-07-15T07:00:00','2027-07-20T07:00:00','P0Y0M0D','P0Y0M0D',.T.,$,$,$,$,$,0.0);
#194=IFCTASK('gP0tQNGN4nnp0T1XgFPJsP',#6,'Walls, floor 5 — Tower B',$,$,'4.3.10',$,$,$,.F.,$,#193,.CONSTRUCTION.);
#195=IFCTASKTIME('Slab, floor 5 — Tower B Time',.PREDICTED.,$,.WORKTIME.,'P0Y0M3D','2027-03-01T07:00:00','2027-03-03T07:00:00','2027-07-19T07:00:00','2027-07-21T07:00:00','2027-07-19T07:00:00','2027-07-21T07:00:00','P0Y0M0D','P0Y0M0D',.T.,$,$,$,$,$,0.0);
#196=IFCTASK('GdMzMbjnWbJf3PoVm$rFv9',#6,'Slab, floor 5 — Tower B',$,$,'4.3.11',$,$,$,.F.,$,#195,.CONSTRUCTION.);
#197=IFCTASKTIME('Walls, floor 6 — Tower B Time',.PREDICTED.,$,.WORKTIME.,'P0Y0M4D','2027-03-01T07:00:00','2027-03-04T07:00:00','2027-07-22T07:00:00','2027-08-17T07:00:00','2027-07-22T07:00:00','2027-08-17T07:00:00','P0Y0M0D','P0Y0M0D',.T.,$,$,$,$,$,0.0);
#198=IFCTASK('5LERyXwVTVUfLZxlmnhXKV',#6,'Walls, floor 6 — Tower B',$,$,'4.3.12',$,$,$,.F.,$,#197,.CONSTRUCTION.);
#199=IFCTASKTIME('Slab, floor 6 — Tower B Time',.PREDICTED.,$,.WORKTIME.,'P0Y0M3D','2027-03-01T07:00:00','2027-03-03T07:00:00','2027-08-16T07:00:00','2027-08-18T07:00:00','2027-08-16T07:00:00','2027-08-18T07:00:00','P0Y0M0D','P0Y0M0D',.T.,$,$,$,$,$,0.0);
#200=IFCTASK('QRWNWXZlRh3fJ1LHPnvpKj',#6,'Slab, floor 6 — Tower B',$,$,'4.3.13',$,$,$,.F.,$,#199,.CONSTRUCTION.);
#201=IFCTASKTIME('Walls, floor 7 — Tower B Time',.PREDICTED.,$,.WORKTIME.,'P0Y0M4D','2027-03-01T07:00:00','2027-03-04T07:00:00','2027-08-19T07:00:00','2027-08-24T07:00:00','2027-08-19T07:00:00','2027-08-24T07:00:00','P0Y0M0D','P0Y0M0D',.T.,$,$,$,$,$,0.0);
#202=IFCTASK('g3lJhNGNyx7hYfilG$Z9SR',#6,'Walls, floor 7 — Tower B',$,$,'4.3.14',$,$,$,.F.,$,#201,.CONSTRUCTION.);
#203=IFCTASKTIME('Slab, floor 7 — Tower B Time',.PREDICTED.,$,.WORKTIME.,'P0Y0M3D','2027-03-01T07:00:00','2027-03-03T07:00:00','2027-08-23T07:00:00','2027-08-25T07:00:00','2027-08-23T07:00:00','2027-08-25T07:00:00','P0Y0M0D','P0Y0M0D',.T.,$,$,$,$,$,0.0);
#204=IFCTASK('uhob8DffkBFLgrA1BppPDj',#6,'Slab, floor 7 — Tower B',$,$,'4.3.15',$,$,$,.F.,$,#203,.CONSTRUCTION.);
#205=IFCTASKTIME('Walls, floor 8 — Tower B Time',.PREDICTED.,$,.WORKTIME.,'P0Y0M4D','2027-03-01T07:00:00','2027-03-04T07:00:00','2027-08-26T07:00:00','2027-08-31T07:00:00','2027-08-26T07:00:00','2027-08-31T07:00:00','P0Y0M0D','P0Y0M0D',.T.,$,$,$,$,$,0.0);
#206=IFCTASK('orNJFhhlbrnhAvgHARAt4P',#6,'Walls, floor 8 — Tower B',$,$,'4.3.16',$,$,$,.F.,$,#205,.CONSTRUCTION.);
#207=IFCTASKTIME('Slab, floor 8 — Tower B Time',.PREDICTED.,$,.WORKTIME.,'P0Y0M3D','2027-03-01T07:00:00','2027-03-03T07:00:00','2027-08-30T07:00:00','2027-09-01T07:00:00','2027-08-30T07:00:00','2027-09-01T07:00:00','P0Y0M0D','P0Y0M0D',.T.,$,$,$,$,$,0.0);
#208=IFCTASK('QxC56v_fgRBnnplXtdmf2$',#6,'Slab, floor 8 — Tower B',$,$,'4.3.17',$,$,$,.F.,$,#207,.CONSTRUCTION.);
#209=IFCTASKTIME('Walls, floor 9 — Tower B Time',.PREDICTED.,$,.WORKTIME.,'P0Y0M4D','2027-03-01T07:00:00','2027-03-04T07:00:00','2027-09-02T07:00:00','2027-09-07T07:00:00','2027-09-02T07:00:00','2027-09-07T07:00:00','P0Y0M0D','P0Y0M0D',.T.,$,$,$,$,$,0.0);
#210=IFCTASK('UZ0tIJ5Vrt_R99Cl6JtBql',#6,'Walls, floor 9 — Tower B',$,$,'4.3.18',$,$,$,.F.,$,#209,.CONSTRUCTION.);
#211=IFCTASKTIME('Slab, floor 9 — Tower B Time',.PREDICTED.,$,.WORKTIME.,'P0Y0M3D','2027-03-01T07:00:00','2027-03-03T07:00:00','2027-09-06T07:00:00','2027-09-08T07:00:00','2027-09-06T07:00:00','2027-09-08T07:00:00','P0Y0M0D','P0Y0M0D',.T.,$,$,$,$,$,0.0);
#212=IFCTASK('1FR12hiVXxdBaD91Jf6Jsv',#6,'Slab, floor 9 — Tower B',$,$,'4.3.19',$,$,$,.F.,$,#211,.CONSTRUCTION.);
#213=IFCTASKTIME('Walls, floor 10 — Tower B Time',.PREDICTED.,$,.WORKTIME.,'P0Y0M4D','2027-03-01T07:00:00','2027-03-04T07:00:00','2027-09-09T07:00:00','2027-09-14T07:00:00','2027-09-09T07:00:00','2027-09-14T07:00:00','P0Y0M0D','P0Y0M0D',.T.,$,$,$,$,$,0.0);
#214=IFCTASK('7nn5AB7tvfQVUzVVsR2HJX',#6,'Walls, floor 10 — Tower B',$,$,'4.3.20',$,$,$,.F.,$,#213,.CONSTRUCTION.);
#215=IFCTASKTIME('Slab, floor 10 — Tower B Time',.PREDICTED.,$,.WORKTIME.,'P0Y0M3D','2027-03-01T07:00:00','2027-03-03T07:00:00','2027-09-13T07:00:00','2027-09-15T07:00:00','2027-09-13T07:00:00','2027-09-15T07:00:00','P0Y0M0D','P0Y0M0D',.T.,$,$,$,$,$,0.0);
#216=IFCTASK('7lZfuBOv4Fdr8tmVElnT$p',#6,'Slab, floor 10 — Tower B',$,$,'4.3.21',$,$,$,.F.,$,#215,.CONSTRUCTION.);
#217=IFCTASKTIME('Walls, floor 11 — Tower B Time',.PREDICTED.,$,.WORKTIME.,'P0Y0M4D','2027-03-01T07:00:00','2027-03-04T07:00:00','2027-09-16T07:00:00','2027-09-21T07:00:00','2027-09-16T07:00:00','2027-09-21T07:00:00','P0Y0M0D','P0Y0M0D',.T.,$,$,$,$,$,0.0);
#218=IFCTASK('vn7Z4TGfAfhlbLslO5YLUH',#6,'Walls, floor 11 — Tower B',$,$,'4.3.22',$,$,$,.F.,$,#217,.CONSTRUCTION.);
#219=IFCTASKTIME('Slab, floor 11 — Tower B Time',.PREDICTED.,$,.WORKTIME.,'P0Y0M3D','2027-03-01T07:00:00','2027-03-03T07:00:00','2027-09-20T07:00:00','2027-09-22T07:00:00','2027-09-20T07:00:00','2027-09-22T07:00:00','P0Y0M0D','P0Y0M0D',.T.,$,$,$,$,$,0.0);
#220=IFCTASK('4pgdT9z18993FJZHydGN6X',#6,'Slab, floor 11 — Tower B',$,$,'4.3.23',$,$,$,.F.,$,#219,.CONSTRUCTION.);
#221=IFCTASKTIME('Walls, floor 12 — Tower B Time',.PREDICTED.,$,.WORKTIME.,'P0Y0M4D','2027-03-01T07:00:00','2027-03-04T07:00:00','2027-09-23T07:00:00','2027-09-28T07:00:00','2027-09-23T07:00:00','2027-09-28T07:00:00','P0Y0M0D','P0Y0M0D',.T.,$,$,$,$,$,0.0);
#222=IFCTASK('OTrVyVcXvT4hY9mX69I$UH',#6,'Walls, floor 12 — Tower B',$,$,'4.3.24',$,$,$,.F.,$,#221,.CONSTRUCTION.);
#223=IFCTASKTIME('Slab, floor 12 — Tower B Time',.PREDICTED.,$,.WORKTIME.,'P0Y0M3D','2027-03-01T07:00:00','2027-03-03T07:00:00','2027-09-27T07:00:00','2027-09-29T07:00:00','2027-09-27T07:00:00','2027-09-29T07:00:00','P0Y0M0D','P0Y0M0D',.T.,$,$,$,$,$,0.0);
#224=IFCTASK('vL6phJYFEHrFzbWVL31x$D',#6,'Slab, floor 12 — Tower B',$,$,'4.3.25',$,$,$,.F.,$,#223,.CONSTRUCTION.);
#225=IFCTASKTIME('Stair core & lift shaft — Tower B Time',.PREDICTED.,$,.WORKTIME.,'P0Y0M36D','2027-03-01T07:00:00','2027-04-19T07:00:00','2027-06-11T07:00:00','2027-08-20T07:00:00','2028-02-17T07:00:00','2028-04-06T07:00:00','P0Y0M33D','P0Y0M164D',.F.,$,$,$,$,$,0.0);
#226=IFCTASK('JRh1MVTlt19zrPoVClR1ER',#6,'Stair core & lift shaft — Tower B',$,$,'4.3.26',$,$,$,.F.,$,#225,.CONSTRUCTION.);
#227=IFCTASKTIME('Install roof structure — Tower B Time',.PREDICTED.,$,.WORKTIME.,'P0Y0M5D','2027-03-01T07:00:00','2027-03-05T07:00:00','2027-09-30T07:00:00','2027-10-06T07:00:00','2027-09-30T07:00:00','2027-10-06T07:00:00','P0Y0M0D','P0Y0M0D',.T.,$,$,$,$,$,0.0);
#228=IFCTASK('8r6t_v9NSVzNHfilSbPxtn',#6,'Install roof structure — Tower B',$,$,'4.3.27',$,$,$,.F.,$,#227,.CONSTRUCTION.);
#229=IFCTASKTIME('Structural works complete — Tower B Time',.PREDICTED.,$,.WORKTIME.,'P0Y0M0D','2027-03-01T07:00:00','2027-03-01T07:00:00','2027-10-06T07:00:00','2027-10-06T07:00:00','2028-04-06T07:00:00','2028-04-06T07:00:00','P0Y0M0D','P0Y0M131D',.F.,$,$,$,$,$,0.0);
#230=IFCTASK('AfQjfHOPTpOPWDTFIV7DOL',#6,'Structural works complete — Tower B',$,$,'4.3.28',$,$,$,.T.,$,#229,.CONSTRUCTION.);
#231=IFCTASKTIME('Structural works — Tower C Time',.PREDICTED.,$,.WORKTIME.,'P0Y0M5D','2027-03-01T07:00:00','2027-03-05T07:00:00','2027-06-11T07:00:00','2027-10-06T07:00:00','2027-06-16T07:00:00','2028-04-06T07:00:00','P0Y0M0D','P0Y0M3D',.F.,$,$,$,$,$,0.0);
#232=IFCTASK('VVh$277tLpw103jH75_BqZ',#6,'Structural works — Tower C',$,$,'4.4',$,$,$,.F.,$,#231,.CONSTRUCTION.);
#233=IFCTASKTIME('Pour ground floor slab — Tower C Time',.PREDICTED.,$,.WORKTIME.,'P0Y0M4D','2027-03-01T07:00:00','2027-03-04T07:00:00','2027-06-11T07:00:00','2027-06-16T07:00:00','2027-06-16T07:00:00','2027-06-21T07:00:00','P0Y0M0D','P0Y0M3D',.F.,$,$,$,$,$,0.0);
#234=IFCTASK('V$fbm9KXP7mXQFVXCz0vF$',#6,'Pour ground floor slab — Tower C',$,$,'4.4.1',$,$,$,.F.,$,#233,.CONSTRUCTION.);
#235=IFCTASKTIME('Walls, floor 1 — Tower C Time',.PREDICTED.,$,.WORKTIME.,'P0Y0M4D','2027-03-01T07:00:00','2027-03-04T07:00:00','2027-06-17T07:00:00','2027-06-22T07:00:00','2027-06-22T07:00:00','2027-06-25T07:00:00','P0Y0M0D','P0Y0M3D',.F.,$,$,$,$,$,0.0);
#236=IFCTASK('H57BtXs$8tPjY981YrxVGl',#6,'Walls, floor 1 — Tower C',$,$,'4.4.2',$,$,$,.F.,$,#235,.CONSTRUCTION.);
#237=IFCTASKTIME('Slab, floor 1 — Tower C Time',.PREDICTED.,$,.WORKTIME.,'P0Y0M3D','2027-03-01T07:00:00','2027-03-03T07:00:00','2027-06-21T07:00:00','2027-06-23T07:00:00','2027-06-24T07:00:00','2027-06-28T07:00:00','P0Y0M0D','P0Y0M3D',.F.,$,$,$,$,$,0.0);
#238=IFCTASK('KvijdfP9LvmXInJnVnztax',#6,'Slab, floor 1 — Tower C',$,$,'4.4.3',$,$,$,.F.,$,#237,.CONSTRUCTION.);
#239=IFCTASKTIME('Walls, floor 2 — Tower C Time',.PREDICTED.,$,.WORKTIME.,'P0Y0M4D','2027-03-01T07:00:00','2027-03-04T07:00:00','2027-06-24T07:00:00','2027-06-29T07:00:00','2027-06-29T07:00:00','2027-07-02T07:00:00','P0Y0M0D','P0Y0M3D',.F.,$,$,$,$,$,0.0);
#240=IFCTASK('t9s7T5EtHJiRrPQ1_bNh_T',#6,'Walls, floor 2 — Tower C',$,$,'4.4.4',$,$,$,.F.,$,#239,.CONSTRUCTION.);
#241=IFCTASKTIME('Slab, floor 2 — Tower C Time',.PREDICTED.,$,.WORKTIME.,'P0Y0M3D','2027-03-01T07:00:00','2027-03-03T07:00:00','2027-06-28T07:00:00','2027-06-30T07:00:00','2027-07-01T07:00:00','2027-07-05T07:00:00','P0Y0M0D','P0Y0M3D',.F.,$,$,$,$,$,0.0);
#242=IFCTASK('UZ09MXjnyFPB0T7$opoRPB',#6,'Slab, floor 2 — Tower C',$,$,'4.4.5',$,$,$,.F.,$,#241,.CONSTRUCTION.);
#243=IFCTASKTIME('Walls, floor 3 — Tower C Time',.PREDICTED.,$,.WORKTIME.,'P0Y0M4D','2027-03-01T07:00:00','2027-03-04T07:00:00','2027-07-01T07:00:00','2027-07-06T07:00:00','2027-07-06T07:00:00','2027-07-09T07:00:00','P0Y0M0D','P0Y0M3D',.F.,$,$,$,$,$,0.0);
#244=IFCTASK('$np75ltNcDmVIxmVgL07DH',#6,'Walls, floor 3 — Tower C',$,$,'4.4.6',$,$,$,.F.,$,#243,.CONSTRUCTION.);
#245=IFCTASKTIME('Slab, floor 3 — Tower C Time',.PREDICTED.,$,.WORKTIME.,'P0Y0M3D','2027-03-01T07:00:00','2027-03-03T07:00:00','2027-07-05T07:00:00','2027-07-07T07:00:00','2027-07-08T07:00:00','2027-07-12T07:00:00','P0Y0M0D','P0Y0M3D',.F.,$,$,$,$,$,0.0);
#246=IFCTASK('eb09Ut5nynnDWppF13mNcr',#6,'Slab, floor 3 — Tower C',$,$,'4.4.7',$,$,$,.F.,$,#245,.CONSTRUCTION.);
#247=IFCTASKTIME('Walls, floor 4 — Tower C Time',.PREDICTED.,$,.WORKTIME.,'P0Y0M4D','2027-03-01T07:00:00','2027-03-04T07:00:00','2027-07-08T07:00:00','2027-07-13T07:00:00','2027-07-13T07:00:00','2027-07-16T07:00:00','P0Y0M0D','P0Y0M3D',.F.,$,$,$,$,$,0.0);
#248=IFCTASK('ivKjVJoHFZU5plxngryTrP',#6,'Walls, floor 4 — Tower C',$,$,'4.4.8',$,$,$,.F.,$,#247,.CONSTRUCTION.);
#249=IFCTASKTIME('Slab, floor 4 — Tower C Time',.PREDICTED.,$,.WORKTIME.,'P0Y0M3D','2027-03-01T07:00:00','2027-03-03T07:00:00','2027-07-12T07:00:00','2027-07-14T07:00:00','2027-07-15T07:00:00','2027-07-19T07:00:00','P0Y0M0D','P0Y0M3D',.F.,$,$,$,$,$,0.0);
#250=IFCTASK('iv4rrvsPxnnp8nznWfI5rP',#6,'Slab, floor 4 — Tower C',$,$,'4.4.9',$,$,$,.F.,$,#249,.CONSTRUCTION.);
#251=IFCTASKTIME('Walls, floor 5 — Tower C Time',.PREDICTED.,$,.WORKTIME.,'P0Y0M4D','2027-03-01T07:00:00','2027-03-04T07:00:00','2027-07-15T07:00:00','2027-07-20T07:00:00','2027-07-20T07:00:00','2027-07-23T07:00:00','P0Y0M0D','P0Y0M3D',.F.,$,$,$,$,$,0.0);
#252=IFCTASK('3pgdvBGNst15rpN1pLvDqn',#6,'Walls, floor 5 — Tower C',$,$,'4.4.10',$,$,$,.F.,$,#251,.CONSTRUCTION.);
#253=IFCTASKTIME('Slab, floor 5 — Tower C Time',.PREDICTED.,$,.WORKTIME.,'P0Y0M3D','2027-03-01T07:00:00','2027-03-03T07:00:00','2027-07-19T07:00:00','2027-07-21T07:00:00','2027-07-22T07:00:00','2027-08-16T07:00:00','P0Y0M0D','P0Y0M3D',.F.,$,$,$,$,$,0.0);
#254=IFCTASK('vHb1YRUnAfb$8tmVopobVv',#6,'Slab, floor 5 — Tower C',$,$,'4.4.11',$,$,$,.F.,$,#253,.CONSTRUCTION.);
#255=IFCTASKTIME('Walls, floor 6 — Tower C Time',.PREDICTED.,$,.WORKTIME.,'P0Y0M4D','2027-03-01T07:00:00','2027-03-04T07:00:00','2027-07-22T07:00:00','2027-08-17T07:00:00','2027-08-17T07:00:00','2027-08-20T07:00:00','P0Y0M0D','P0Y0M3D',.F.,$,$,$,$,$,0.0);
#256=IFCTASK('qt6toTv9bLxX_JhFjt2l1t',#6,'Walls, floor 6 — Tower C',$,$,'4.4.12',$,$,$,.F.,$,#255,.CONSTRUCTION.);
#257=IFCTASKTIME('Slab, floor 6 — Tower C Time',.PREDICTED.,$,.WORKTIME.,'P0Y0M3D','2027-03-01T07:00:00','2027-03-03T07:00:00','2027-08-16T07:00:00','2027-08-18T07:00:00','2027-08-19T07:00:00','2027-08-23T07:00:00','P0Y0M0D','P0Y0M3D',.F.,$,$,$,$,$,0.0);
#258=IFCTASK('T34B5FxFq70nZBQ$oHP5Dp',#6,'Slab, floor 6 — Tower C',$,$,'4.4.13',$,$,$,.F.,$,#257,.CONSTRUCTION.);
#259=IFCTASKTIME('Walls, floor 7 — Tower C Time',.PREDICTED.,$,.WORKTIME.,'P0Y0M4D','2027-03-01T07:00:00','2027-03-04T07:00:00','2027-08-19T07:00:00','2027-08-24T07:00:00','2027-08-24T07:00:00','2027-08-27T07:00:00','P0Y0M0D','P0Y0M3D',.F.,$,$,$,$,$,0.0);
#260=IFCTASK('STe$6TGf0B7Di5e$13unJZ',#6,'Walls, floor 7 — Tower C',$,$,'4.4.14',$,$,$,.F.,$,#259,.CONSTRUCTION.);
#261=IFCTASKTIME('Slab, floor 7 — Tower C Time',.PREDICTED.,$,.WORKTIME.,'P0Y0M3D','2027-03-01T07:00:00','2027-03-03T07:00:00','2027-08-23T07:00:00','2027-08-25T07:00:00','2027-08-26T07:00:00','2027-08-30T07:00:00','P0Y0M0D','P0Y0M3D',.F.,$,$,$,$,$,0.0);
#262=IFCTASK('yF9pZfvtNntbVRiF6fEbDn',#6,'Slab, floor 7 — Tower C',$,$,'4.4.15',$,$,$,.F.,$,#261,.CONSTRUCTION.);
#263=IFCTASKTIME('Walls, floor 8 — Tower C Time',.PREDICTED.,$,.WORKTIME.,'P0Y0M4D','2027-03-01T07:00:00','2027-03-04T07:00:00','2027-08-26T07:00:00','2027-08-31T07:00:00','2027-08-31T07:00:00','2027-09-03T07:00:00','P0Y0M0D','P0Y0M3D',.F.,$,$,$,$,$,0.0);
#264=IFCTASK('eTrV4TWt9hZ9VRil0dqbpH',#6,'Walls, floor 8 — Tower C',$,$,'4.4.16',$,$,$,.F.,$,#263,.CONSTRUCTION.);
#265=IFCTASKTIME('Slab, floor 8 — Tower C Time',.PREDICTED.,$,.WORKTIME.,'P0Y0M3D','2027-03-01T07:00:00','2027-03-03T07:00:00','2027-08-30T07:00:00','2027-09-01T07:00:00','2027-09-02T07:00:00','2027-09-06T07:00:00','P0Y0M0D','P0Y0M3D',.F.,$,$,$,$,$,0.0);
#266=IFCTASK('YXBVCP5VdDw$8falVjk$2$',#6,'Slab, floor 8 — Tower C',$,$,'4.4.17',$,$,$,.F.,$,#265,.CONSTRUCTION.);
#267=IFCTASKTIME('Walls, floor 9 — Tower C Time',.PREDICTED.,$,.WORKTIME.,'P0Y0M4D','2027-03-01T07:00:00','2027-03-04T07:00:00','2027-09-02T07:00:00','2027-09-07T07:00:00','2027-09-07T07:00:00','2027-09-10T07:00:00','P0Y0M0D','P0Y0M3D',.F.,$,$,$,$,$,0.0);
#268=IFCTASK('fZRHFnLlx5FDqn1VsRgfkh',#6,'Walls, floor 9 — Tower C',$,$,'4.4.18',$,$,$,.F.,$,#267,.CONSTRUCTION.);
#269=IFCTASKTIME('Slab, floor 9 — Tower C Time',.PREDICTED.,$,.WORKTIME.,'P0Y0M3D','2027-03-01T07:00:00','2027-03-03T07:00:00','2027-09-06T07:00:00','2027-09-08T07:00:00','2027-09-09T07:00:00','2027-09-13T07:00:00','P0Y0M0D','P0Y0M3D',.F.,$,$,$,$,$,0.0);
#270=IFCTASK('cxqxAB$vIB7pSdA1BDj7Dn',#6,'Slab, floor 9 — Tower C',$,$,'4.4.19',$,$,$,.F.,$,#269,.CONSTRUCTION.);
#271=IFCTASKTIME('Walls, floor 10 — Tower C Time',.PREDICTED.,$,.WORKTIME.,'P0Y0M4D','2027-03-01T07:00:00','2027-03-04T07:00:00','2027-09-09T07:00:00','2027-09-14T07:00:00','2027-09-14T07:00:00','2027-09-17T07:00:00','P0Y0M0D','P0Y0M3D',.F.,$,$,$,$,$,0.0);
#272=IFCTASK('ADlRiBd9px$ZbBA$T1pdDp',#6,'Walls, floor 10 — Tower C',$,$,'4.4.20',$,$,$,.F.,$,#271,.CONSTRUCTION.);
#273=IFCTASKTIME('Slab, floor 10 — Tower C Time',.PREDICTED.,$,.WORKTIME.,'P0Y0M3D','2027-03-01T07:00:00','2027-03-03T07:00:00','2027-09-13T07:00:00','2027-09-15T07:00:00','2027-09-16T07:00:00','2027-09-20T07:00:00','P0Y0M0D','P0Y0M3D',.F.,$,$,$,$,$,0.0);
#274=IFCTASK('_Jg3sF3$SL93npnXZTKx7f',#6,'Slab, floor 10 — Tower C',$,$,'4.4.21',$,$,$,.F.,$,#273,.CONSTRUCTION.);
#275=IFCTASKTIME('Walls, floor 11 — Tower C Time',.PREDICTED.,$,.WORKTIME.,'P0Y0M4D','2027-03-01T07:00:00','2027-03-04T07:00:00','2027-09-16T07:00:00','2027-09-21T07:00:00','2027-09-21T07:00:00','2027-09-24T07:00:00','P0Y0M0D','P0Y0M3D',.F.,$,$,$,$,$,0.0);
#276=IFCTASK('UZ0tEXcX19t3VRaFF5ZfAv',#6,'Walls, floor 11 — Tower C',$,$,'4.4.22',$,$,$,.F.,$,#275,.CONSTRUCTION.);
#277=IFCTASKTIME('Slab, floor 11 — Tower C Time',.PREDICTED.,$,.WORKTIME.,'P0Y0M3D','2027-03-01T07:00:00','2027-03-03T07:00:00','2027-09-20T07:00:00','2027-09-22T07:00:00','2027-09-23T07:00:00','2027-09-27T07:00:00','P0Y0M0D','P0Y0M3D',.F.,$,$,$,$,$,0.0);
#278=IFCTASK('kN8n1ZGN_ZCxvDhHrJPxxl',#6,'Slab, floor 11 — Tower C',$,$,'4.4.23',$,$,$,.F.,$,#277,.CONSTRUCTION.);
#279=IFCTASKTIME('Walls, floor 12 — Tower C Time',.PREDICTED.,$,.WORKTIME.,'P0Y0M4D','2027-03-01T07:00:00','2027-03-04T07:00:00','2027-09-23T07:00:00','2027-09-28T07:00:00','2027-09-28T07:00:00','2027-10-01T07:00:00','P0Y0M0D','P0Y0M3D',.F.,$,$,$,$,$,0.0);
#280=IFCTASK('8p9pDHOPZpWlRLEFYPCpeL',#6,'Walls, floor 12 — Tower C',$,$,'4.4.24',$,$,$,.F.,$,#279,.CONSTRUCTION.);
#281=IFCTASKTIME('Slab, floor 12 — Tower C Time',.PREDICTED.,$,.WORKTIME.,'P0Y0M3D','2027-03-01T07:00:00','2027-03-03T07:00:00','2027-09-27T07:00:00','2027-09-29T07:00:00','2027-09-30T07:00:00','2027-10-04T07:00:00','P0Y0M0D','P0Y0M3D',.F.,$,$,$,$,$,0.0);
#282=IFCTASK('O5SzkjpnQJypGL2n9vCRNz',#6,'Slab, floor 12 — Tower C',$,$,'4.4.25',$,$,$,.F.,$,#281,.CONSTRUCTION.);
#283=IFCTASKTIME('Stair core & lift shaft — Tower C Time',.PREDICTED.,$,.WORKTIME.,'P0Y0M36D','2027-03-01T07:00:00','2027-04-19T07:00:00','2027-06-11T07:00:00','2027-08-20T07:00:00','2028-02-17T07:00:00','2028-04-06T07:00:00','P0Y0M33D','P0Y0M164D',.F.,$,$,$,$,$,0.0);
#284=IFCTASK('h7CpfJjnKJqThZRlwD5l9D',#6,'Stair core & lift shaft — Tower C',$,$,'4.4.26',$,$,$,.F.,$,#283,.CONSTRUCTION.);
#285=IFCTASKTIME('Install roof structure — Tower C Time',.PREDICTED.,$,.WORKTIME.,'P0Y0M5D','2027-03-01T07:00:00','2027-03-05T07:00:00','2027-09-30T07:00:00','2027-10-06T07:00:00','2027-10-05T07:00:00','2027-10-11T07:00:00','P0Y0M0D','P0Y0M3D',.F.,$,$,$,$,$,0.0);
#286=IFCTASK('NviRyT8d5xHjY3v13pcpOz',#6,'Install roof structure — Tower C',$,$,'4.4.27',$,$,$,.F.,$,#285,.CONSTRUCTION.);
#287=IFCTASKTIME('Structural works complete — Tower C Time',.PREDICTED.,$,.WORKTIME.,'P0Y0M0D','2027-03-01T07:00:00','2027-03-01T07:00:00','2027-10-06T07:00:00','2027-10-06T07:00:00','2028-04-06T07:00:00','2028-04-06T07:00:00','P0Y0M0D','P0Y0M131D',.F.,$,$,$,$,$,0.0);
#288=IFCTASK('pBVL17_NEn1TjVXV_9QvnX',#6,'Structural works complete — Tower C',$,$,'4.4.28',$,$,$,.T.,$,#287,.CONSTRUCTION.);
#289=IFCTASKTIME('Structural works tower A (LOE) Time',.PREDICTED.,$,.WORKTIME.,'P0Y0M69D','2027-03-01T07:00:00','2027-03-05T07:00:00','2027-06-11T07:00:00','2027-10-06T07:00:00','2027-06-11T07:00:00','2027-10-06T07:00:00','P0Y0M0D','P0Y0M0D',.F.,$,$,$,$,$,0.0);
#290=IFCTASK('xn1rlx9fGDMnlzlXNN_B09',#6,'Structural works tower A (LOE)',$,$,'4.2.29',$,$,$,.F.,$,#289,.CONSTRUCTION.);
#291=IFCTASKTIME('Dismantle tower crane Time',.PREDICTED.,$,.WORKTIME.,'P0Y0M2D','2027-03-01T07:00:00','2027-03-02T07:00:00','2027-10-07T07:00:00','2027-10-08T07:00:00','2028-04-07T07:00:00','2028-04-10T07:00:00','P0Y0M131D','P0Y0M131D',.F.,$,$,$,$,$,0.0);
#292=IFCTASK('h7S3kle7C3cXQ3LnzH9BqZ',#6,'Dismantle tower crane',$,$,'4.5',$,$,$,.F.,$,#291,.LOGISTIC.);
#293=IFCTASKTIME('4. Facade & roof Time',.PREDICTED.,$,.WORKTIME.,'P0Y0M5D','2027-03-01T07:00:00','2027-03-05T07:00:00','2027-06-10T07:00:00','2027-11-29T07:00:00','2027-06-10T07:00:00','2028-03-07T07:00:00','P0Y0M0D','P0Y0M0D',.T.,$,$,$,$,$,0.0);
#294=IFCTASK('XZelH$F7ABDPKbqlYLnhsz',#6,'4. Facade & roof',$,$,'5',$,$,$,.F.,$,#293,.CONSTRUCTION.);
#295=IFCTASKTIME('Facade & roof — Tower A Time',.PREDICTED.,$,.WORKTIME.,'P0Y0M5D','2027-03-01T07:00:00','2027-03-05T07:00:00','2027-10-07T07:00:00','2027-11-23T07:00:00','2027-10-07T07:00:00','2027-11-23T07:00:00','P0Y0M0D','P0Y0M0D',.T.,$,$,$,$,$,0.0);
#296=IFCTASK('YVTNW1v9xbrFThMH_53tez',#6,'Facade & roof — Tower A',$,$,'5.1',$,$,$,.F.,$,#295,.CONSTRUCTION.);
#297=IFCTASKTIME('Erect scaffolding — Tower A Time',.PREDICTED.,$,.WORKTIME.,'P0Y0M3D','2027-03-01T07:00:00','2027-03-03T07:00:00','2027-10-07T07:00:00','2027-10-11T07:00:00','2027-10-07T07:00:00','2027-10-11T07:00:00','P0Y0M0D','P0Y0M0D',.T.,$,$,$,$,$,0.0);
#298=IFCTASK('d1XzEXwXNljfzvoFUBDPN1',#6,'Erect scaffolding — Tower A',$,$,'5.1.1',$,$,$,.F.,$,#297,.LOGISTIC.);
#299=IFCTASKTIME('Apply facade insulation — Tower A Time',.PREDICTED.,$,.WORKTIME.,'P0Y0M8D','2027-03-01T07:00:00','2027-03-10T07:00:00','2027-10-12T07:00:00','2027-10-21T07:00:00','2027-10-12T07:00:00','2027-10-21T07:00:00','P0Y0M0D','P0Y0M0D',.T.,$,$,$,$,$,0.0);
#300=IFCTASK('Dv2X0lHdjhXbb1nV7bYn1J',#6,'Apply facade insulation — Tower A',$,$,'5.1.2',$,$,$,.F.,$,#299,.INSTALLATION.);
#301=IFCTASKTIME('Install facade cladding — Tower A Time',.PREDICTED.,$,.WORKTIME.,'P0Y0M10D','2027-03-01T07:00:00','2027-03-12T07:00:00','2027-10-22T07:00:00','2027-11-04T07:00:00','2027-10-22T07:00:00','2027-11-04T07:00:00','P0Y0M0D','P0Y0M0D',.T.,$,$,$,$,$,0.0);
#302=IFCTASK('C9AvjzrHZJSjkbSn9dGtSR',#6,'Install facade cladding — Tower A',$,$,'5.1.3',$,$,$,.F.,$,#301,.INSTALLATION.);
#303=IFCTASKTIME('Install window frames — Tower A Time',.PREDICTED.,$,.WORKTIME.,'P0Y0M6D','2027-03-01T07:00:00','2027-03-08T07:00:00','2027-11-05T07:00:00','2027-11-12T07:00:00','2027-11-05T07:00:00','2027-11-12T07:00:00','P0Y0M0D','P0Y0M0D',.T.,$,$,$,$,$,0.0);
#304=IFCTASK('GdcJ5n31SBBFdnnV1$3fo5',#6,'Install window frames — Tower A',$,$,'5.1.4',$,$,$,.F.,$,#303,.INSTALLATION.);
#305=IFCTASKTIME('Apply roof insulation — Tower A Time',.PREDICTED.,$,.WORKTIME.,'P0Y0M5D','2027-03-01T07:00:00','2027-03-05T07:00:00','2027-10-07T07:00:00','2027-10-13T07:00:00','2027-11-03T07:00:00','2027-11-09T07:00:00','P0Y0M0D','P0Y0M19D',.F.,$,$,$,$,$,0.0);
#306=IFCTASK('Dd6DLpUNSr5XsvIFiDwjYH',#6,'Apply roof insulation — Tower A',$,$,'5.1.5',$,$,$,.F.,$,#305,.INSTALLATION.);
#307=IFCTASKTIME('Apply roofing — Tower A Time',.PREDICTED.,$,.WORKTIME.,'P0Y0M5D','2027-03-01T07:00:00','2027-03-05T07:00:00','2027-10-14T07:00:00','2027-10-20T07:00:00','2027-11-10T07:00:00','2027-11-16T07:00:00','P0Y0M0D','P0Y0M19D',.F.,$,$,$,$,$,0.0);
#308=IFCTASK('G9aLNDdttL5V61JFr9k$6b',#6,'Apply roofing — Tower A',$,$,'5.1.6',$,$,$,.F.,$,#307,.CONSTRUCTION.);
#309=IFCTASKTIME('Install balcony balustrades — Tower A Time',.PREDICTED.,$,.WORKTIME.,'P0Y0M5D','2027-03-01T07:00:00','2027-03-05T07:00:00','2027-11-15T07:00:00','2027-11-19T07:00:00','2027-11-15T07:00:00','2027-11-19T07:00:00','P0Y0M0D','P0Y0M0D',.T.,$,$,$,$,$,0.0);
#310=IFCTASK('Ib5nlxVdnnyD03JlRVr$kB',#6,'Install balcony balustrades — Tower A',$,$,'5.1.7',$,$,$,.F.,$,#309,.CONSTRUCTION.);
#311=IFCTASKTIME('Connect rainwater drainage — Tower A Time',.PREDICTED.,$,.WORKTIME.,'P0Y0M3D','2027-03-01T07:00:00','2027-03-03T07:00:00','2027-10-21T07:00:00','2027-10-25T07:00:00','2027-11-17T07:00:00','2027-11-19T07:00:00','P0Y0M19D','P0Y0M19D',.F.,$,$,$,$,$,0.0);
#312=IFCTASK('Z34rJTlPdDUfPZP$ejFZtl',#6,'Connect rainwater drainage — Tower A',$,$,'5.1.8',$,$,$,.F.,$,#311,.INSTALLATION.);
#313=IFCTASKTIME('Strike scaffolding — Tower A Time',.PREDICTED.,$,.WORKTIME.,'P0Y0M2D','2027-03-01T07:00:00','2027-03-02T07:00:00','2027-11-22T07:00:00','2027-11-23T07:00:00','2027-11-22T07:00:00','2027-11-23T07:00:00','P0Y0M0D','P0Y0M0D',.T.,$,$,$,$,$,0.0);
#314=IFCTASK('8D9DdRs$yxV35nhHN9oVy7',#6,'Strike scaffolding — Tower A',$,$,'5.1.9',$,$,$,.F.,$,#313,.LOGISTIC.);
#315=IFCTASKTIME('Facade & roof — Tower B Time',.PREDICTED.,$,.WORKTIME.,'P0Y0M5D','2027-03-01T07:00:00','2027-03-05T07:00:00','2027-10-07T07:00:00','2027-11-23T07:00:00','2027-10-07T07:00:00','2027-11-23T07:00:00','P0Y0M0D','P0Y0M0D',.T.,$,$,$,$,$,0.0);
#316=IFCTASK('2jk5QJ_FOlGXorYVXl$jwb',#6,'Facade & roof — Tower B',$,$,'5.2',$,$,$,.F.,$,#315,.CONSTRUCTION.);
#317=IFCTASKTIME('Erect scaffolding — Tower B Time',.PREDICTED.,$,.WORKTIME.,'P0Y0M3D','2027-03-01T07:00:00','2027-03-03T07:00:00','2027-10-07T07:00:00','2027-10-11T07:00:00','2027-10-07T07:00:00','2027-10-11T07:00:00','P0Y0M0D','P0Y0M0D',.T.,$,$,$,$,$,0.0);
#318=IFCTASK('Ob09g5$PFZYxtL6lNNszrZ',#6,'Erect scaffolding — Tower B',$,$,'5.2.1',$,$,$,.F.,$,#317,.LOGISTIC.);
#319=IFCTASKTIME('Apply facade insulation — Tower B Time',.PREDICTED.,$,.WORKTIME.,'P0Y0M8D','2027-03-01T07:00:00','2027-03-10T07:00:00','2027-10-12T07:00:00','2027-10-21T07:00:00','2027-10-12T07:00:00','2027-10-21T07:00:00','P0Y0M0D','P0Y0M0D',.T.,$,$,$,$,$,0.0);
#320=IFCTASK('wHrFrPkHHVQVgrYXBfA3dB',#6,'Apply facade insulation — Tower B',$,$,'5.2.2',$,$,$,.F.,$,#319,.INSTALLATION.);
#321=IFCTASKTIME('Install facade cladding — Tower B Time',.PREDICTED.,$,.WORKTIME.,'P0Y0M10D','2027-03-01T07:00:00','2027-03-12T07:00:00','2027-10-22T07:00:00','2027-11-04T07:00:00','2027-10-22T07:00:00','2027-11-04T07:00:00','P0Y0M0D','P0Y0M0D',.T.,$,$,$,$,$,0.0);
#322=IFCTASK('3jYLbRxVnH0nJJnVpB5X09',#6,'Install facade cladding — Tower B',$,$,'5.2.3',$,$,$,.F.,$,#321,.INSTALLATION.);
#323=IFCTASKTIME('Install window frames — Tower B Time',.PREDICTED.,$,.WORKTIME.,'P0Y0M6D','2027-03-01T07:00:00','2027-03-08T07:00:00','2027-11-05T07:00:00','2027-11-12T07:00:00','2027-11-05T07:00:00','2027-11-12T07:00:00','P0Y0M0D','P0Y0M0D',.T.,$,$,$,$,$,0.0);
#324=IFCTASK('PRWfe3JXjrDPqlRniVhXeh',#6,'Install window frames — Tower B',$,$,'5.2.4',$,$,$,.F.,$,#323,.INSTALLATION.);
#325=IFCTASKTIME('Apply roof insulation — Tower B Time',.PREDICTED.,$,.WORKTIME.,'P0Y0M5D','2027-03-01T07:00:00','2027-03-05T07:00:00','2027-10-07T07:00:00','2027-10-13T07:00:00','2027-11-03T07:00:00','2027-11-09T07:00:00','P0Y0M0D','P0Y0M19D',.F.,$,$,$,$,$,0.0);
#326=IFCTASK('AjR1sn31KJCTH9e$0Pyho5',#6,'Apply roof insulation — Tower B',$,$,'5.2.5',$,$,$,.F.,$,#325,.INSTALLATION.);
#327=IFCTASKTIME('Apply roofing — Tower B Time',.PREDICTED.,$,.WORKTIME.,'P0Y0M5D','2027-03-01T07:00:00','2027-03-05T07:00:00','2027-10-14T07:00:00','2027-10-20T07:00:00','2027-11-10T07:00:00','2027-11-16T07:00:00','P0Y0M0D','P0Y0M19D',.F.,$,$,$,$,$,0.0);
#328=IFCTASK('AjztQJM1EnXzfPQ$2tUFLt',#6,'Apply roofing — Tower B',$,$,'5.2.6',$,$,$,.F.,$,#327,.CONSTRUCTION.);
#329=IFCTASKTIME('Install balcony balustrades — Tower B Time',.PREDICTED.,$,.WORKTIME.,'P0Y0M5D','2027-03-01T07:00:00','2027-03-05T07:00:00','2027-11-15T07:00:00','2027-11-19T07:00:00','2027-11-15T07:00:00','2027-11-19T07:00:00','P0Y0M0D','P0Y0M0D',.T.,$,$,$,$,$,0.0);
#330=IFCTASK('l5txgVB$CdaBG5ylFtI$_$',#6,'Install balcony balustrades — Tower B',$,$,'5.2.7',$,$,$,.F.,$,#329,.CONSTRUCTION.);
#331=IFCTASKTIME('Connect rainwater drainage — Tower B Time',.PREDICTED.,$,.WORKTIME.,'P0Y0M3D','2027-03-01T07:00:00','2027-03-03T07:00:00','2027-10-21T07:00:00','2027-10-25T07:00:00','2027-11-17T07:00:00','2027-11-19T07:00:00','P0Y0M19D','P0Y0M19D',.F.,$,$,$,$,$,0.0);
#332=IFCTASK('4FXhzPxXhPqZpl5Fops3PL',#6,'Connect rainwater drainage — Tower B',$,$,'5.2.8',$,$,$,.F.,$,#331,.INSTALLATION.);
#333=IFCTASKTIME('Strike scaffolding — Tower B Time',.PREDICTED.,$,.WORKTIME.,'P0Y0M2D','2027-03-01T07:00:00','2027-03-02T07:00:00','2027-11-22T07:00:00','2027-11-23T07:00:00','2027-11-22T07:00:00','2027-11-23T07:00:00','P0Y0M0D','P0Y0M0D',.T.,$,$,$,$,$,0.0);
#334=IFCTASK('L7Cx6vQ7SLFhkFDnR5gZhf',#6,'Strike scaffolding — Tower B',$,$,'5.2.9',$,$,$,.F.,$,#333,.LOGISTIC.);
#335=IFCTASKTIME('Facade & roof — Tower C Time',.PREDICTED.,$,.WORKTIME.,'P0Y0M5D','2027-03-01T07:00:00','2027-03-05T07:00:00','2027-10-07T07:00:00','2027-11-23T07:00:00','2027-10-12T07:00:00','2027-11-26T07:00:00','P0Y0M0D','P0Y0M3D',.F.,$,$,$,$,$,0.0);
#336=IFCTASK('rp9p5BldPDAln7_nFRPxPd',#6,'Facade & roof — Tower C',$,$,'5.3',$,$,$,.F.,$,#335,.CONSTRUCTION.);
#337=IFCTASKTIME('Erect scaffolding — Tower C Time',.PREDICTED.,$,.WORKTIME.,'P0Y0M3D','2027-03-01T07:00:00','2027-03-03T07:00:00','2027-10-07T07:00:00','2027-10-11T07:00:00','2027-10-12T07:00:00','2027-10-14T07:00:00','P0Y0M0D','P0Y0M3D',.F.,$,$,$,$,$,0.0);
#338=IFCTASK('IfGPxLrHxlRVMtaFxheltD',#6,'Erect scaffolding — Tower C',$,$,'5.3.1',$,$,$,.F.,$,#337,.LOGISTIC.);
#339=IFCTASKTIME('Apply facade insulation — Tower C Time',.PREDICTED.,$,.WORKTIME.,'P0Y0M8D','2027-03-01T07:00:00','2027-03-10T07:00:00','2027-10-12T07:00:00','2027-10-21T07:00:00','2027-10-15T07:00:00','2027-10-26T07:00:00','P0Y0M0D','P0Y0M3D',.F.,$,$,$,$,$,0.0);
#340=IFCTASK('GNeHPx_f2zm$WDhHlB3f2z',#6,'Apply facade insulation — Tower C',$,$,'5.3.2',$,$,$,.F.,$,#339,.INSTALLATION.);
#341=IFCTASKTIME('Install facade cladding — Tower C Time',.PREDICTED.,$,.WORKTIME.,'P0Y0M10D','2027-03-01T07:00:00','2027-03-12T07:00:00','2027-10-22T07:00:00','2027-11-04T07:00:00','2027-10-27T07:00:00','2027-11-09T07:00:00','P0Y0M0D','P0Y0M3D',.F.,$,$,$,$,$,0.0);
#342=IFCTASK('tNcJFB1vUpsHrpt1VDYh_Z',#6,'Install facade cladding — Tower C',$,$,'5.3.3',$,$,$,.F.,$,#341,.INSTALLATION.);
#343=IFCTASKTIME('Install window frames — Tower C Time',.PREDICTED.,$,.WORKTIME.,'P0Y0M6D','2027-03-01T07:00:00','2027-03-08T07:00:00','2027-11-05T07:00:00','2027-11-12T07:00:00','2027-11-10T07:00:00','2027-11-17T07:00:00','P0Y0M0D','P0Y0M3D',.F.,$,$,$,$,$,0.0);
#344=IFCTASK('ide1oXIlbXxVQzZlqTSBCF',#6,'Install window frames — Tower C',$,$,'5.3.4',$,$,$,.F.,$,#343,.INSTALLATION.);
#345=IFCTASKTIME('Apply roof insulation — Tower C Time',.PREDICTED.,$,.WORKTIME.,'P0Y0M5D','2027-03-01T07:00:00','2027-03-05T07:00:00','2027-10-07T07:00:00','2027-10-13T07:00:00','2027-11-08T07:00:00','2027-11-12T07:00:00','P0Y0M0D','P0Y0M22D',.F.,$,$,$,$,$,0.0);
#346=IFCTASK('i7yTqbB$qZIhQZXVWNMTxn',#6,'Apply roof insulation — Tower C',$,$,'5.3.5',$,$,$,.F.,$,#345,.INSTALLATION.);
#347=IFCTASKTIME('Apply roofing — Tower C Time',.PREDICTED.,$,.WORKTIME.,'P0Y0M5D','2027-03-01T07:00:00','2027-03-05T07:00:00','2027-10-14T07:00:00','2027-10-20T07:00:00','2027-11-15T07:00:00','2027-11-19T07:00:00','P0Y0M0D','P0Y0M22D',.F.,$,$,$,$,$,0.0);
#348=IFCTASK('l5fROTNNGjIL2Dd$qzmNkh',#6,'Apply roofing — Tower C',$,$,'5.3.6',$,$,$,.F.,$,#347,.CONSTRUCTION.);
#349=IFCTASKTIME('Install balcony balustrades — Tower C Time',.PREDICTED.,$,.WORKTIME.,'P0Y0M5D','2027-03-01T07:00:00','2027-03-05T07:00:00','2027-11-15T07:00:00','2027-11-19T07:00:00','2027-11-18T07:00:00','2027-11-24T07:00:00','P0Y0M0D','P0Y0M3D',.F.,$,$,$,$,$,0.0);
#350=IFCTASK('QbGPbxP9X7hl3vgHEDI5tH',#6,'Install balcony balustrades — Tower C',$,$,'5.3.7',$,$,$,.F.,$,#349,.CONSTRUCTION.);
#351=IFCTASKTIME('Connect rainwater drainage — Tower C Time',.PREDICTED.,$,.WORKTIME.,'P0Y0M3D','2027-03-01T07:00:00','2027-03-03T07:00:00','2027-10-21T07:00:00','2027-10-25T07:00:00','2027-11-22T07:00:00','2027-11-24T07:00:00','P0Y0M19D','P0Y0M22D',.F.,$,$,$,$,$,0.0);
#352=IFCTASK('WXpdXfW9PjEr0TlVxLmt4L',#6,'Connect rainwater drainage — Tower C',$,$,'5.3.8',$,$,$,.F.,$,#351,.INSTALLATION.);
#353=IFCTASKTIME('Strike scaffolding — Tower C Time',.PREDICTED.,$,.WORKTIME.,'P0Y0M2D','2027-03-01T07:00:00','2027-03-02T07:00:00','2027-11-22T07:00:00','2027-11-23T07:00:00','2027-11-25T07:00:00','2027-11-26T07:00:00','P0Y0M0D','P0Y0M3D',.F.,$,$,$,$,$,0.0);
#354=IFCTASK('uD1rXDwv2tY5BjzlojoVmn',#6,'Strike scaffolding — Tower C',$,$,'5.3.9',$,$,$,.F.,$,#353,.LOGISTIC.);
#355=IFCTASKTIME('Facade cladding, main entrance Time',.PREDICTED.,$,.WORKTIME.,'P0Y0M4D','2027-03-01T07:00:00','2027-03-04T07:00:00','2027-11-24T07:00:00','2027-11-29T07:00:00','2028-03-02T07:00:00','2028-03-07T07:00:00','P0Y0M0D','P0Y0M71D',.F.,$,$,$,$,$,0.0);
#356=IFCTASK('UXz9wTW9ZJKzLNaFR52r0f',#6,'Facade cladding, main entrance',$,$,'5.4',$,$,$,.F.,$,#355,.CONSTRUCTION.);
#357=IFCTASKTIME('Install parking deck canopy Time',.PREDICTED.,$,.WORKTIME.,'P0Y0M5D','2027-03-01T07:00:00','2027-03-05T07:00:00','2027-06-10T07:00:00','2027-06-16T07:00:00','2027-06-10T07:00:00','2027-06-16T07:00:00','P0Y0M0D','P0Y0M0D',.T.,$,$,$,$,$,0.0);
#358=IFCTASK('QxS3Ipl70rPjEhcHrNcDqn',#6,'Install parking deck canopy',$,$,'5.5',$,$,$,.F.,$,#357,.CONSTRUCTION.);
#359=IFCTASKTIME('5. Building services (MEP) Time',.PREDICTED.,$,.WORKTIME.,'P0Y0M5D','2027-03-01T07:00:00','2027-03-05T07:00:00','2027-11-24T07:00:00','2028-01-13T07:00:00','2027-11-24T07:00:00','2028-04-10T07:00:00','P0Y0M0D','P0Y0M0D',.T.,$,$,$,$,$,0.0);
#360=IFCTASK('b54ZujB$ifovkFzFKpMZf$',#6,'5. Building services (MEP)',$,$,'6',$,$,$,.F.,$,#359,.INSTALLATION.);
#361=IFCTASKTIME('Install heating plant room Time',.PREDICTED.,$,.WORKTIME.,'P0Y0M6D','2027-03-01T07:00:00','2027-03-08T07:00:00','2027-11-30T07:00:00','2027-12-07T07:00:00','2028-03-17T07:00:00','2028-03-24T07:00:00','P0Y0M0D','P0Y0M78D',.F.,$,$,$,$,$,0.0);
#362=IFCTASK('Jfe12v1P3FaBCBs$rpj7pH',#6,'Install heating plant room',$,$,'6.1',$,$,$,.F.,$,#361,.INSTALLATION.);
#363=IFCTASKTIME('Connect main electrical distribution board Time',.PREDICTED.,$,.WORKTIME.,'P0Y0M4D','2027-03-01T07:00:00','2027-03-04T07:00:00','2027-12-08T07:00:00','2027-12-13T07:00:00','2028-03-27T07:00:00','2028-03-30T07:00:00','P0Y0M0D','P0Y0M78D',.F.,$,$,$,$,$,0.0);
#364=IFCTASK('aXDPj$cvmJY5hTbHAx_Bez',#6,'Connect main electrical distribution board',$,$,'6.2',$,$,$,.F.,$,#363,.INSTALLATION.);
#365=IFCTASKTIME('Install & test emergency generator Time',.PREDICTED.,$,.WORKTIME.,'P0Y0M3D','2027-03-01T07:00:00','2027-03-03T07:00:00','2027-12-14T07:00:00','2027-12-16T07:00:00','2028-03-31T07:00:00','2028-04-04T07:00:00','P0Y0M0D','P0Y0M78D',.F.,$,$,$,$,$,0.0);
#366=IFCTASK('tDtDdxUf4Ff5j$RH_9cvX7',#6,'Install & test emergency generator',$,$,'6.3',$,$,$,.F.,$,#365,.INSTALLATION.);
#367=IFCTASKTIME('Fit out data centre server room Time',.PREDICTED.,$,.WORKTIME.,'P0Y0M4D','2027-03-01T07:00:00','2027-03-04T07:00:00','2027-12-17T07:00:00','2027-12-22T07:00:00','2028-04-05T07:00:00','2028-04-10T07:00:00','P0Y0M78D','P0Y0M78D',.F.,$,$,$,$,$,0.0);
#368=IFCTASK('rD$rvdJn89Pj_7onMrS3Lp',#6,'Fit out data centre server room',$,$,'6.4',$,$,$,.F.,$,#367,.INSTALLATION.);
#369=IFCTASKTIME('Building services — Tower A Time',.PREDICTED.,$,.WORKTIME.,'P0Y0M5D','2027-03-01T07:00:00','2027-03-05T07:00:00','2027-11-24T07:00:00','2028-01-13T07:00:00','2027-11-24T07:00:00','2028-01-13T07:00:00','P0Y0M0D','P0Y0M0D',.T.,$,$,$,$,$,0.0);
#370=IFCTASK('mtazUNP9$tdJ_PA$nbVDKD',#6,'Building services — Tower A',$,$,'6.5',$,$,$,.F.,$,#369,.CONSTRUCTION.);
#371=IFCTASKTIME('Mechanical services — Tower A Time',.PREDICTED.,$,.WORKTIME.,'P0Y0M8D','2027-03-01T07:00:00','2027-03-10T07:00:00','2027-11-24T07:00:00','2027-12-03T07:00:00','2027-11-24T07:00:00','2027-12-03T07:00:00','P0Y0M0D','P0Y0M0D',.T.,$,$,$,$,$,0.0);
#372=IFCTASK('nBVLvhKFoxvhUz$X0dS3Hl',#6,'Mechanical services — Tower A',$,$,'6.5.1',$,$,$,.F.,$,#371,.INSTALLATION.);
#373=IFCTASKTIME('Install electrical services — Tower A Time',.PREDICTED.,$,.WORKTIME.,'P0Y0M7D','2027-03-01T07:00:00','2027-03-09T07:00:00','2027-11-26T07:00:00','2027-12-06T07:00:00','2027-11-26T07:00:00','2027-12-06T07:00:00','P0Y0M0D','P0Y0M0D',.T.,$,$,$,$,$,0.0);
#374=IFCTASK('ZziJtVcXtr$xfxql_NgTd7',#6,'Install electrical services — Tower A',$,$,'6.5.2',$,$,$,.F.,$,#373,.INSTALLATION.);
#375=IFCTASKTIME('Connect ventilation ductwork — Tower A Time',.PREDICTED.,$,.WORKTIME.,'P0Y0M5D','2027-03-01T07:00:00','2027-03-05T07:00:00','2027-12-07T07:00:00','2027-12-13T07:00:00','2027-12-07T07:00:00','2027-12-13T07:00:00','P0Y0M0D','P0Y0M0D',.T.,$,$,$,$,$,0.0);
#376=IFCTASK('2pIHlVzHtLb1WpblAbMfgj',#6,'Connect ventilation ductwork — Tower A',$,$,'6.5.3',$,$,$,.F.,$,#375,.INSTALLATION.);
#377=IFCTASKTIME('Install sprinkler system — Tower A Time',.PREDICTED.,$,.WORKTIME.,'P0Y0M5D','2027-03-01T07:00:00','2027-03-05T07:00:00','2027-12-14T07:00:00','2027-12-20T07:00:00','2027-12-14T07:00:00','2027-12-20T07:00:00','P0Y0M0D','P0Y0M0D',.T.,$,$,$,$,$,0.0);
#378=IFCTASK('sptpBTOPzzgnv1TnYdaBy7',#6,'Install sprinkler system — Tower A',$,$,'6.5.4',$,$,$,.F.,$,#377,.INSTALLATION.);
#379=IFCTASKTIME('Install data/ICT cabling — Tower A Time',.PREDICTED.,$,.WORKTIME.,'P0Y0M4D','2027-03-01T07:00:00','2027-03-04T07:00:00','2027-12-21T07:00:00','2027-12-24T07:00:00','2027-12-21T07:00:00','2027-12-24T07:00:00','P0Y0M0D','P0Y0M0D',.T.,$,$,$,$,$,0.0);
#380=IFCTASK('$jYhRRTHJNZtjJd1JNERn$',#6,'Install data/ICT cabling — Tower A',$,$,'6.5.5',$,$,$,.F.,$,#379,.INSTALLATION.);
#381=IFCTASKTIME('Install fire alarm system — Tower A Time',.PREDICTED.,$,.WORKTIME.,'P0Y0M4D','2027-03-01T07:00:00','2027-03-04T07:00:00','2027-12-27T07:00:00','2027-12-30T07:00:00','2027-12-27T07:00:00','2027-12-30T07:00:00','P0Y0M0D','P0Y0M0D',.T.,$,$,$,$,$,0.0);
#382=IFCTASK('xnFxAhBldjwjcFXXOpZfAv',#6,'Install fire alarm system — Tower A',$,$,'6.5.6',$,$,$,.F.,$,#381,.INSTALLATION.);
#383=IFCTASKTIME('Lift supply & installation — Tower A Time',.PREDICTED.,$,.WORKTIME.,'P0Y0M10D','2027-03-01T07:00:00','2027-03-12T07:00:00','2027-12-31T07:00:00','2028-01-13T07:00:00','2027-12-31T07:00:00','2028-01-13T07:00:00','P0Y0M0D','P0Y0M0D',.T.,$,$,$,$,$,0.0);
#384=IFCTASK('0Fz9U95nqPSJARWVNNEbdr',#6,'Lift supply & installation — Tower A',$,$,'6.5.7',$,$,$,.F.,$,#383,.INSTALLATION.);
#385=IFCTASKTIME('Services commissioning inspection — Tower A Time',.PREDICTED.,$,.WORKTIME.,'P0Y0M0D','2027-03-01T07:00:00','2027-03-01T07:00:00','2028-01-13T07:00:00','2028-01-13T07:00:00','2028-01-13T07:00:00','2028-01-13T07:00:00','P0Y0M0D','P0Y0M0D',.T.,$,$,$,$,$,0.0);
#386=IFCTASK('9fkxQfOvCz2tL9u$dhOHVv',#6,'Services commissioning inspection — Tower A',$,$,'6.5.8',$,$,$,.T.,$,#385,.CONSTRUCTION.);
#387=IFCTASKTIME('Building services — Tower B Time',.PREDICTED.,$,.WORKTIME.,'P0Y0M5D','2027-03-01T07:00:00','2027-03-05T07:00:00','2027-11-24T07:00:00','2028-01-13T07:00:00','2027-11-24T07:00:00','2028-01-13T07:00:00','P0Y0M0D','P0Y0M0D',.T.,$,$,$,$,$,0.0);
#388=IFCTASK('DrFxsHP9nHO9b$9$71FZFb',#6,'Building services — Tower B',$,$,'6.6',$,$,$,.F.,$,#387,.CONSTRUCTION.);
#389=IFCTASKTIME('Mechanical services — Tower B Time',.PREDICTED.,$,.WORKTIME.,'P0Y0M8D','2027-03-01T07:00:00','2027-03-10T07:00:00','2027-11-24T07:00:00','2027-12-03T07:00:00','2027-11-24T07:00:00','2027-12-03T07:00:00','P0Y0M0D','P0Y0M0D',.T.,$,$,$,$,$,0.0);
#390=IFCTASK('5rIH7rOPjLfTDlrFpBb1sd',#6,'Mechanical services — Tower B',$,$,'6.6.1',$,$,$,.F.,$,#389,.INSTALLATION.);
#391=IFCTASKTIME('Install electrical services — Tower B Time',.PREDICTED.,$,.WORKTIME.,'P0Y0M7D','2027-03-01T07:00:00','2027-03-09T07:00:00','2027-11-26T07:00:00','2027-12-06T07:00:00','2027-11-26T07:00:00','2027-12-06T07:00:00','P0Y0M0D','P0Y0M0D',.T.,$,$,$,$,$,0.0);
#392=IFCTASK('wF9pzvXdR1t33bGXwN2ryv',#6,'Install electrical services — Tower B',$,$,'6.6.2',$,$,$,.F.,$,#391,.INSTALLATION.);
#393=IFCTASKTIME('Connect ventilation ductwork — Tower B Time',.PREDICTED.,$,.WORKTIME.,'P0Y0M5D','2027-03-01T07:00:00','2027-03-05T07:00:00','2027-12-07T07:00:00','2027-12-13T07:00:00','2027-12-07T07:00:00','2027-12-13T07:00:00','P0Y0M0D','P0Y0M0D',.T.,$,$,$,$,$,0.0);
#394=IFCTASK('NP09QDYNy5tbJjd1n539Gl',#6,'Connect ventilation ductwork — Tower B',$,$,'6.6.3',$,$,$,.F.,$,#393,.INSTALLATION.);
#395=IFCTASKTIME('Install sprinkler system — Tower B Time',.PREDICTED.,$,.WORKTIME.,'P0Y0M5D','2027-03-01T07:00:00','2027-03-05T07:00:00','2027-12-14T07:00:00','2027-12-20T07:00:00','2027-12-14T07:00:00','2027-12-20T07:00:00','P0Y0M0D','P0Y0M0D',.T.,$,$,$,$,$,0.0);
#396=IFCTASK('_pIlz779V57h2pFV5lLHPr',#6,'Install sprinkler system — Tower B',$,$,'6.6.4',$,$,$,.F.,$,#395,.INSTALLATION.);
#397=IFCTASKTIME('Install data/ICT cabling — Tower B Time',.PREDICTED.,$,.WORKTIME.,'P0Y0M4D','2027-03-01T07:00:00','2027-03-04T07:00:00','2027-12-21T07:00:00','2027-12-24T07:00:00','2027-12-21T07:00:00','2027-12-24T07:00:00','P0Y0M0D','P0Y0M0D',.T.,$,$,$,$,$,0.0);
#398=IFCTASK('5LobOzBlPjwJUTRlwf_BKj',#6,'Install data/ICT cabling — Tower B',$,$,'6.6.5',$,$,$,.F.,$,#397,.INSTALLATION.);
#399=IFCTASKTIME('Install fire alarm system — Tower B Time',.PREDICTED.,$,.WORKTIME.,'P0Y0M4D','2027-03-01T07:00:00','2027-03-04T07:00:00','2027-12-27T07:00:00','2027-12-30T07:00:00','2027-12-27T07:00:00','2027-12-30T07:00:00','P0Y0M0D','P0Y0M0D',.T.,$,$,$,$,$,0.0);
#400=IFCTASK('YXL$UREHvf_9zRO1vX5l$f',#6,'Install fire alarm system — Tower B',$,$,'6.6.6',$,$,$,.F.,$,#399,.INSTALLATION.);
#401=IFCTASKTIME('Lift supply & installation — Tower B Time',.PREDICTED.,$,.WORKTIME.,'P0Y0M10D','2027-03-01T07:00:00','2027-03-12T07:00:00','2027-12-31T07:00:00','2028-01-13T07:00:00','2027-12-31T07:00:00','2028-01-13T07:00:00','P0Y0M0D','P0Y0M0D',.T.,$,$,$,$,$,0.0);
#402=IFCTASK('OxyZKhJXhvWHPTXXCz8$QH',#6,'Lift supply & installation — Tower B',$,$,'6.6.7',$,$,$,.F.,$,#401,.INSTALLATION.);
#403=IFCTASKTIME('Services commissioning inspection — Tower B Time',.PREDICTED.,$,.WORKTIME.,'P0Y0M0D','2027-03-01T07:00:00','2027-03-01T07:00:00','2028-01-13T07:00:00','2028-01-13T07:00:00','2028-01-13T07:00:00','2028-01-13T07:00:00','P0Y0M0D','P0Y0M0D',.T.,$,$,$,$,$,0.0);
#404=IFCTASK('YTO1Yxgd7fAHXnjFzjk1_T',#6,'Services commissioning inspection — Tower B',$,$,'6.6.8',$,$,$,.T.,$,#403,.CONSTRUCTION.);
#405=IFCTASKTIME('Building services — Tower C Time',.PREDICTED.,$,.WORKTIME.,'P0Y0M5D','2027-03-01T07:00:00','2027-03-05T07:00:00','2027-11-24T07:00:00','2028-01-13T07:00:00','2027-11-29T07:00:00','2028-01-18T07:00:00','P0Y0M0D','P0Y0M3D',.F.,$,$,$,$,$,0.0);
#406=IFCTASK('gZRH7L41Od7Lwjf1wfQDaR',#6,'Building services — Tower C',$,$,'6.7',$,$,$,.F.,$,#405,.CONSTRUCTION.);
#407=IFCTASKTIME('Mechanical services — Tower C Time',.PREDICTED.,$,.WORKTIME.,'P0Y0M8D','2027-03-01T07:00:00','2027-03-10T07:00:00','2027-11-24T07:00:00','2027-12-03T07:00:00','2027-11-29T07:00:00','2027-12-08T07:00:00','P0Y0M0D','P0Y0M3D',.F.,$,$,$,$,$,0.0);
#408=IFCTASK('Gvwtgbh1gbbXEV5F25bnh9',#6,'Mechanical services — Tower C',$,$,'6.7.1',$,$,$,.F.,$,#407,.INSTALLATION.);
#409=IFCTASKTIME('Install electrical services — Tower C Time',.PREDICTED.,$,.WORKTIME.,'P0Y0M7D','2027-03-01T07:00:00','2027-03-09T07:00:00','2027-11-26T07:00:00','2027-12-06T07:00:00','2027-12-01T07:00:00','2027-12-09T07:00:00','P0Y0M0D','P0Y0M3D',.F.,$,$,$,$,$,0.0);
#410=IFCTASK('bRWNy$2fUd4LMh_FN9gfEx',#6,'Install electrical services — Tower C',$,$,'6.7.2',$,$,$,.F.,$,#409,.INSTALLATION.);
#411=IFCTASKTIME('Connect ventilation ductwork — Tower C Time',.PREDICTED.,$,.WORKTIME.,'P0Y0M5D','2027-03-01T07:00:00','2027-03-05T07:00:00','2027-12-07T07:00:00','2027-12-13T07:00:00','2027-12-10T07:00:00','2027-12-16T07:00:00','P0Y0M0D','P0Y0M3D',.F.,$,$,$,$,$,0.0);
#412=IFCTASK('prlRmPg1_NEvQlDlZX7pSb',#6,'Connect ventilation ductwork — Tower C',$,$,'6.7.3',$,$,$,.F.,$,#411,.INSTALLATION.);
#413=IFCTASKTIME('Install sprinkler system — Tower C Time',.PREDICTED.,$,.WORKTIME.,'P0Y0M5D','2027-03-01T07:00:00','2027-03-05T07:00:00','2027-12-14T07:00:00','2027-12-20T07:00:00','2027-12-17T07:00:00','2027-12-23T07:00:00','P0Y0M0D','P0Y0M3D',.F.,$,$,$,$,$,0.0);
#414=IFCTASK('WVTfebElznKb5FblgHDPPP',#6,'Install sprinkler system — Tower C',$,$,'6.7.4',$,$,$,.F.,$,#413,.INSTALLATION.);
#415=IFCTASKTIME('Install data/ICT cabling — Tower C Time',.PREDICTED.,$,.WORKTIME.,'P0Y0M4D','2027-03-01T07:00:00','2027-03-04T07:00:00','2027-12-21T07:00:00','2027-12-24T07:00:00','2027-12-24T07:00:00','2027-12-29T07:00:00','P0Y0M0D','P0Y0M3D',.F.,$,$,$,$,$,0.0);
#416=IFCTASK('PV3tkpH7m3e93be1vVhXyL',#6,'Install data/ICT cabling — Tower C',$,$,'6.7.5',$,$,$,.F.,$,#415,.INSTALLATION.);
#417=IFCTASKTIME('Install fire alarm system — Tower C Time',.PREDICTED.,$,.WORKTIME.,'P0Y0M4D','2027-03-01T07:00:00','2027-03-04T07:00:00','2027-12-27T07:00:00','2027-12-30T07:00:00','2027-12-30T07:00:00','2028-01-04T07:00:00','P0Y0M0D','P0Y0M3D',.F.,$,$,$,$,$,0.0);
#418=IFCTASK('Zz4Br7MdhjQDunblYhnL_3',#6,'Install fire alarm system — Tower C',$,$,'6.7.6',$,$,$,.F.,$,#417,.INSTALLATION.);
#419=IFCTASKTIME('Lift supply & installation — Tower C Time',.PREDICTED.,$,.WORKTIME.,'P0Y0M10D','2027-03-01T07:00:00','2027-03-12T07:00:00','2027-12-31T07:00:00','2028-01-13T07:00:00','2028-01-05T07:00:00','2028-01-18T07:00:00','P0Y0M0D','P0Y0M3D',.F.,$,$,$,$,$,0.0);
#420=IFCTASK('i51ZG7o99Vb18nxH8z1xT5',#6,'Lift supply & installation — Tower C',$,$,'6.7.7',$,$,$,.F.,$,#419,.INSTALLATION.);
#421=IFCTASKTIME('Services commissioning inspection — Tower C Time',.PREDICTED.,$,.WORKTIME.,'P0Y0M0D','2027-03-01T07:00:00','2027-03-01T07:00:00','2028-01-13T07:00:00','2028-01-13T07:00:00','2028-01-18T07:00:00','2028-01-18T07:00:00','P0Y0M0D','P0Y0M3D',.F.,$,$,$,$,$,0.0);
#422=IFCTASK('Q5a3IjxVJhvDa7onwNA3bx',#6,'Services commissioning inspection — Tower C',$,$,'6.7.8',$,$,$,.T.,$,#421,.CONSTRUCTION.);
#423=IFCTASKTIME('6. Fit-out Time',.PREDICTED.,$,.WORKTIME.,'P0Y0M5D','2027-03-01T07:00:00','2027-03-05T07:00:00','2027-11-30T07:00:00','2028-04-10T07:00:00','2028-01-14T07:00:00','2028-04-10T07:00:00','P0Y0M0D','P0Y0M0D',.T.,$,$,$,$,$,0.0);
#424=IFCTASK('A9EFlRL$Ydqx1XZHSf6JA7',#6,'6. Fit-out',$,$,'7',$,$,$,.F.,$,#423,.CONSTRUCTION.);
#425=IFCTASKTIME('Fit-out — Tower A Time',.PREDICTED.,$,.WORKTIME.,'P0Y0M5D','2027-03-01T07:00:00','2027-03-05T07:00:00','2028-01-14T07:00:00','2028-04-10T07:00:00','2028-01-14T07:00:00','2028-04-10T07:00:00','P0Y0M0D','P0Y0M0D',.T.,$,$,$,$,$,0.0);
#426=IFCTASK('7BMdpHeP5lzvMrQ$UdKxTb',#6,'Fit-out — Tower A',$,$,'7.1',$,$,$,.F.,$,#425,.CONSTRUCTION.);
#427=IFCTASKTIME('Plastering — Tower A Time',.PREDICTED.,$,.WORKTIME.,'P0Y0M15D','2027-03-01T07:00:00','2027-03-16T07:00:00','2028-01-14T07:00:00','2028-02-03T07:00:00','2028-01-14T07:00:00','2028-02-03T07:00:00','P0Y0M0D','P0Y0M0D',.T.,$,$,$,$,$,0.0);
#428=IFCTASK('Er1Bd9bnYd4hMLwHPF15NV',#6,'Plastering — Tower A',$,$,'7.1.1',$,$,$,.F.,$,#427,.CONSTRUCTION.);
#429=IFCTASKTIME('Tiling — Tower A Time',.PREDICTED.,$,.WORKTIME.,'P0Y0M10D','2027-03-01T07:00:00','2027-03-12T07:00:00','2028-02-04T07:00:00','2028-02-17T07:00:00','2028-02-04T07:00:00','2028-02-17T07:00:00','P0Y0M0D','P0Y0M0D',.T.,$,$,$,$,$,0.0);
#430=IFCTASK('8jztUNndzlWl1XjH5lzfwx',#6,'Tiling — Tower A',$,$,'7.1.2',$,$,$,.F.,$,#429,.CONSTRUCTION.);
#431=IFCTASKTIME('Install kitchens — Tower A Time',.PREDICTED.,$,.WORKTIME.,'P0Y0M8D','2027-03-01T07:00:00','2027-03-10T07:00:00','2028-02-18T07:00:00','2028-02-29T07:00:00','2028-02-18T07:00:00','2028-02-29T07:00:00','P0Y0M0D','P0Y0M0D',.T.,$,$,$,$,$,0.0);
#432=IFCTASK('Ev_XiNFP7f29npN$HvWdDj',#6,'Install kitchens — Tower A',$,$,'7.1.3',$,$,$,.F.,$,#431,.CONSTRUCTION.);
#433=IFCTASKTIME('Install sanitary fittings — Tower A Time',.PREDICTED.,$,.WORKTIME.,'P0Y0M7D','2027-03-01T07:00:00','2027-03-09T07:00:00','2028-03-01T07:00:00','2028-03-09T07:00:00','2028-03-01T07:00:00','2028-03-09T07:00:00','P0Y0M0D','P0Y0M0D',.T.,$,$,$,$,$,0.0);
#434=IFCTASK('FBtDNpvtpdPBavAHuLOHhj',#6,'Install sanitary fittings — Tower A',$,$,'7.1.4',$,$,$,.F.,$,#433,.INSTALLATION.);
#435=IFCTASKTIME('Painting — Tower A Time',.PREDICTED.,$,.WORKTIME.,'P0Y0M8D','2027-03-01T07:00:00','2027-03-10T07:00:00','2028-03-10T07:00:00','2028-03-21T07:00:00','2028-03-10T07:00:00','2028-03-21T07:00:00','P0Y0M0D','P0Y0M0D',.T.,$,$,$,$,$,0.0);
#436=IFCTASK('ttwtsBv9znaJw$TnEjI1s7',#6,'Painting — Tower A',$,$,'7.1.5',$,$,$,.F.,$,#435,.CONSTRUCTION.);
#437=IFCTASKTIME('Floor finishes — Tower A Time',.PREDICTED.,$,.WORKTIME.,'P0Y0M5D','2027-03-01T07:00:00','2027-03-05T07:00:00','2028-03-22T07:00:00','2028-03-28T07:00:00','2028-03-22T07:00:00','2028-03-28T07:00:00','P0Y0M0D','P0Y0M0D',.T.,$,$,$,$,$,0.0);
#438=IFCTASK('Y3az2LincVsHthgHQTjvpl',#6,'Floor finishes — Tower A',$,$,'7.1.6',$,$,$,.F.,$,#437,.CONSTRUCTION.);
#439=IFCTASKTIME('Finish ceilings — Tower A Time',.PREDICTED.,$,.WORKTIME.,'P0Y0M5D','2027-03-01T07:00:00','2027-03-05T07:00:00','2028-03-29T07:00:00','2028-04-04T07:00:00','2028-03-29T07:00:00','2028-04-04T07:00:00','P0Y0M0D','P0Y0M0D',.T.,$,$,$,$,$,0.0);
#440=IFCTASK('sJ5XCx9fqdSjEhUFJ55Hz7',#6,'Finish ceilings — Tower A',$,$,'7.1.7',$,$,$,.F.,$,#439,.CONSTRUCTION.);
#441=IFCTASKTIME('Doors and ironmongery — Tower A Time',.PREDICTED.,$,.WORKTIME.,'P0Y0M4D','2027-03-01T07:00:00','2027-03-04T07:00:00','2028-04-05T07:00:00','2028-04-10T07:00:00','2028-04-05T07:00:00','2028-04-10T07:00:00','P0Y0M0D','P0Y0M0D',.T.,$,$,$,$,$,0.0);
#442=IFCTASK('6BIlxr$vkBtzVxWVNfk5tF',#6,'Doors and ironmongery — Tower A',$,$,'7.1.8',$,$,$,.F.,$,#441,.CONSTRUCTION.);
#443=IFCTASKTIME('Fit-out — Tower B Time',.PREDICTED.,$,.WORKTIME.,'P0Y0M5D','2027-03-01T07:00:00','2027-03-05T07:00:00','2028-01-14T07:00:00','2028-04-10T07:00:00','2028-01-14T07:00:00','2028-04-10T07:00:00','P0Y0M0D','P0Y0M0D',.T.,$,$,$,$,$,0.0);
#444=IFCTASK('NZRH$7kttBt3N7QHH781gp',#6,'Fit-out — Tower B',$,$,'7.2',$,$,$,.F.,$,#443,.CONSTRUCTION.);
#445=IFCTASKTIME('Plastering — Tower B Time',.PREDICTED.,$,.WORKTIME.,'P0Y0M15D','2027-03-01T07:00:00','2027-03-16T07:00:00','2028-01-14T07:00:00','2028-02-03T07:00:00','2028-01-14T07:00:00','2028-02-03T07:00:00','P0Y0M0D','P0Y0M0D',.T.,$,$,$,$,$,0.0);
#446=IFCTASK('LZBV4Zmf8tXR71DnZXfZNX',#6,'Plastering — Tower B',$,$,'7.2.1',$,$,$,.F.,$,#445,.CONSTRUCTION.);
#447=IFCTASKTIME('Tiling — Tower B Time',.PREDICTED.,$,.WORKTIME.,'P0Y0M10D','2027-03-01T07:00:00','2027-03-12T07:00:00','2028-02-04T07:00:00','2028-02-17T07:00:00','2028-02-04T07:00:00','2028-02-17T07:00:00','P0Y0M0D','P0Y0M0D',.T.,$,$,$,$,$,0.0);
#448=IFCTASK('ZTWNezRFwHGVoVrnLP07R5',#6,'Tiling — Tower B',$,$,'7.2.2',$,$,$,.F.,$,#447,.CONSTRUCTION.);
#449=IFCTASKTIME('Install kitchens — Tower B Time',.PREDICTED.,$,.WORKTIME.,'P0Y0M8D','2027-03-01T07:00:00','2027-03-10T07:00:00','2028-02-18T07:00:00','2028-02-29T07:00:00','2028-02-18T07:00:00','2028-02-29T07:00:00','P0Y0M0D','P0Y0M0D',.T.,$,$,$,$,$,0.0);
#450=IFCTASK('orP3kHuPDPHJU9mXK$nZtF',#6,'Install kitchens — Tower B',$,$,'7.2.3',$,$,$,.F.,$,#449,.CONSTRUCTION.);
#451=IFCTASKTIME('Install sanitary fittings — Tower B Time',.PREDICTED.,$,.WORKTIME.,'P0Y0M7D','2027-03-01T07:00:00','2027-03-09T07:00:00','2028-03-01T07:00:00','2028-03-09T07:00:00','2028-03-01T07:00:00','2028-03-09T07:00:00','P0Y0M0D','P0Y0M0D',.T.,$,$,$,$,$,0.0);
#452=IFCTASK('sf_BL9y1W5FpChAlSbdxr7',#6,'Install sanitary fittings — Tower B',$,$,'7.2.4',$,$,$,.F.,$,#451,.INSTALLATION.);
#453=IFCTASKTIME('Painting — Tower B Time',.PREDICTED.,$,.WORKTIME.,'P0Y0M8D','2027-03-01T07:00:00','2027-03-10T07:00:00','2028-03-10T07:00:00','2028-03-21T07:00:00','2028-03-10T07:00:00','2028-03-21T07:00:00','P0Y0M0D','P0Y0M0D',.T.,$,$,$,$,$,0.0);
#454=IFCTASK('rJhHDHuP3nSjkRSHDvel9j',#6,'Painting — Tower B',$,$,'7.2.5',$,$,$,.F.,$,#453,.CONSTRUCTION.);
#455=IFCTASKTIME('Floor finishes — Tower B Time',.PREDICTED.,$,.WORKTIME.,'P0Y0M5D','2027-03-01T07:00:00','2027-03-05T07:00:00','2028-03-22T07:00:00','2028-03-28T07:00:00','2028-03-22T07:00:00','2028-03-28T07:00:00','P0Y0M0D','P0Y0M0D',.T.,$,$,$,$,$,0.0);
#456=IFCTASK('b$VzcNuPvtY5$VbnODDd7f',#6,'Floor finishes — Tower B',$,$,'7.2.6',$,$,$,.F.,$,#455,.CONSTRUCTION.);
#457=IFCTASKTIME('Finish ceilings — Tower B Time',.PREDICTED.,$,.WORKTIME.,'P0Y0M5D','2027-03-01T07:00:00','2027-03-05T07:00:00','2028-03-29T07:00:00','2028-04-04T07:00:00','2028-03-29T07:00:00','2028-04-04T07:00:00','P0Y0M0D','P0Y0M0D',.T.,$,$,$,$,$,0.0);
#458=IFCTASK('ov2XKhhHhpMnD3DlRbMN2T',#6,'Finish ceilings — Tower B',$,$,'7.2.7',$,$,$,.F.,$,#457,.CONSTRUCTION.);
#459=IFCTASKTIME('Doors and ironmongery — Tower B Time',.PREDICTED.,$,.WORKTIME.,'P0Y0M4D','2027-03-01T07:00:00','2027-03-04T07:00:00','2028-04-05T07:00:00','2028-04-10T07:00:00','2028-04-05T07:00:00','2028-04-10T07:00:00','P0Y0M0D','P0Y0M0D',.T.,$,$,$,$,$,0.0);
#460=IFCTASK('xBU$oXYnQJCTPzzHMheXGH',#6,'Doors and ironmongery — Tower B',$,$,'7.2.8',$,$,$,.F.,$,#459,.CONSTRUCTION.);
#461=IFCTASKTIME('Fit-out — Tower C Time',.PREDICTED.,$,.WORKTIME.,'P0Y0M5D','2027-03-01T07:00:00','2027-03-05T07:00:00','2028-01-14T07:00:00','2028-04-05T07:00:00','2028-01-19T07:00:00','2028-04-10T07:00:00','P0Y0M0D','P0Y0M3D',.F.,$,$,$,$,$,0.0);
#462=IFCTASK('5rMPz7lv45HJMrM1NJP5j3',#6,'Fit-out — Tower C',$,$,'7.3',$,$,$,.F.,$,#461,.CONSTRUCTION.);
#463=IFCTASKTIME('Plastering — Tower C Time',.PREDICTED.,$,.WORKTIME.,'P0Y0M12D','2027-03-01T07:00:00','2027-03-16T07:00:00','2028-01-14T07:00:00','2028-01-31T07:00:00','2028-01-19T07:00:00','2028-02-03T07:00:00','P0Y0M0D','P0Y0M3D',.F.,$,$,$,$,$,0.0);
#464=IFCTASK('PXTf0lfN0hR1ClLnZXnhER',#6,'Plastering — Tower C',$,$,'7.3.1',$,$,$,.F.,$,#463,.CONSTRUCTION.);
#465=IFCTASKTIME('Tiling — Tower C Time',.PREDICTED.,$,.WORKTIME.,'P0Y0M10D','2027-03-01T07:00:00','2027-03-12T07:00:00','2028-02-01T07:00:00','2028-02-14T07:00:00','2028-02-04T07:00:00','2028-02-17T07:00:00','P0Y0M0D','P0Y0M3D',.F.,$,$,$,$,$,0.0);
#466=IFCTASK('2pQNexUNaVLHplrFDBxVWP',#6,'Tiling — Tower C',$,$,'7.3.2',$,$,$,.F.,$,#465,.CONSTRUCTION.);
#467=IFCTASKTIME('Install kitchens — Tower C Time',.PREDICTED.,$,.WORKTIME.,'P0Y0M8D','2027-03-01T07:00:00','2027-03-10T07:00:00','2028-02-15T07:00:00','2028-02-24T07:00:00','2028-02-18T07:00:00','2028-02-29T07:00:00','P0Y0M0D','P0Y0M3D',.F.,$,$,$,$,$,0.0);
#468=IFCTASK('FdUh$PoHzl0nf7oFQ74hwX',#6,'Install kitchens — Tower C',$,$,'7.3.3',$,$,$,.F.,$,#467,.CONSTRUCTION.);
#469=IFCTASKTIME('Install sanitary fittings — Tower C Time',.PREDICTED.,$,.WORKTIME.,'P0Y0M7D','2027-03-01T07:00:00','2027-03-09T07:00:00','2028-02-25T07:00:00','2028-03-06T07:00:00','2028-03-01T07:00:00','2028-03-09T07:00:00','P0Y0M0D','P0Y0M3D',.F.,$,$,$,$,$,0.0);
#470=IFCTASK('ZZeHDluvwlWll9e$LTT9Wv',#6,'Install sanitary fittings — Tower C',$,$,'7.3.4',$,$,$,.F.,$,#469,.INSTALLATION.);
#471=IFCTASKTIME('Painting — Tower C Time',.PREDICTED.,$,.WORKTIME.,'P0Y0M8D','2027-03-01T07:00:00','2027-03-10T07:00:00','2028-03-07T07:00:00','2028-03-16T07:00:00','2028-03-10T07:00:00','2028-03-21T07:00:00','P0Y0M0D','P0Y0M3D',.F.,$,$,$,$,$,0.0);
#472=IFCTASK('G9S3c9y1q3AHLzN1w9gN_$',#6,'Painting — Tower C',$,$,'7.3.5',$,$,$,.F.,$,#471,.CONSTRUCTION.);
#473=IFCTASKTIME('Floor finishes — Tower C Time',.PREDICTED.,$,.WORKTIME.,'P0Y0M5D','2027-03-01T07:00:00','2027-03-05T07:00:00','2028-03-17T07:00:00','2028-03-23T07:00:00','2028-03-22T07:00:00','2028-03-28T07:00:00','P0Y0M0D','P0Y0M3D',.F.,$,$,$,$,$,0.0);
#474=IFCTASK('HxNbW19fifsl3dYVNJ9r4r',#6,'Floor finishes — Tower C',$,$,'7.3.6',$,$,$,.F.,$,#473,.CONSTRUCTION.);
#475=IFCTASKTIME('Finish ceilings — Tower C Time',.PREDICTED.,$,.WORKTIME.,'P0Y0M5D','2027-03-01T07:00:00','2027-03-05T07:00:00','2028-03-24T07:00:00','2028-03-30T07:00:00','2028-03-29T07:00:00','2028-04-04T07:00:00','P0Y0M0D','P0Y0M3D',.F.,$,$,$,$,$,0.0);
#476=IFCTASK('0H$rt$_fobD9htGVuBK5lB',#6,'Finish ceilings — Tower C',$,$,'7.3.7',$,$,$,.F.,$,#475,.CONSTRUCTION.);
#477=IFCTASKTIME('Doors and ironmongery — Tower C Time',.PREDICTED.,$,.WORKTIME.,'P0Y0M4D','2027-03-01T07:00:00','2027-03-04T07:00:00','2028-03-31T07:00:00','2028-04-05T07:00:00','2028-04-05T07:00:00','2028-04-10T07:00:00','P0Y0M0D','P0Y0M3D',.F.,$,$,$,$,$,0.0);
#478=IFCTASK('XT09cpwv6HOPmhgHAbstiD',#6,'Doors and ironmongery — Tower C',$,$,'7.3.8',$,$,$,.F.,$,#477,.CONSTRUCTION.);
#479=IFCTASKTIME('Finish entrance hall Time',.PREDICTED.,$,.WORKTIME.,'P0Y0M6D','2027-03-01T07:00:00','2027-03-08T07:00:00','2027-11-30T07:00:00','2027-12-07T07:00:00','2028-03-08T07:00:00','2028-03-15T07:00:00','P0Y0M0D','P0Y0M71D',.F.,$,$,$,$,$,0.0);
#480=IFCTASK('STWNGNmNGpkdqFf$7bMfUH',#6,'Finish entrance hall',$,$,'7.4',$,$,$,.F.,$,#479,.CONSTRUCTION.);
#481=IFCTASKTIME('Finish bicycle store Time',.PREDICTED.,$,.WORKTIME.,'P0Y0M4D','2027-03-01T07:00:00','2027-03-04T07:00:00','2027-12-08T07:00:00','2027-12-13T07:00:00','2028-04-05T07:00:00','2028-04-10T07:00:00','P0Y0M85D','P0Y0M85D',.F.,$,$,$,$,$,0.0);
#482=IFCTASK('1njP$vgPlD8vUfalF55H75',#6,'Finish bicycle store',$,$,'7.5',$,$,$,.F.,$,#481,.CONSTRUCTION.);
#483=IFCTASKTIME('Finish lift lobbies Time',.PREDICTED.,$,.WORKTIME.,'P0Y0M4D','2027-03-01T07:00:00','2027-03-04T07:00:00','2027-12-08T07:00:00','2027-12-13T07:00:00','2028-03-16T07:00:00','2028-03-21T07:00:00','P0Y0M0D','P0Y0M71D',.F.,$,$,$,$,$,0.0);
#484=IFCTASK('EPYhVfWtzz61Ch6ljtoXOT',#6,'Finish lift lobbies',$,$,'7.6',$,$,$,.F.,$,#483,.CONSTRUCTION.);
#485=IFCTASKTIME('Finish communal stair cores Time',.PREDICTED.,$,.WORKTIME.,'P0Y0M5D','2027-03-01T07:00:00','2027-03-05T07:00:00','2027-12-14T07:00:00','2027-12-20T07:00:00','2028-03-22T07:00:00','2028-03-28T07:00:00','P0Y0M0D','P0Y0M71D',.F.,$,$,$,$,$,0.0);
#486=IFCTASK('XTmPrZOdbXb$unRlwpbnfX',#6,'Finish communal stair cores',$,$,'7.7',$,$,$,.F.,$,#485,.CONSTRUCTION.);
#487=IFCTASKTIME('External painting, facade plinth Time',.PREDICTED.,$,.WORKTIME.,'P0Y0M4D','2027-03-01T07:00:00','2027-03-04T07:00:00','2027-12-21T07:00:00','2027-12-24T07:00:00','2028-03-29T07:00:00','2028-04-03T07:00:00','P0Y0M0D','P0Y0M71D',.F.,$,$,$,$,$,0.0);
#488=IFCTASK('GfuFXDItFHWlthQH1VNZlr',#6,'External painting, facade plinth',$,$,'7.8',$,$,$,.F.,$,#487,.CONSTRUCTION.);
#489=IFCTASKTIME('Install signage & wayfinding Time',.PREDICTED.,$,.WORKTIME.,'P0Y0M2D','2027-03-01T07:00:00','2027-03-02T07:00:00','2027-12-27T07:00:00','2027-12-28T07:00:00','2028-04-04T07:00:00','2028-04-05T07:00:00','P0Y0M0D','P0Y0M71D',.F.,$,$,$,$,$,0.0);
#490=IFCTASK('2pcfmPIlPpYfJ$ZFQPu1YD',#6,'Install signage & wayfinding',$,$,'7.9',$,$,$,.F.,$,#489,.CONSTRUCTION.);
#491=IFCTASKTIME('Final cleaning of communal areas Time',.PREDICTED.,$,.WORKTIME.,'P0Y0M3D','2027-03-01T07:00:00','2027-03-03T07:00:00','2027-12-29T07:00:00','2027-12-31T07:00:00','2028-04-06T07:00:00','2028-04-10T07:00:00','P0Y0M71D','P0Y0M71D',.F.,$,$,$,$,$,0.0);
#492=IFCTASK('GPgzYNldJBpPqLMl6f_rab',#6,'Final cleaning of communal areas',$,$,'7.10',$,$,$,.F.,$,#491,.CONSTRUCTION.);
#493=IFCTASKTIME('7. Car park & site works Time',.PREDICTED.,$,.WORKTIME.,'P0Y0M5D','2027-03-01T07:00:00','2027-03-05T07:00:00','2027-06-17T07:00:00','2028-03-28T07:00:00','2027-06-17T07:00:00','2028-03-28T07:00:00','P0Y0M0D','P0Y0M0D',.T.,$,$,$,$,$,0.0);
#494=IFCTASK('7BgdvhSlvNIPSJLnzFLVux',#6,'7. Car park & site works',$,$,'8',$,$,$,.F.,$,#493,.LOGISTIC.);
#495=IFCTASKTIME('Internal walls, storage units & stair cores, car park Time',.PREDICTED.,$,.WORKTIME.,'P0Y0M30D','2027-03-01T07:00:00','2027-04-09T07:00:00','2027-06-17T07:00:00','2027-08-18T07:00:00','2027-06-17T07:00:00','2027-08-18T07:00:00','P0Y0M0D','P0Y0M0D',.T.,$,$,$,$,$,0.0);
#496=IFCTASK('JNOHTftf_TSrCBA$FxhVSt',#6,'Internal walls, storage units & stair cores, car park',$,$,'8.1',$,$,$,.F.,$,#495,.CONSTRUCTION.);
#497=IFCTASKTIME('Pipework & cable trays, car park Time',.PREDICTED.,$,.WORKTIME.,'P0Y0M24D','2027-03-01T07:00:00','2027-04-01T07:00:00','2027-08-19T07:00:00','2027-09-21T07:00:00','2027-08-19T07:00:00','2027-09-21T07:00:00','P0Y0M0D','P0Y0M0D',.T.,$,$,$,$,$,0.0);
#498=IFCTASK('2H9pJ$MPXbrnlzlXhTb$QB',#6,'Pipework & cable trays, car park',$,$,'8.2',$,$,$,.F.,$,#497,.INSTALLATION.);
#499=IFCTASKTIME('Ventilation & smoke extraction system, car park Time',.PREDICTED.,$,.WORKTIME.,'P0Y0M22D','2027-03-01T07:00:00','2027-03-30T07:00:00','2027-09-22T07:00:00','2027-10-21T07:00:00','2027-09-22T07:00:00','2027-10-21T07:00:00','P0Y0M0D','P0Y0M0D',.T.,$,$,$,$,$,0.0);
#500=IFCTASK('NPe$EXUFIVLlHNqFS9gfkP',#6,'Ventilation & smoke extraction system, car park',$,$,'8.3',$,$,$,.F.,$,#499,.INSTALLATION.);
#501=IFCTASKTIME('Sprinkler & dry riser, car park Time',.PREDICTED.,$,.WORKTIME.,'P0Y0M16D','2027-03-01T07:00:00','2027-03-22T07:00:00','2027-10-22T07:00:00','2027-11-12T07:00:00','2027-10-22T07:00:00','2027-11-12T07:00:00','P0Y0M0D','P0Y0M0D',.T.,$,$,$,$,$,0.0);
#502=IFCTASK('WXJ7r7MdfFvhYT5l0v8FxF',#6,'Sprinkler & dry riser, car park',$,$,'8.4',$,$,$,.F.,$,#501,.INSTALLATION.);
#503=IFCTASKTIME('Power, lighting & emergency lighting, car park Time',.PREDICTED.,$,.WORKTIME.,'P0Y0M16D','2027-03-01T07:00:00','2027-03-22T07:00:00','2027-11-15T07:00:00','2027-12-06T07:00:00','2027-11-15T07:00:00','2027-12-06T07:00:00','P0Y0M0D','P0Y0M0D',.T.,$,$,$,$,$,0.0);
#504=IFCTASK('T34Zy12fgdHj_D$Vopcpux',#6,'Power, lighting & emergency lighting, car park',$,$,'8.5',$,$,$,.F.,$,#503,.INSTALLATION.);
#505=IFCTASKTIME('Fire alarm & evacuation system, car park Time',.PREDICTED.,$,.WORKTIME.,'P0Y0M10D','2027-03-01T07:00:00','2027-03-12T07:00:00','2027-12-07T07:00:00','2027-12-20T07:00:00','2027-12-07T07:00:00','2027-12-20T07:00:00','P0Y0M0D','P0Y0M0D',.T.,$,$,$,$,$,0.0);
#506=IFCTASK('bxiRajkHb1$xj1zFOJ9reB',#6,'Fire alarm & evacuation system, car park',$,$,'8.6',$,$,$,.F.,$,#505,.INSTALLATION.);
#507=IFCTASKTIME('EV charging infrastructure Time',.PREDICTED.,$,.WORKTIME.,'P0Y0M10D','2027-03-01T07:00:00','2027-03-12T07:00:00','2027-12-21T07:00:00','2028-01-03T07:00:00','2027-12-21T07:00:00','2028-01-03T07:00:00','P0Y0M0D','P0Y0M0D',.T.,$,$,$,$,$,0.0);
#508=IFCTASK('xLYLPxI9jhtzTrUVND39KV',#6,'EV charging infrastructure',$,$,'8.7',$,$,$,.F.,$,#507,.INSTALLATION.);
#509=IFCTASKTIME('Floor coating & line marking, car park Time',.PREDICTED.,$,.WORKTIME.,'P0Y0M14D','2027-03-01T07:00:00','2027-03-18T07:00:00','2028-01-04T07:00:00','2028-01-21T07:00:00','2028-01-04T07:00:00','2028-01-21T07:00:00','P0Y0M0D','P0Y0M0D',.T.,$,$,$,$,$,0.0);
#510=IFCTASK('Q5S3kDdtb17DadkXQzdJQB',#6,'Floor coating & line marking, car park',$,$,'8.8',$,$,$,.F.,$,#509,.CONSTRUCTION.);
#511=IFCTASKTIME('Access control, barriers & parking management system Time',.PREDICTED.,$,.WORKTIME.,'P0Y0M10D','2027-03-01T07:00:00','2027-03-12T07:00:00','2028-01-24T07:00:00','2028-02-04T07:00:00','2028-01-24T07:00:00','2028-02-04T07:00:00','P0Y0M0D','P0Y0M0D',.T.,$,$,$,$,$,0.0);
#512=IFCTASK('zDA7vv$Pp7rFlzv$LdeXCZ',#6,'Access control, barriers & parking management system',$,$,'8.9',$,$,$,.F.,$,#511,.INSTALLATION.);
#513=IFCTASKTIME('Commission & test car park services Time',.PREDICTED.,$,.WORKTIME.,'P0Y0M12D','2027-03-01T07:00:00','2027-03-16T07:00:00','2028-02-07T07:00:00','2028-02-22T07:00:00','2028-02-07T07:00:00','2028-02-22T07:00:00','P0Y0M0D','P0Y0M0D',.T.,$,$,$,$,$,0.0);
#514=IFCTASK('HfWfGPoHljq5DnHVHBxV09',#6,'Commission & test car park services',$,$,'8.10',$,$,$,.F.,$,#513,.INSTALLATION.);
#515=IFCTASKTIME('Car park safety inspection Time',.PREDICTED.,$,.WORKTIME.,'P0Y0M0D','2027-03-01T07:00:00','2027-03-01T07:00:00','2028-02-22T07:00:00','2028-02-22T07:00:00','2028-02-22T07:00:00','2028-02-22T07:00:00','P0Y0M0D','P0Y0M0D',.T.,$,$,$,$,$,0.0);
#516=IFCTASK('ix7BDjbVj9NThzd1Bp39eZ',#6,'Car park safety inspection','Closes out the car park fit-out stream — the second critical chain in this project, independent of the towers.',$,'8.11',$,$,$,.T.,$,#515,.CONSTRUCTION.);
#517=IFCTASKTIME('Construct new main access road Time',.PREDICTED.,$,.WORKTIME.,'P0Y0M4D','2027-03-01T07:00:00','2027-03-04T07:00:00','2028-02-23T07:00:00','2028-02-28T07:00:00','2028-02-23T07:00:00','2028-02-28T07:00:00','P0Y0M0D','P0Y0M0D',.T.,$,$,$,$,$,0.0);
#518=IFCTASK('id8Fj3bFArj7o$f$B9c7T9',#6,'Construct new main access road',$,$,'8.12',$,$,$,.F.,$,#517,.CONSTRUCTION.);
#519=IFCTASKTIME('New main access road in use Time',.PREDICTED.,$,.WORKTIME.,'P0Y0M0D','2027-03-01T07:00:00','2027-03-01T07:00:00','2028-02-29T07:00:00','2028-02-29T07:00:00','2028-02-29T07:00:00','2028-02-29T07:00:00','P0Y0M0D','P0Y0M0D',.T.,$,$,$,$,$,0.0);
#520=IFCTASK('99QN8jpFgvjffxiH4rzfgJ',#6,'New main access road in use',$,$,'8.13',$,$,$,.T.,$,#519,.CONSTRUCTION.);
#521=IFCTASKTIME('Break up temporary site road Time',.PREDICTED.,$,.WORKTIME.,'P0Y0M3D','2027-03-01T07:00:00','2027-03-03T07:00:00','2028-02-25T07:00:00','2028-02-29T07:00:00','2028-03-24T07:00:00','2028-03-28T07:00:00','P0Y0M20D','P0Y0M20D',.F.,$,$,$,$,$,0.0);
#522=IFCTASK('sf6D1d_nCTMz9NWVTVPjgt',#6,'Break up temporary site road',$,$,'8.14',$,$,$,.F.,$,#521,.LOGISTIC.);
#523=IFCTASKTIME('Site sewer connection, main building Time',.PREDICTED.,$,.WORKTIME.,'P0Y0M4D','2027-03-01T07:00:00','2027-03-04T07:00:00','2028-02-29T07:00:00','2028-03-03T07:00:00','2028-02-29T07:00:00','2028-03-03T07:00:00','P0Y0M0D','P0Y0M0D',.T.,$,$,$,$,$,0.0);
#524=IFCTASK('Y$ljPtRF6nKzFpVXKXZfUn',#6,'Site sewer connection, main building',$,$,'8.15',$,$,$,.F.,$,#523,.CONSTRUCTION.);
#525=IFCTASKTIME('Car park paving Time',.PREDICTED.,$,.WORKTIME.,'P0Y0M6D','2027-03-01T07:00:00','2027-03-08T07:00:00','2028-03-06T07:00:00','2028-03-13T07:00:00','2028-03-06T07:00:00','2028-03-13T07:00:00','P0Y0M0D','P0Y0M0D',.T.,$,$,$,$,$,0.0);
#526=IFCTASK('aTe$QDc7aht3H3v$HP4ZPP',#6,'Car park paving',$,$,'8.16',$,$,$,.F.,$,#525,.CONSTRUCTION.);
#527=IFCTASKTIME('Install outdoor bicycle shelter Time',.PREDICTED.,$,.WORKTIME.,'P0Y0M3D','2027-03-01T07:00:00','2027-03-03T07:00:00','2028-03-14T07:00:00','2028-03-16T07:00:00','2028-03-24T07:00:00','2028-03-28T07:00:00','P0Y0M8D','P0Y0M8D',.F.,$,$,$,$,$,0.0);
#528=IFCTASK('ORe$UbUnk$nhcF1VI307Hn',#6,'Install outdoor bicycle shelter',$,$,'8.17',$,$,$,.F.,$,#527,.CONSTRUCTION.);
#529=IFCTASKTIME('Install landscaping, main site Time',.PREDICTED.,$,.WORKTIME.,'P0Y0M5D','2027-03-01T07:00:00','2027-03-05T07:00:00','2028-03-14T07:00:00','2028-03-20T07:00:00','2028-03-14T07:00:00','2028-03-20T07:00:00','P0Y0M0D','P0Y0M0D',.T.,$,$,$,$,$,0.0);
#530=IFCTASK('nhb1kF4$iDe9DzplxrS35h',#6,'Install landscaping, main site',$,$,'8.18',$,$,$,.F.,$,#529,.CONSTRUCTION.);
#531=IFCTASKTIME('Install external lighting Time',.PREDICTED.,$,.WORKTIME.,'P0Y0M3D','2027-03-01T07:00:00','2027-03-03T07:00:00','2028-03-21T07:00:00','2028-03-23T07:00:00','2028-03-21T07:00:00','2028-03-23T07:00:00','P0Y0M0D','P0Y0M0D',.T.,$,$,$,$,$,0.0);
#532=IFCTASK('ObOHZtZ1Upw1Wj1Xu3FLw$',#6,'Install external lighting',$,$,'8.19',$,$,$,.F.,$,#531,.INSTALLATION.);
#533=IFCTASKTIME('Install boundary fencing Time',.PREDICTED.,$,.WORKTIME.,'P0Y0M2D','2027-03-01T07:00:00','2027-03-02T07:00:00','2028-03-24T07:00:00','2028-03-27T07:00:00','2028-03-24T07:00:00','2028-03-27T07:00:00','P0Y0M0D','P0Y0M0D',.T.,$,$,$,$,$,0.0);
#534=IFCTASK('7FvZiNlP$fR1OVpHznr$UD',#6,'Install boundary fencing',$,$,'8.20',$,$,$,.F.,$,#533,.CONSTRUCTION.);
#535=IFCTASKTIME('Mark out parking bays Time',.PREDICTED.,$,.WORKTIME.,'P0Y0M1D','2027-03-01T07:00:00','2027-03-01T07:00:00','2028-03-28T07:00:00','2028-03-28T07:00:00','2028-03-28T07:00:00','2028-03-28T07:00:00','P0Y0M0D','P0Y0M0D',.T.,$,$,$,$,$,0.0);
#536=IFCTASK('YVDdnl1763MFzbe$1ZKx79',#6,'Mark out parking bays',$,$,'8.21',$,$,$,.F.,$,#535,.CONSTRUCTION.);
#537=IFCTASKTIME('Site handover — final inspection Time',.PREDICTED.,$,.WORKTIME.,'P0Y0M0D','2027-03-01T07:00:00','2027-03-01T07:00:00','2028-03-28T07:00:00','2028-03-28T07:00:00','2028-03-28T07:00:00','2028-03-28T07:00:00','P0Y0M0D','P0Y0M0D',.T.,$,$,$,$,$,0.0);
#538=IFCTASK('ZXbHfpd9pbJfH9e$iVxlrT',#6,'Site handover — final inspection',$,$,'8.22',$,$,$,.T.,$,#537,.CONSTRUCTION.);
#539=IFCTASKTIME('8. Handover Time',.PREDICTED.,$,.WORKTIME.,'P0Y0M5D','2027-03-01T07:00:00','2027-03-05T07:00:00','2028-03-29T07:00:00','2028-04-10T07:00:00','2028-03-29T07:00:00','2028-04-10T07:00:00','P0Y0M0D','P0Y0M0D',.T.,$,$,$,$,$,0.0);
#540=IFCTASK('XT8FH5l7iJK3DT$X6DDdTb',#6,'8. Handover',$,$,'9',$,$,$,.F.,$,#539,.ATTENDANCE.);
#541=IFCTASKTIME('Handover inspection — Tower A Time',.PREDICTED.,$,.WORKTIME.,'P0Y0M0D','2027-03-01T07:00:00','2027-03-01T07:00:00','2028-04-10T07:00:00','2028-04-10T07:00:00','2028-04-10T07:00:00','2028-04-10T07:00:00','P0Y0M0D','P0Y0M0D',.T.,$,$,$,$,$,0.0);
#542=IFCTASK('ttU1kFy$G3WHRrIXAxMZXT',#6,'Handover inspection — Tower A','Contractual handover of Tower A to the owners'' association/residents — an independent end point (no shared final milestone with the other towers).',$,'9.1',$,$,$,.T.,$,#541,.CONSTRUCTION.);
#543=IFCTASKTIME('Handover inspection — Tower B Time',.PREDICTED.,$,.WORKTIME.,'P0Y0M0D','2027-03-01T07:00:00','2027-03-01T07:00:00','2028-04-10T07:00:00','2028-04-10T07:00:00','2028-04-10T07:00:00','2028-04-10T07:00:00','P0Y0M0D','P0Y0M0D',.T.,$,$,$,$,$,0.0);
#544=IFCTASK('CrtDRx7tXxvhoBs1DPaB4d',#6,'Handover inspection — Tower B','Contractual handover of Tower B to the owners'' association/residents — an independent end point (no shared final milestone with the other towers).',$,'9.2',$,$,$,.T.,$,#543,.CONSTRUCTION.);
#545=IFCTASKTIME('Handover inspection — Tower C Time',.PREDICTED.,$,.WORKTIME.,'P0Y0M0D','2027-03-01T07:00:00','2027-03-01T07:00:00','2028-04-05T07:00:00','2028-04-05T07:00:00','2028-04-10T07:00:00','2028-04-10T07:00:00','P0Y0M3D','P0Y0M3D',.F.,$,$,$,$,$,0.0);
#546=IFCTASK('TV39U9RFg7DtjDDnPlZ9GV',#6,'Handover inspection — Tower C','Contractual handover of Tower C to the owners'' association/residents — an independent end point (no shared final milestone with the other towers).',$,'9.3',$,$,$,.T.,$,#545,.CONSTRUCTION.);
#547=IFCTASKTIME('Documentation handover (as-built drawings) Time',.PREDICTED.,$,.WORKTIME.,'P0Y0M3D','2027-03-01T07:00:00','2027-03-03T07:00:00','2028-03-29T07:00:00','2028-03-31T07:00:00','2028-03-29T07:00:00','2028-03-31T07:00:00','P0Y0M0D','P0Y0M0D',.T.,$,$,$,$,$,0.0);
#548=IFCTASK('fd09MXzHlVAHnvonoDwj2T',#6,'Documentation handover (as-built drawings)',$,$,'9.4',$,$,$,.F.,$,#547,.ATTENDANCE.);
#549=IFCTASKTIME('Key handover to the building manager Time',.PREDICTED.,$,.WORKTIME.,'P0Y0M2D','2027-03-01T07:00:00','2027-03-02T07:00:00','2028-04-06T07:00:00','2028-04-07T07:00:00','2028-04-06T07:00:00','2028-04-07T07:00:00','P0Y0M0D','P0Y0M0D',.T.,$,$,$,$,$,0.0);
#550=IFCTASK('HtqxsFxFedfxDHBF9ZJvHH',#6,'Key handover to the building manager',$,$,'9.5',$,$,$,.F.,$,#549,.ATTENDANCE.);
#551=IFCTASKTIME('Final cleaning of communal areas, building Time',.PREDICTED.,$,.WORKTIME.,'P0Y0M3D','2027-03-01T07:00:00','2027-03-03T07:00:00','2028-04-03T07:00:00','2028-04-05T07:00:00','2028-04-03T07:00:00','2028-04-05T07:00:00','P0Y0M0D','P0Y0M0D',.T.,$,$,$,$,$,0.0);
#552=IFCTASK('xFtDple7enibv1RlIzeXC3',#6,'Final cleaning of communal areas, building',$,$,'9.6',$,$,$,.F.,$,#551,.LOGISTIC.);
#553=IFCTASKTIME('Project administration & contractual close-out Time',.PREDICTED.,$,.WORKTIME.,'P0Y0M0D','2027-03-01T07:00:00','2027-03-01T07:00:00','2028-04-07T07:00:00','2028-04-07T07:00:00','2028-04-07T07:00:00','2028-04-07T07:00:00','P0Y0M0D','P0Y0M0D',.T.,$,$,$,$,$,0.0);
#554=IFCTASK('NvqxQfudFzQXA5Cn8zVRFV',#6,'Project administration & contractual close-out','Contractual/administrative close-out (as-built dossier, handover to the building manager) — runs in parallel from site handover onwards, not gated by the towers (see phase notes).',$,'9.7',$,$,$,.T.,$,#553,.CONSTRUCTION.);
#555=IFCTASKTIME('Aftercare period started Time',.PREDICTED.,$,.WORKTIME.,'P0Y0M0D','2027-03-01T07:00:00','2027-03-01T07:00:00','2028-04-10T07:00:00','2028-04-10T07:00:00','2028-04-10T07:00:00','2028-04-10T07:00:00','P0Y0M0D','P0Y0M0D',.T.,$,$,$,$,$,0.0);
#556=IFCTASK('6Hb$kjZlzlOtB7AlOpxlBT',#6,'Aftercare period started',$,$,'9.8',$,$,$,.T.,$,#555,.CONSTRUCTION.);
#557=IFCTASKTIME('Start maintenance contract for building services Time',.PREDICTED.,$,.WORKTIME.,'P0Y0M1D','2027-03-01T07:00:00','2027-03-01T07:00:00','2028-04-10T07:00:00','2028-04-10T07:00:00','2028-04-10T07:00:00','2028-04-10T07:00:00','P0Y0M0D','P0Y0M0D',.T.,$,$,$,$,$,0.0);
#558=IFCTASK('IbBXW$lvmTCxBpf1zpkxbV',#6,'Start maintenance contract for building services',$,$,'9.9',$,$,$,.F.,$,#557,.ATTENDANCE.);
#559=IFCTASKTIME('Variation: additional basement storage units Time',.PREDICTED.,$,.WORKTIME.,'P0Y0M6D','2027-03-01T07:00:00','2027-03-08T07:00:00','2027-06-10T07:00:00','2027-06-17T07:00:00','2028-03-30T07:00:00','2028-04-06T07:00:00','P0Y0M64D','P0Y0M195D',.F.,$,$,$,$,$,0.0);
#560=IFCTASK('$JI5YfffmzWlJ1DFJtQ7tD',#6,'Variation: additional basement storage units','Variation order issued after the contract baseline: additional storage units in the basement.',$,'3.25',$,$,$,.F.,$,#559,.CONSTRUCTION.);
#561=IFCRELNESTS('3DEnvdDFolx1utmVk15Ver',#6,'WBS 1. Preparation & site clearance',$,#44,( #46,#48,#50,#52,#54,#56,#58,#60));
#562=IFCRELNESTS('XzS3_BuvQ$QpaJhnp7WdHL',#6,'WBS 2. Foundations & basement/car park',$,#62,( #64,#66,#68,#70,#72,#74,#76,#78,#80,#82,#84,#86,#88,#90,#92,#94,#96,#98,#100,#102,#104,#106,#108,#110,#560));
#563=IFCRELNESTS('P1NRqv9f8$wjAxyHNjVpuR',#6,'WBS 3. Structural works, towers A/B/C (parallel)',$,#112,( #114,#116,#174,#232,#292));
#564=IFCRELNESTS('_pgdV9iVHDOtpzhFxByLo9',#6,'WBS Structural works — Tower A',$,#116,( #118,#120,#122,#124,#126,#128,#130,#132,#134,#136,#138,#140,#142,#144,#146,#148,#150,#152,#154,#156,#158,#160,#162,#164,#166,#168,#170,#172,#290));
#565=IFCRELNESTS('4p2VKNv9FZUxfbu1YdaBaN',#6,'WBS Structural works — Tower B',$,#174,( #176,#178,#180,#182,#184,#186,#188,#190,#192,#194,#196,#198,#200,#202,#204,#206,#208,#210,#212,#214,#216,#218,#220,#222,#224,#226,#228,#230));
#566=IFCRELNESTS('ujpvFhBlDbBnzR812NgTRV',#6,'WBS Structural works — Tower C',$,#232,( #234,#236,#238,#240,#242,#244,#246,#248,#250,#252,#254,#256,#258,#260,#262,#264,#266,#268,#270,#272,#274,#276,#278,#280,#282,#284,#286,#288));
#567=IFCRELNESTS('6FHb0HlPPjYxxRaH13eH3P',#6,'WBS 4. Facade & roof',$,#294,( #296,#316,#336,#356,#358));
#568=IFCRELNESTS('9pvTW1F7UDo7wjXV6fUh2$',#6,'WBS Facade & roof — Tower A',$,#296,( #298,#300,#302,#304,#306,#308,#310,#312,#314));
#569=IFCRELNESTS('RVZfyziXvfE7s5aH$z81of',#6,'WBS Facade & roof — Tower B',$,#316,( #318,#320,#322,#324,#326,#328,#330,#332,#334));
#570=IFCRELNESTS('o7cNCxlvCZ6jEXBnPByhUJ',#6,'WBS Facade & roof — Tower C',$,#336,( #338,#340,#342,#344,#346,#348,#350,#352,#354));
#571=IFCRELNESTS('_Fb1Q9y$mDw$GLAHK19ri1',#6,'WBS 5. Building services (MEP)',$,#360,( #362,#364,#366,#368,#370,#388,#406));
#572=IFCRELNESTS('tfwpT9pVZ$g3TLYnbV5lj$',#6,'WBS Building services — Tower A',$,#370,( #372,#374,#376,#378,#380,#382,#384,#386));
#573=IFCRELNESTS('qt2XSJA1aLvpWJ71TzeXip',#6,'WBS Building services — Tower B',$,#388,( #390,#392,#394,#396,#398,#400,#402,#404));
#574=IFCRELNESTS('H9iROTd95lp9jj1XatMNgD',#6,'WBS Building services — Tower C',$,#406,( #408,#410,#412,#414,#416,#418,#420,#422));
#575=IFCRELNESTS('TTWNSp2fUjgzb1VVuThlTN',#6,'WBS 6. Fit-out',$,#424,( #426,#444,#462,#480,#482,#484,#486,#488,#490,#492));
#576=IFCRELNESTS('W$HjLf0tjfb$e$lVHBZti$',#6,'WBS Fit-out — Tower A',$,#426,( #428,#430,#432,#434,#436,#438,#440,#442));
#577=IFCRELNESTS('mfWNujRXT$IL6X$VqZ4L21',#6,'WBS Fit-out — Tower B',$,#444,( #446,#448,#450,#452,#454,#456,#458,#460));
#578=IFCRELNESTS('Y1ljrdoHx57LAPs$PF9zz7',#6,'WBS Fit-out — Tower C',$,#462,( #464,#466,#468,#470,#472,#474,#476,#478));
#579=IFCRELNESTS('W$ljNna$_fYf5bSl7$$jwb',#6,'WBS 7. Car park & site works',$,#494,( #496,#498,#500,#502,#504,#506,#508,#510,#512,#514,#516,#518,#520,#522,#524,#526,#528,#530,#532,#534,#536,#538));
#580=IFCRELNESTS('6nnxo1w7sLFhQT$XQviJQH',#6,'WBS 8. Handover',$,#540,( #542,#544,#546,#548,#550,#552,#554,#556,#558));
#581=IFCRELNESTS('tjjP5r1vgdnD4TBHzDgTrv',#6,'WBS Hoofd',$,#37,(#42,#44,#62,#112,#294,#360,#424,#494,#540));
#582=IFCRELSEQUENCE('m7oFnhDXHJyDyTpFXjI$kv',#6,$,$,#42,#46,$,.FINISH_START.,$);
#583=IFCRELSEQUENCE('gvqx_LKFElx$yf81rtI$Yp',#6,$,$,#42,#50,$,.FINISH_START.,$);
#584=IFCRELSEQUENCE('9NQJNF41ipOP4fO1SNAzrZ',#6,$,$,#46,#48,$,.FINISH_START.,$);
#585=IFCRELSEQUENCE('Q$HJBP_nS$vDGxqF4BDP$D',#6,$,$,#48,#52,$,.FINISH_START.,$);
#586=IFCRELSEQUENCE('FLp7Hxn7cJSjErg1xHj7Tf',#6,$,$,#50,#52,$,.FINISH_START.,$);
#587=IFCRELSEQUENCE('8rgddRwVd7O9TLAHO5k5$J',#6,$,$,#52,#54,$,.FINISH_START.,$);
#588=IFCRELSEQUENCE('$npv5FbFArDPSDnVdLelVd',#6,$,$,#54,#56,$,.FINISH_START.,$);
#589=IFCRELSEQUENCE('WX3tsrvtZVsl55e$v1HzdL',#6,$,$,#56,#58,$,.FINISH_START.,$);
#590=IFCRELSEQUENCE('ST8nVjM1cVov_vEnkzWdX3',#6,$,$,#58,#60,$,.FINISH_START.,$);
#591=IFCRELSEQUENCE('yJYhNjZl1rR1ajJHRVRnxl',#6,$,$,#60,#64,$,.FINISH_START.,$);
#592=IFCRELSEQUENCE('S$Phvhy1GJIhQHTlK$NLsz',#6,$,$,#64,#66,$,.FINISH_START.,$);
#593=IFCRELSEQUENCE('LdmvvPh1wnCxvDZnIZyTZR',#6,$,$,#66,#68,$,.FINISH_START.,$);
#594=IFCRELSEQUENCE('W1FpZ95F45vLw$rlTZCbdr',#6,$,$,#68,#70,$,.FINISH_START.,$);
#595=IFCRELSEQUENCE('_H9przaHj9vpuNilmVvpu5',#6,$,$,#70,#72,$,.FINISH_START.,$);
#596=IFCRELSEQUENCE('a$Fpr3414nV3jJ7$PLG9KD',#6,$,$,#72,#74,$,.FINISH_START.,$);
#597=IFCRELSEQUENCE('lb3tknqFGpAlRB_Xjfs3nX',#6,$,$,#74,#76,$,.FINISH_START.,$);
#598=IFCRELSEQUENCE('n7QNObA$S1$xN5SnlBb$IP',#6,$,$,#76,#78,$,.FINISH_START.,$);
#599=IFCRELSEQUENCE('xHDv7PL1UdibfdUXhdWPTx',#6,$,$,#78,#80,$,.FINISH_START.,$);
#600=IFCRELSEQUENCE('$D69kpPtJrzNDHhnRRQvj1',#6,$,$,#70,#82,$,.FINISH_START.,$);
#601=IFCRELSEQUENCE('eTrXuBuvkhZ9VRiH0vGtWP',#6,$,$,#82,#84,$,.FINISH_START.,$);
#602=IFCRELSEQUENCE('OZJvhfW9VPHjsbmVEnJ7dr',#6,$,$,#84,#86,$,.FINISH_START.,$);
#603=IFCRELSEQUENCE('ynXLxBP95lbVwjHVrJfhsd',#6,$,$,#86,#88,$,.FINISH_START.,$);
#604=IFCRELSEQUENCE('hvq5_7l78$2bFjbFqZqp8b',#6,$,$,#88,#90,$,.FINISH_START.,$);
#605=IFCRELSEQUENCE('U$dLP5EtnZILYNiHORs9ab',#6,$,$,#70,#92,$,.FINISH_START.,$);
#606=IFCRELSEQUENCE('ELxXyX_FipetpZf$ZZ4LQH',#6,$,$,#92,#94,$,.FINISH_START.,$);
#607=IFCRELSEQUENCE('WVTNSj2n4l37MtClAXpPRV',#6,$,$,#94,#96,$,.FINISH_START.,$);
#608=IFCRELSEQUENCE('P1npfDXPTJKRjjN$Q3VbfZ',#6,$,$,#96,#98,$,.FINISH_START.,$);
#609=IFCRELSEQUENCE('X3qpdRs$OPvhcTd$Op39WP',#6,$,$,#98,#100,$,.FINISH_START.,$);
#610=IFCRELSEQUENCE('9fEbajkHZjaBqLMHsbQ7n1',#6,$,$,#80,#102,$,.FINISH_START.,$);
#611=IFCRELSEQUENCE('X34TmdM$kh3ffxSHT$xVS5',#6,$,$,#90,#102,$,.FINISH_START.,$);
#612=IFCRELSEQUENCE('4nvZ0lvtlD0nR1v$EJMfk7',#6,$,$,#100,#102,$,.FINISH_START.,$);
#613=IFCRELSEQUENCE('VTO$kp1Phj6J2PQ$2N_ryh',#6,$,$,#102,#104,$,.FINISH_START.,$);
#614=IFCRELSEQUENCE('GfG7Djr$mjM3X50VLv4L2T',#6,$,$,#104,#106,$,.FINISH_START.,$);
#615=IFCRELSEQUENCE('IbJ7lxfNoFnD4Ne1qZKJcr',#6,$,$,#106,#108,$,.FINISH_START.,$);
#616=IFCRELSEQUENCE('MzNb0nDXvtY5T9KHCTixL9',#6,$,$,#108,#110,$,.FINISH_START.,$);
#617=IFCRELSEQUENCE('kxfbiLpV1hXbHThHxLGfEN',#6,$,$,#110,#114,$,.FINISH_START.,$);
#618=IFCRELSEQUENCE('JN8XmvUNWbzvkbiHeREXyr',#6,$,$,#114,#118,$,.FINISH_START.,$);
#619=IFCRELSEQUENCE('DrfjRVTHT$6JsvEnYvm9CT',#6,$,$,#80,#118,$,.FINISH_START.,$);
#620=IFCRELSEQUENCE('2JM3EV6Vpd9R99KFoFhV8R',#6,$,$,#118,#120,$,.FINISH_START.,$);
#621=IFCLAGTIME('Lag',.PREDICTED.,$,IFCDURATION('P2D'),.WORKTIME.);
#622=IFCRELSEQUENCE('2pAvFB$volptv$pFNtEVGH',#6,$,$,#120,#122,#621,.START_START.,$);
#623=IFCRELSEQUENCE('ibh$sLRF2TibdF71MByZnR',#6,$,$,#122,#124,$,.FINISH_START.,$);
#624=IFCLAGTIME('Lag',.PREDICTED.,$,IFCDURATION('P2D'),.WORKTIME.);
#625=IFCRELSEQUENCE('Bp1rxnxFy59bBPQ$wDpdjT',#6,$,$,#124,#126,#624,.START_START.,$);
#626=IFCRELSEQUENCE('7Hp7XJ6X9VR$eVTlW9wP7f',#6,$,$,#126,#128,$,.FINISH_START.,$);
#627=IFCLAGTIME('Lag',.PREDICTED.,$,IFCDURATION('P2D'),.WORKTIME.);
#628=IFCRELSEQUENCE('pPg3QN87_Nsl1XbFip_B09',#6,$,$,#128,#130,#627,.START_START.,$);
#629=IFCRELSEQUENCE('gZL$oZ1vsLHBut0XHvOlJ1',#6,$,$,#130,#132,$,.FINISH_START.,$);
#630=IFCLAGTIME('Lag',.PREDICTED.,$,IFCDURATION('P2D'),.WORKTIME.);
#631=IFCRELSEQUENCE('gvC56dM1Q1_RBvoFI$zf2X',#6,$,$,#132,#134,#630,.START_START.,$);
#632=IFCRELSEQUENCE('OZxFfHmfEHp9l3$VuT5VCZ',#6,$,$,#134,#136,$,.FINISH_START.,$);
#633=IFCLAGTIME('Lag',.PREDICTED.,$,IFCDURATION('P2D'),.WORKTIME.);
#634=IFCRELSEQUENCE('phjP176vMvTPi5e18r4hch',#6,$,$,#136,#138,#633,.START_START.,$);
#635=IFCRELSEQUENCE('J5$T8Bmfybx1ajDlFbHzpH',#6,$,$,#138,#140,$,.FINISH_START.,$);
#636=IFCLAGTIME('Lag',.PREDICTED.,$,IFCDURATION('P2D'),.WORKTIME.);
#637=IFCRELSEQUENCE('lbztM1vtLj_RL98$11JvTf',#6,$,$,#140,#142,#636,.START_START.,$);
#638=IFCRELSEQUENCE('KvKJ1TWtjhtzFDP$Wt2lfZ',#6,$,$,#142,#144,$,.FINISH_START.,$);
#639=IFCLAGTIME('Lag',.PREDICTED.,$,IFCDURATION('P2D'),.WORKTIME.);
#640=IFCRELSEQUENCE('prXhvLiVdPqT$XBFzD2r4h',#6,$,$,#144,#146,#639,.START_START.,$);
#641=IFCRELSEQUENCE('KdmPZN17kXjvs7clHPij2Z',#6,$,$,#146,#148,$,.FINISH_START.,$);
#642=IFCLAGTIME('Lag',.PREDICTED.,$,IFCDURATION('P2D'),.WORKTIME.);
#643=IFCRELSEQUENCE('1l$BXDo9flLHhTznijcvVv',#6,$,$,#148,#150,#642,.START_START.,$);
#644=IFCRELSEQUENCE('gZxFt$APxl5$O$lVznr$Az',#6,$,$,#150,#152,$,.FINISH_START.,$);
#645=IFCLAGTIME('Lag',.PREDICTED.,$,IFCDURATION('P2D'),.WORKTIME.);
#646=IFCRELSEQUENCE('aZ8VCRTHjNj7s5Kl8rSrqT',#6,$,$,#152,#154,#645,.START_START.,$);
#647=IFCRELSEQUENCE('TZelxr9Nk$15L3$XiV3tiD',#6,$,$,#154,#156,$,.FINISH_START.,$);
#648=IFCLAGTIME('Lag',.PREDICTED.,$,IFCDURATION('P2D'),.WORKTIME.);
#649=IFCRELSEQUENCE('Z17BPtJXVvrFlTpFhZjvf3',#6,$,$,#156,#158,#648,.START_START.,$);
#650=IFCRELSEQUENCE('4D6tctS$cVovgr2Vhz7pi1',#6,$,$,#158,#160,$,.FINISH_START.,$);
#651=IFCLAGTIME('Lag',.PREDICTED.,$,IFCDURATION('P2D'),.WORKTIME.);
#652=IFCRELSEQUENCE('fzNbm9SHvNMF7Vv$BtUnL9',#6,$,$,#160,#162,#651,.START_START.,$);
#653=IFCRELSEQUENCE('kNWNSFS1ANb18FxHijwPtl',#6,$,$,#162,#164,$,.FINISH_START.,$);
#654=IFCLAGTIME('Lag',.PREDICTED.,$,IFCDURATION('P2D'),.WORKTIME.);
#655=IFCRELSEQUENCE('Dd6D$vk973edWpxlabVDCl',#6,$,$,#164,#166,#654,.START_START.,$);
#656=IFCRELSEQUENCE('rjBntV_FmDMn$LwlJfobPL',#6,$,$,#118,#168,$,.START_START.,$);
#657=IFCRELSEQUENCE('DPUhR59Nq7GXI5WXZX1xpJ',#6,$,$,#166,#170,$,.FINISH_START.,$);
#658=IFCRELSEQUENCE('6LULrZe7qdKzBPEXijk$YD',#6,$,$,#168,#172,$,.FINISH_START.,$);
#659=IFCRELSEQUENCE('INGvJT9fIhDPavcHLdeXOB',#6,$,$,#170,#172,$,.FINISH_START.,$);
#660=IFCRELSEQUENCE('D7cN8D$djfR$G5yF$$j7pn',#6,$,$,#114,#176,$,.FINISH_START.,$);
#661=IFCRELSEQUENCE('dXRHB3a$2tsT9rg$zjQvzv',#6,$,$,#90,#176,$,.FINISH_START.,$);
#662=IFCRELSEQUENCE('g74rfnCVRVDdmLEF6fQDCF',#6,$,$,#176,#178,$,.FINISH_START.,$);
#663=IFCLAGTIME('Lag',.PREDICTED.,$,IFCDURATION('P2D'),.WORKTIME.);
#664=IFCRELSEQUENCE('e5yrppXPdjoBmr2XFRXDOT',#6,$,$,#178,#180,#663,.START_START.,$);
#665=IFCRELSEQUENCE('ibRlfJB$yFf5plxFsx6JUF',#6,$,$,#180,#182,$,.FINISH_START.,$);
#666=IFCLAGTIME('Lag',.PREDICTED.,$,IFCDURATION('P2D'),.WORKTIME.);
#667=IFCRELSEQUENCE('Jt4rfFqVhPi3VbyHzD6jkB',#6,$,$,#182,#184,#666,.START_START.,$);
#668=IFCRELSEQUENCE('b1vrjzZ1Y7WHBpHXtvqbF1',#6,$,$,#184,#186,$,.FINISH_START.,$);
#669=IFCLAGTIME('Lag',.PREDICTED.,$,IFCDURATION('P2D'),.WORKTIME.);
#670=IFCRELSEQUENCE('TTuVezBHNxlj61xlKXDPd7',#6,$,$,#186,#188,#669,.START_START.,$);
#671=IFCRELSEQUENCE('ZZ8X8La$UvmVsv2n1ZyTFb',#6,$,$,#188,#190,$,.FINISH_START.,$);
#672=IFCLAGTIME('Lag',.PREDICTED.,$,IFCDURATION('P2D'),.WORKTIME.);
#673=IFCRELSEQUENCE('VzShrZO7aLdjUN4HhPOVW7',#6,$,$,#190,#192,#672,.START_START.,$);
#674=IFCRELSEQUENCE('Bp7ZKflPDxHjM9yHT3mN23',#6,$,$,#192,#194,$,.FINISH_START.,$);
#675=IFCLAGTIME('Lag',.PREDICTED.,$,IFCDURATION('P2D'),.WORKTIME.);
#676=IFCRELSEQUENCE('4HpvVpo97fAHJVv1b$VpuD',#6,$,$,#194,#196,#675,.START_START.,$);
#677=IFCRELSEQUENCE('KR5FnLbF_TSBiXv$1XVbvx',#6,$,$,#196,#198,$,.FINISH_START.,$);
#678=IFCLAGTIME('Lag',.PREDICTED.,$,IFCDURATION('P2D'),.WORKTIME.);
#679=IFCRELSEQUENCE('PbWfitjVl1cDqHplD7mfER',#6,$,$,#198,#200,#678,.START_START.,$);
#680=IFCRELSEQUENCE('B9s7jzjVv3WHDHjlntQ7hj',#6,$,$,#200,#202,$,.FINISH_START.,$);
#681=IFCLAGTIME('Lag',.PREDICTED.,$,IFCDURATION('P2D'),.WORKTIME.);
#682=IFCRELSEQUENCE('pv2Xe5wvcX2tDZHVf9gfgt',#6,$,$,#202,#204,#681,.START_START.,$);
#683=IFCRELSEQUENCE('hvKRqv797tAZz7kFaNk5BP',#6,$,$,#204,#206,$,.FINISH_START.,$);
#684=IFCLAGTIME('Lag',.PREDICTED.,$,IFCDURATION('P2D'),.WORKTIME.);
#685=IFCRELSEQUENCE('hPGvRVZl9$t3D3JlrfYho5',#6,$,$,#206,#208,#684,.START_START.,$);
#686=IFCRELSEQUENCE('AjLH5LxnqzgFz5inc37p85',#6,$,$,#208,#210,$,.FINISH_START.,$);
#687=IFCLAGTIME('Lag',.PREDICTED.,$,IFCDURATION('P2D'),.WORKTIME.);
#688=IFCRELSEQUENCE('jbJv77vt3nyh_7wl3lP5LN',#6,$,$,#210,#212,#687,.START_START.,$);
#689=IFCRELSEQUENCE('aVrX0HndTXkPqhAHmVvDGH',#6,$,$,#212,#214,$,.FINISH_START.,$);
#690=IFCLAGTIME('Lag',.PREDICTED.,$,IFCDURATION('P2D'),.WORKTIME.);
#691=IFCRELSEQUENCE('hdWN0nhlrTaJwpjnjxhVS5',#6,$,$,#214,#216,#690,.START_START.,$);
#692=IFCRELSEQUENCE('4lztIjB$4xvhkHlXxLOHN3',#6,$,$,#216,#218,$,.FINISH_START.,$);
#693=IFCLAGTIME('Lag',.PREDICTED.,$,IFCDURATION('P2D'),.WORKTIME.);
#694=IFCRELSEQUENCE('uJrnL94$a1PJwj$X8hGtW7',#6,$,$,#218,#220,#693,.START_START.,$);
#695=IFCRELSEQUENCE('TzyBVjIljhfTVnBH3DobRx',#6,$,$,#220,#222,$,.FINISH_START.,$);
#696=IFCLAGTIME('Lag',.PREDICTED.,$,IFCDURATION('P2D'),.WORKTIME.);
#697=IFCRELSEQUENCE('xnnxQp6vExX3jDhH7VbnhN',#6,$,$,#222,#224,#696,.START_START.,$);
#698=IFCRELSEQUENCE('aZG7VpMdNnPBCBs1T1rFlh',#6,$,$,#176,#226,$,.START_START.,$);
#699=IFCRELSEQUENCE('7roFnLrl$f5Vw1blgByhwX',#6,$,$,#224,#228,$,.FINISH_START.,$);
#700=IFCRELSEQUENCE('bROlZfvt7NUNbrM$NjNLQH',#6,$,$,#226,#230,$,.FINISH_START.,$);
#701=IFCRELSEQUENCE('$llRW1Hvmp2t7$pF3FLVK1',#6,$,$,#228,#230,$,.FINISH_START.,$);
#702=IFCRELSEQUENCE('kN09E16vE57Lkx0VXnLVKX',#6,$,$,#114,#234,$,.FINISH_START.,$);
#703=IFCRELSEQUENCE('ltC5snbnYjYxDHhnxL8nnx',#6,$,$,#100,#234,$,.FINISH_START.,$);
#704=IFCRELSEQUENCE('ndQJBPEHBzG$K1RlEl$jgt',#6,$,$,#234,#236,$,.FINISH_START.,$);
#705=IFCLAGTIME('Lag',.PREDICTED.,$,IFCDURATION('P2D'),.WORKTIME.);
#706=IFCRELSEQUENCE('YT0twPA18NxVo1VXWtQ7HH',#6,$,$,#236,#238,#705,.START_START.,$);
#707=IFCRELSEQUENCE('5n1BfnKVJtdjor61qFdJgD',#6,$,$,#238,#240,$,.FINISH_START.,$);
#708=IFCLAGTIME('Lag',.PREDICTED.,$,IFCDURATION('P2D'),.WORKTIME.);
#709=IFCRELSEQUENCE('XZ0tIlePD5N5xbyF3pQp4d',#6,$,$,#240,#242,#708,.START_START.,$);
#710=IFCRELSEQUENCE('cb8X0FpVdPKzNdkVs$VpqF',#6,$,$,#242,#244,$,.FINISH_START.,$);
#711=IFCLAGTIME('Lag',.PREDICTED.,$,IFCDURATION('P2D'),.WORKTIME.);
#712=IFCRELSEQUENCE('b$dLvLKVT$IhcHpHlB5XqT',#6,$,$,#244,#246,#711,.START_START.,$);
#713=IFCRELSEQUENCE('IfWNeZ$vI1fZJVHVpPiJcr',#6,$,$,#246,#248,$,.FINISH_START.,$);
#714=IFCLAGTIME('Lag',.PREDICTED.,$,IFCDURATION('P2D'),.WORKTIME.);
#715=IFCRELSEQUENCE('5LwpxhLlljK3r76HJ9Q7Vd',#6,$,$,#248,#250,#714,.START_START.,$);
#716=IFCRELSEQUENCE('NTh1In41qv8v_v6lXp6jYl',#6,$,$,#250,#252,$,.FINISH_START.,$);
#717=IFCLAGTIME('Lag',.PREDICTED.,$,IFCDURATION('P2D'),.WORKTIME.);
#718=IFCRELSEQUENCE('q92X8jxV$915fbGXcT5XqH',#6,$,$,#252,#254,#717,.START_START.,$);
#719=IFCRELSEQUENCE('7nNJJzpV79YxJVHXDPCbVv',#6,$,$,#254,#256,$,.FINISH_START.,$);
#720=IFCLAGTIME('Lag',.PREDICTED.,$,IFCDURATION('P2D'),.WORKTIME.);
#721=IFCRELSEQUENCE('aX5FFLZ1cD0FpzplPlb$w5',#6,$,$,#256,#258,#720,.START_START.,$);
#722=IFCRELSEQUENCE('5rgPJXA$ah7DavIny7qDqF',#6,$,$,#258,#260,$,.FINISH_START.,$);
#723=IFCLAGTIME('Lag',.PREDICTED.,$,IFCDURATION('P2D'),.WORKTIME.);
#724=IFCRELSEQUENCE('d5aLj$Q7Wbx1i15HqlxX85',#6,$,$,#260,#262,#723,.START_START.,$);
#725=IFCRELSEQUENCE('q9wtkFCFGpcV_vEnwN2r4P',#6,$,$,#262,#264,$,.FINISH_START.,$);
#726=IFCLAGTIME('Lag',.PREDICTED.,$,IFCDURATION('P2D'),.WORKTIME.);
#727=IFCRELSEQUENCE('SzKR4ZudLjY5$XDlhzFhsZ',#6,$,$,#264,#266,#726,.START_START.,$);
#728=IFCRELSEQUENCE('upfJZx67M7BnxHt$8TT9af',#6,$,$,#266,#268,$,.FINISH_START.,$);
#729=IFCLAGTIME('Lag',.PREDICTED.,$,IFCDURATION('P2D'),.WORKTIME.);
#730=IFCRELSEQUENCE('d1$ZKtBlDRD9jjnX$Vvp4P',#6,$,$,#268,#270,#729,.START_START.,$);
#731=IFCRELSEQUENCE('ChZNe5ktDRD9HTZnojYFjZ',#6,$,$,#270,#272,$,.FINISH_START.,$);
#732=IFCLAGTIME('Lag',.PREDICTED.,$,IFCDURATION('P2D'),.WORKTIME.);
#733=IFCRELSEQUENCE('gPWfyVUFIB1x5bSlb5s3$f',#6,$,$,#272,#274,#732,.START_START.,$);
#734=IFCRELSEQUENCE('i595o35FifQVUzVX_bHzJ1',#6,$,$,#274,#276,$,.FINISH_START.,$);
#735=IFCLAGTIME('Lag',.PREDICTED.,$,IFCDURATION('P2D'),.WORKTIME.);
#736=IFCRELSEQUENCE('VVL$_B09x5vLc3Jl7R_lpl',#6,$,$,#276,#278,#735,.START_START.,$);
#737=IFCRELSEQUENCE('yF9Dj12fMxFDKXN$Ml3fQB',#6,$,$,#278,#280,$,.FINISH_START.,$);
#738=IFCLAGTIME('Lag',.PREDICTED.,$,IFCDURATION('P2D'),.WORKTIME.);
#739=IFCRELSEQUENCE('3jsTKB9fAf3fDFd$0PyhIB',#6,$,$,#280,#282,#738,.START_START.,$);
#740=IFCRELSEQUENCE('ZZGvjZVvSVb1OVjHnNER3v',#6,$,$,#234,#284,$,.START_START.,$);
#741=IFCRELSEQUENCE('NPGPJVg1_TajYTxlCnfTPP',#6,$,$,#282,#286,$,.FINISH_START.,$);
#742=IFCRELSEQUENCE('oPM3o1gPlj4hQnf$n9EX4d',#6,$,$,#284,#288,$,.FINISH_START.,$);
#743=IFCRELSEQUENCE('U1V3MbjFevLlFPkXwJNL_$',#6,$,$,#286,#288,$,.FINISH_START.,$);
#744=IFCRELSEQUENCE('ov696PcVVvLHh3nXBfs3BZ',#6,$,$,#118,#290,$,.START_START.,$);
#745=IFCRELSEQUENCE('uh2rfFincVo7MrYVzpob5r',#6,$,$,#170,#290,$,.FINISH_FINISH.,$);
#746=IFCRELSEQUENCE('9p1BXJs1iNcXgBUV93$5vt',#6,$,$,#172,#292,$,.FINISH_START.,$);
#747=IFCRELSEQUENCE('vLYLDFCnOPljA5iFczlBOL',#6,$,$,#230,#292,$,.FINISH_START.,$);
#748=IFCRELSEQUENCE('LTrVuJh$YdiRLN4lfDhV8j',#6,$,$,#288,#292,$,.FINISH_START.,$);
#749=IFCRELSEQUENCE('5BwtMVTlr38NJVXXgh8$2$',#6,$,$,#170,#298,$,.FINISH_START.,$);
#750=IFCRELSEQUENCE('zn39QJcV$Njv6VnVTzmN2$',#6,$,$,#298,#300,$,.FINISH_START.,$);
#751=IFCRELSEQUENCE('HfunTRs$0hZ9BPEVyLdjUj',#6,$,$,#300,#302,$,.FINISH_START.,$);
#752=IFCRELSEQUENCE('oPEbW$VdbXBFpzTluhWdxH',#6,$,$,#302,#304,$,.FINISH_START.,$);
#753=IFCRELSEQUENCE('O54Z8JDnsNj7gfmXmld5nR',#6,$,$,#170,#306,$,.FINISH_START.,$);
#754=IFCRELSEQUENCE('4pIHH1P9fxX3b11X2xJvLp',#6,$,$,#306,#308,$,.FINISH_START.,$);
#755=IFCRELSEQUENCE('a$$TujB$a$7pGRmVI307nX',#6,$,$,#308,#312,$,.FINISH_START.,$);
#756=IFCRELSEQUENCE('PXDPpnyllV_tJjnXt3nhMt',#6,$,$,#304,#310,$,.FINISH_START.,$);
#757=IFCRELSEQUENCE('JbbHtTX7yl51K1LHlhdJ2V',#6,$,$,#310,#314,$,.FINISH_START.,$);
#758=IFCRELSEQUENCE('Y1Hj9Vs1a$vpqhQHNpLVax',#6,$,$,#312,#314,$,.FINISH_START.,$);
#759=IFCRELSEQUENCE('GtKjvPJFaXrFN7EFs5cpG1',#6,$,$,#228,#318,$,.FINISH_START.,$);
#760=IFCRELSEQUENCE('c$nD37F7UPq5vJXVMlb$AP',#6,$,$,#318,#320,$,.FINISH_START.,$);
#761=IFCRELSEQUENCE('d$$TSjUncpOtPFP1WNQDmH',#6,$,$,#320,#322,$,.FINISH_START.,$);
#762=IFCRELSEQUENCE('CB7ZW$VdHX29BdM1l7GfIP',#6,$,$,#322,#324,$,.FINISH_START.,$);
#763=IFCRELSEQUENCE('rNAT8h41iDuvQzRnuz1xBP',#6,$,$,#228,#326,$,.FINISH_START.,$);
#764=IFCRELSEQUENCE('qrHRObQXvZSBWDTnsxEb5B',#6,$,$,#326,#328,$,.FINISH_START.,$);
#765=IFCRELSEQUENCE('Hb5nlbL1cVkdWJN1wtYnhN',#6,$,$,#328,#332,$,.FINISH_START.,$);
#766=IFCRELSEQUENCE('BpVhJVklH1ErmbGXUBpdN1',#6,$,$,#324,#330,$,.FINISH_START.,$);
#767=IFCRELSEQUENCE('AfYh3vffM7ZPa7sHClLlzv',#6,$,$,#330,#334,$,.FINISH_START.,$);
#768=IFCRELSEQUENCE('2lfJ$3y1S1dJkxmVi1Nh_T',#6,$,$,#332,#334,$,.FINISH_START.,$);
#769=IFCRELSEQUENCE('0FTNKB$vYpgF$LknSNcpKp',#6,$,$,#286,#338,$,.FINISH_START.,$);
#770=IFCRELSEQUENCE('PRGP5LhHvtg3NdA19vCbTf',#6,$,$,#338,#340,$,.FINISH_START.,$);
#771=IFCRELSEQUENCE('G7gPhpotBTyhs7MH_R7R7b',#6,$,$,#340,#342,$,.FINISH_START.,$);
#772=IFCRELSEQUENCE('fdGvvPbVp7jNXFZFEJUFnb',#6,$,$,#342,#344,$,.FINISH_START.,$);
#773=IFCRELSEQUENCE('TZuVK9rl33MFNPkXgljvzv',#6,$,$,#286,#346,$,.FINISH_START.,$);
#774=IFCRELSEQUENCE('zl$rd95F0r93Trs$PHpPHB',#6,$,$,#346,#348,$,.FINISH_START.,$);
#775=IFCRELSEQUENCE('XVz9cNOdFFSrul91KXJ7J$',#6,$,$,#348,#352,$,.FINISH_START.,$);
#776=IFCRELSEQUENCE('_nJd3dbXZ$EBGb81lveHHH',#6,$,$,#344,#350,$,.FINISH_START.,$);
#777=IFCRELSEQUENCE('Mzt5EzbnMxV3FDf$BNYhEb',#6,$,$,#350,#354,$,.FINISH_START.,$);
#778=IFCRELSEQUENCE('MPuFDJxVZpWlL3lVznztSb',#6,$,$,#352,#354,$,.FINISH_START.,$);
#779=IFCRELSEQUENCE('ovAv7PzlZJarutWVZVvp8J',#6,$,$,#314,#356,$,.FINISH_START.,$);
#780=IFCRELSEQUENCE('nr9phJg$MdVzNdkX_fMTtH',#6,$,$,#106,#358,$,.FINISH_START.,$);
#781=IFCRELSEQUENCE('2HlRKhjXhdCx5RKHCTKJMf',#6,$,$,#356,#362,$,.FINISH_START.,$);
#782=IFCRELSEQUENCE('upXLTtJXR1937$hHRxMT3B',#6,$,$,#362,#364,$,.FINISH_START.,$);
#783=IFCRELSEQUENCE('id0tQ9aHjfDdytandl3N_1',#6,$,$,#364,#366,$,.FINISH_START.,$);
#784=IFCRELSEQUENCE('IfmdbRxXjBZ9$hsl0v07VP',#6,$,$,#366,#368,$,.FINISH_START.,$);
#785=IFCRELSEQUENCE('9tY1g51dTXQXYT3nCFPJAd',#6,$,$,#314,#372,$,.FINISH_START.,$);
#786=IFCLAGTIME('Lag',.PREDICTED.,$,IFCDURATION('P2D'),.WORKTIME.);
#787=IFCRELSEQUENCE('W$9xABtNQJKRvXHVJfcDGX',#6,$,$,#372,#374,#786,.START_START.,$);
#788=IFCRELSEQUENCE('WXDPbRB$uVMnZLYFTZKx$j',#6,$,$,#374,#376,$,.FINISH_START.,$);
#789=IFCRELSEQUENCE('a3KjH579lJaJQZd$KpYLYj',#6,$,$,#376,#378,$,.FINISH_START.,$);
#790=IFCRELSEQUENCE('0FBFj3DVDvZdO7Inex6jIL',#6,$,$,#378,#380,$,.FINISH_START.,$);
#791=IFCRELSEQUENCE('tfcJDJZllp8vw$pnpdCp4L',#6,$,$,#380,#382,$,.FINISH_START.,$);
#792=IFCRELSEQUENCE('b$NRiBv9zHWHtB_XN9wPVz',#6,$,$,#382,#384,$,.FINISH_START.,$);
#793=IFCRELSEQUENCE('ov69oVg1MdX3L9u1I1hH37',#6,$,$,#384,#386,$,.FINISH_START.,$);
#794=IFCRELSEQUENCE('U1lJh9a$Elx$utGXSRXpqT',#6,$,$,#334,#390,$,.FINISH_START.,$);
#795=IFCLAGTIME('Lag',.PREDICTED.,$,IFCDURATION('P2D'),.WORKTIME.);
#796=IFCRELSEQUENCE('b5yZ8hiX7fYN7D3FephVml',#6,$,$,#390,#392,#795,.START_START.,$);
#797=IFCRELSEQUENCE('aza3w3iVF3sHthIn0veH1t',#6,$,$,#392,#394,$,.FINISH_START.,$);
#798=IFCRELSEQUENCE('Kxnp3dbVTX297$hlF5jv5r',#6,$,$,#394,#396,$,.FINISH_START.,$);
#799=IFCRELSEQUENCE('7B_XKLxnCvOdKX1X8zNTzh',#6,$,$,#396,#398,$,.FINISH_START.,$);
#800=IFCRELSEQUENCE('jN0twPM1UDUfj$hH7XJ7rT',#6,$,$,#398,#400,$,.FINISH_START.,$);
#801=IFCRELSEQUENCE('UXrXm72fgxNxVHFVn9At8b',#6,$,$,#400,#402,$,.FINISH_START.,$);
#802=IFCRELSEQUENCE('pB9ppnCXnH0FHTzFq3mtax',#6,$,$,#402,#404,$,.FINISH_START.,$);
#803=IFCRELSEQUENCE('1pgPJ$Adl$cDOVZl8Bi5pD',#6,$,$,#354,#408,$,.FINISH_START.,$);
#804=IFCLAGTIME('Lag',.PREDICTED.,$,IFCDURATION('P2D'),.WORKTIME.);
#805=IFCRELSEQUENCE('Jb5nlxHveF4p8nRHEFbFJT',#6,$,$,#408,#410,#804,.START_START.,$);
#806=IFCRELSEQUENCE('bbuXupnvstdjE$f1TzWPnb',#6,$,$,#410,#412,$,.FINISH_START.,$);
#807=IFCRELSEQUENCE('dVDdJXElFTsZl90VDBDPrd',#6,$,$,#412,#414,$,.FINISH_START.,$);
#808=IFCRELSEQUENCE('nLLl5rtfs9Xbjjv$VFLVeL',#6,$,$,#414,#416,$,.FINISH_START.,$);
#809=IFCRELSEQUENCE('wBsvDJZlrTCTx5GXqF1xPP',#6,$,$,#416,#418,$,.FINISH_START.,$);
#810=IFCRELSEQUENCE('2j2r7PB1mj_R1LUnXH1jwV',#6,$,$,#418,#420,$,.FINISH_START.,$);
#811=IFCRELSEQUENCE('KdmPrzqVDb3vAR8$U7mNIh',#6,$,$,#420,#422,$,.FINISH_START.,$);
#812=IFCRELSEQUENCE('zpsvZxgPVR51O7AHabFTJz',#6,$,$,#386,#428,$,.FINISH_START.,$);
#813=IFCRELSEQUENCE('oLjPR51d1LnLQzzHIXHrO3',#6,$,$,#428,#430,$,.FINISH_START.,$);
#814=IFCRELSEQUENCE('JxX3AHV7GjU5rJhF3nxHT9',#6,$,$,#430,#432,$,.FINISH_START.,$);
#815=IFCRELSEQUENCE('wlD75H79DvBnHzVXEDwJkB',#6,$,$,#432,#434,$,.FINISH_START.,$);
#816=IFCRELSEQUENCE('cbGdT9jVR1vpqLslGFJvtp',#6,$,$,#434,#436,$,.FINISH_START.,$);
#817=IFCRELSEQUENCE('ndEReb6VhjY5DnXXa9UFbV',#6,$,$,#436,#438,$,.FINISH_START.,$);
#818=IFCRELSEQUENCE('Ldm71ZmNeF4pChUFhPOVqT',#6,$,$,#438,#440,$,.FINISH_START.,$);
#819=IFCRELSEQUENCE('SzCx_vfNIr7Da7MlgHLHT9',#6,$,$,#440,#442,$,.FINISH_START.,$);
#820=IFCRELSEQUENCE('xh_rnLJXPjEB8lf1gBix79',#6,$,$,#404,#446,$,.FINISH_START.,$);
#821=IFCRELSEQUENCE('e5qpvLy$0r7pibqn4vqRfT',#6,$,$,#446,#448,$,.FINISH_START.,$);
#822=IFCRELSEQUENCE('FL39YRYnsrb1qLAlaxhVyh',#6,$,$,#448,#450,$,.FINISH_START.,$);
#823=IFCRELSEQUENCE('hTTfGdYnAh7D8Hd$hZ5XuR',#6,$,$,#450,#452,$,.FINISH_START.,$);
#824=IFCRELSEQUENCE('b5KJ$zqVtr7pyZTnghu1YD',#6,$,$,#452,#454,$,.FINISH_START.,$);
#825=IFCRELSEQUENCE('oL3twd_n8XgFt9CHUL1xJT',#6,$,$,#454,#456,$,.FINISH_START.,$);
#826=IFCRELSEQUENCE('rjxXqPxV5FXz354nvbYFf1',#6,$,$,#456,#458,$,.FINISH_START.,$);
#827=IFCRELSEQUENCE('4nHbW1dtBfAlFvglAXDdBd',#6,$,$,#458,#460,$,.FINISH_START.,$);
#828=IFCRELSEQUENCE('W$vB7779ZX_999CnWfUhoR',#6,$,$,#422,#464,$,.FINISH_START.,$);
#829=IFCRELSEQUENCE('9p9DrZGfShPjIH$VSNMZ7f',#6,$,$,#464,#466,$,.FINISH_START.,$);
#830=IFCRELSEQUENCE('4HpvdNffWbhlXlP$$TiJYl',#6,$,$,#466,#468,$,.FINISH_START.,$);
#831=IFCRELSEQUENCE('rfcjDpfNUpYNXnhH5hWdr7',#6,$,$,#468,#470,$,.FINISH_START.,$);
#832=IFCRELSEQUENCE('Lde1_7n7_ZajY9e$yvazxB',#6,$,$,#470,#472,$,.FINISH_START.,$);
#833=IFCRELSEQUENCE('H9KRW$1PnZY5plhFj9wdNX',#6,$,$,#472,#474,$,.FINISH_START.,$);
#834=IFCRELSEQUENCE('6H5VOx67_N61mh_F7Vztm$',#6,$,$,#474,#476,$,.FINISH_START.,$);
#835=IFCRELSEQUENCE('qfATO5It9hTthtWVBpr$A3',#6,$,$,#476,#478,$,.FINISH_START.,$);
#836=IFCRELSEQUENCE('s9Qfqdh12tcp03rnvbI$YJ',#6,$,$,#356,#480,$,.FINISH_START.,$);
#837=IFCRELSEQUENCE('4pgdhpYNaVb$Ovonk1BFrP',#6,$,$,#480,#482,$,.FINISH_START.,$);
#838=IFCRELSEQUENCE('ELTNuB87gvhHXnBH$1BFpp',#6,$,$,#480,#484,$,.FINISH_START.,$);
#839=IFCRELSEQUENCE('Dh5XG94lxHJNBjRFSxRnf$',#6,$,$,#484,#486,$,.FINISH_START.,$);
#840=IFCRELSEQUENCE('Oz$TK9z$81cpmLAHOJFZN$',#6,$,$,#486,#488,$,.FINISH_START.,$);
#841=IFCRELSEQUENCE('FLLlxBtNMvrFX5e$G$LlRx',#6,$,$,#488,#490,$,.FINISH_START.,$);
#842=IFCRELSEQUENCE('FrfJt$6v2zm$KbynrtoVWP',#6,$,$,#490,#492,$,.FINISH_START.,$);
#843=IFCRELSEQUENCE('W$vBTR_nqvGVczLF5LGf6$',#6,$,$,#358,#496,$,.FINISH_START.,$);
#844=IFCRELSEQUENCE('9tEnLfO70BnLQz5nYL7Da5',#6,$,$,#496,#498,$,.FINISH_START.,$);
#845=IFCRELSEQUENCE('oPg36dkHTJyhEB61aN_BmF',#6,$,$,#498,#500,$,.FINISH_START.,$);
#846=IFCRELSEQUENCE('XZ0tknCXdpUN9rIXA5gT$j',#6,$,$,#500,#502,$,.FINISH_START.,$);
#847=IFCRELSEQUENCE('JxfbeT79D7p99fu1HPaBGl',#6,$,$,#502,#504,$,.FINISH_START.,$);
#848=IFCRELSEQUENCE('_JoRW1v91Llr43N$MhGtGV',#6,$,$,#504,#506,$,.FINISH_START.,$);
#849=IFCRELSEQUENCE('4FPz2Ph$sN3NbB610veVWv',#6,$,$,#506,#508,$,.FINISH_START.,$);
#850=IFCRELSEQUENCE('4pA7VJ2nGjM3npt1nRPxLf',#6,$,$,#508,#510,$,.FINISH_START.,$);
#851=IFCRELSEQUENCE('Oz7r5ldtNRjfzPoVi$P5Pv',#6,$,$,#510,#512,$,.FINISH_START.,$);
#852=IFCRELSEQUENCE('KPe1klmfqPK3$BM1hdmf_3',#6,$,$,#512,#514,$,.FINISH_START.,$);
#853=IFCRELSEQUENCE('8hg3EXIl7z0FdFd1K$P5PP',#6,$,$,#514,#516,$,.FINISH_START.,$);
#854=IFCRELSEQUENCE('0Fz9_djFufT9JphHVJI1Mp',#6,$,$,#516,#518,$,.FINISH_START.,$);
#855=IFCRELSEQUENCE('Q5aLH$9N45f5XFxlS5RFdv',#6,$,$,#518,#520,$,.FINISH_START.,$);
#856=IFCRELSEQUENCE('1pY1ALrlZjSJk5GV0dCDOT',#6,$,$,#520,#522,$,.START_FINISH.,$);
#857=IFCRELSEQUENCE('ylDvT5_N6FK3PlJH9zNTbV',#6,$,$,#520,#524,$,.FINISH_START.,$);
#858=IFCRELSEQUENCE('V3q52LKVlJ4hQFXVm1zNAZ',#6,$,$,#524,#526,$,.FINISH_START.,$);
#859=IFCRELSEQUENCE('TZWfihxFaVJvMhonoD_r4B',#6,$,$,#526,#528,$,.FINISH_START.,$);
#860=IFCRELSEQUENCE('Ob8VuLCXHXAHJ$ZnwtUFLN',#6,$,$,#526,#530,$,.FINISH_START.,$);
#861=IFCRELSEQUENCE('f7CxMRJFOlmVs72Fznr$wx',#6,$,$,#530,#532,$,.FINISH_START.,$);
#862=IFCRELSEQUENCE('tNoRCR5XTJyDSjJlNpTfo5',#6,$,$,#532,#534,$,.FINISH_START.,$);
#863=IFCRELSEQUENCE('7lLH$vEtRLrFrP2VRbI1Yn',#6,$,$,#534,#536,$,.FINISH_START.,$);
#864=IFCRELSEQUENCE('hP0twPM$6naj6j9$mlVpqF',#6,$,$,#536,#538,$,.FINISH_START.,$);
#865=IFCRELSEQUENCE('6BcfuLa$cXQXgrM$FNYLAT',#6,$,$,#522,#538,$,.FINISH_START.,$);
#866=IFCRELSEQUENCE('sjrnXJIHR1$xbBQ16Jl3JX',#6,$,$,#528,#538,$,.FINISH_START.,$);
#867=IFCRELSEQUENCE('j5FppniFwFSjs7clTTCpOz',#6,$,$,#442,#542,$,.FINISH_START.,$);
#868=IFCRELSEQUENCE('_j6pdbQXzTUxvDrlF9wP$D',#6,$,$,#538,#542,$,.FINISH_START.,$);
#869=IFCRELSEQUENCE('0HVL93rl5nnDmBkXU7OlhD',#6,$,$,#460,#544,$,.FINISH_START.,$);
#870=IFCRELSEQUENCE('lRh$gVzlnnqTRrIV6phV4v',#6,$,$,#538,#544,$,.FINISH_START.,$);
#871=IFCRELSEQUENCE('DrP3An31enqxRr2XXpMZjT',#6,$,$,#478,#546,$,.FINISH_START.,$);
#872=IFCRELSEQUENCE('ZZWfW1VPHVo7_JBFVlnT$j',#6,$,$,#538,#546,$,.FINISH_START.,$);
#873=IFCRELSEQUENCE('UV39Al799VDPul$XGnTNob',#6,$,$,#538,#548,$,.FINISH_START.,$);
#874=IFCRELSEQUENCE('0HHRuhiXJN3Nn7kFuhOHDF',#6,$,$,#548,#552,$,.FINISH_START.,$);
#875=IFCRELSEQUENCE('pBlbyVs$0rt3R1P$Ojd5HB',#6,$,$,#552,#550,$,.FINISH_START.,$);
#876=IFCRELSEQUENCE('sJJPBT8Pp7rFjDjndLmfAv',#6,$,$,#550,#554,$,.FINISH_START.,$);
#877=IFCRELSEQUENCE('azS3MbxXX7hHpHDHt7CDmH',#6,$,$,#554,#556,$,.FINISH_START.,$);
#878=IFCRELSEQUENCE('hvCxkpn7oH5$OXjlfjfhcl',#6,$,$,#556,#558,$,.FINISH_START.,$);
#879=IFCRELSEQUENCE('MzdLV9iXDddrOXjlvbAt8D',#6,$,$,#110,#560,$,.FINISH_START.,$);
#880=IFCRELSEQUENCE('6nHRG7MPp7Tdu90VfDj7tD',#6,$,$,#560,#292,$,.FINISH_START.,$);
#881=IFCCREWRESOURCE('wlDvNH09XRz7oLAleJ9rmH',#6,'Structural works crew','Overarching structural works crew',$,$,$,$,.USERDEFINED.);
#882=IFCLABORRESOURCE('h7CxArdtfbptz54lxlzfox',#6,'Steel fixers',$,$,$,$,$,.USERDEFINED.);
#883=IFCLABORRESOURCE('8pn56vgd7t2bXbCnyh7D8b',#6,'Carpenters',$,$,$,$,$,.USERDEFINED.);
#884=IFCCONSTRUCTIONEQUIPMENTRESOURCE('6F1r5njXDRZdGrEXWNMTh9',#6,'Tower crane','One tower crane; a second crane is added later',$,$,$,$,.USERDEFINED.);
#885=IFCCONSTRUCTIONMATERIALRESOURCE('WVjvrPkHFHm$Cn91HLvDC3',#6,'Concrete C30/37',$,$,$,$,$,.USERDEFINED.);
#886=IFCSUBCONTRACTRESOURCE('EBlRuDn729cD4tSl3Fxlzd',#6,'Facade contractor',$,$,$,$,$,.USERDEFINED.);
#887=IFCSUBCONTRACTRESOURCE('pdATapgPdP4pmrw$ql3fYF',#6,'Lift supplier',$,$,$,$,$,.USERDEFINED.);
#888=IFCLABORRESOURCE('E7QfaJA$iNMFv$blAVB1Mp',#6,'Plasterers','One plastering crew for three towers — deliberately tight (bottleneck 2 of 2)',$,$,$,$,.USERDEFINED.);
#889=IFCLABORRESOURCE('gdWNeRolx5$Z$XpHhZZtq3',#6,'Tilers',$,$,$,$,$,.USERDEFINED.);
#890=IFCLABORRESOURCE('RR0tM$XdpbbXU90XdhOHbb',#6,'Kitchen fitters',$,$,$,$,$,.USERDEFINED.);
#891=IFCLABORRESOURCE('exazoTNNqTEBK$znuhmt8j',#6,'MEP fitters',$,$,$,$,$,.USERDEFINED.);
#892=IFCLABORRESOURCE('BNQjZxsPhPypSdoVexobfZ',#6,'Painters',$,$,$,$,$,.USERDEFINED.);
#893=IFCPROPERTYSINGLEVALUE('MaxUnits',$,IFCREAL(6),$);
#894=IFCPROPERTYSINGLEVALUE('CostPerHour',$,IFCMONETARYMEASURE(44),$);
#895=IFCPROPERTYSINGLEVALUE('ParentGuid',$,IFCTEXT('wlDvNH09XRz7oLAleJ9rmH'),$);
#896=IFCPROPERTYSET('NTRlDnaHZVovsRmXgnt3dr',#6,'OPS_Resource',$,(#893,#894,#895));
#897=IFCRELDEFINESBYPROPERTIES('mdwD37d9RX3NDn1VcTZt0f',#6,$,$,(#882),#896);
#898=IFCPROPERTYSINGLEVALUE('MaxUnits',$,IFCREAL(12),$);
#899=IFCPROPERTYSINGLEVALUE('CostPerHour',$,IFCMONETARYMEASURE(45),$);
#900=IFCPROPERTYSET('SzqD3Ppnon9bh9mXS5bFPP',#6,'OPS_Resource',$,(#898,#899));
#901=IFCRELDEFINESBYPROPERTIES('T1txgXZl55vhgBEX8LGNIB',#6,$,$,(#883),#900);
#902=IFCPROPERTYSINGLEVALUE('CostPerHour',$,IFCMONETARYMEASURE(120),$);
#903=IFCPROPERTYSINGLEVALUE('AvailabilitySteps',$,IFCTEXT('2027-08-30:2'),$);
#904=IFCPROPERTYSET('Q5azQJ_FCPiR1Bg$HPi59n',#6,'OPS_Resource',$,(#902,#903));
#905=IFCRELDEFINESBYPROPERTIES('V1Vz6dIHPDUfxxWXf9k1A7',#6,$,$,(#884),#904);
#906=IFCPROPERTYSINGLEVALUE('MaxUnits',$,IFCREAL(999),$);
#907=IFCPROPERTYSINGLEVALUE('UnitOfMeasure',$,IFCLABEL('m³'),$);
#908=IFCPROPERTYSET('qf_r1ZOPb$nho1lXJNs3LD',#6,'OPS_Resource',$,(#906,#907));
#909=IFCRELDEFINESBYPROPERTIES('xhkxsLBH7TKzdHLnJt6PJz',#6,$,$,(#885),#908);
#910=IFCPROPERTYSINGLEVALUE('MaxUnits',$,IFCREAL(6),$);
#911=IFCPROPERTYSINGLEVALUE('CostPerHour',$,IFCMONETARYMEASURE(60),$);
#912=IFCPROPERTYSET('Y1FDB3yHTJajwj$XG1LlVd',#6,'OPS_Resource',$,(#910,#911));
#913=IFCRELDEFINESBYPROPERTIES('fzlJNFy1eHGVU3$XKjwd5F',#6,$,$,(#886),#912);
#914=IFCPROPERTYSINGLEVALUE('MaxUnits',$,IFCREAL(3),$);
#915=IFCPROPERTYSINGLEVALUE('CostPerHour',$,IFCMONETARYMEASURE(90),$);
#916=IFCPROPERTYSET('vH5ViNHdzzYf$1t19PelhJ',#6,'OPS_Resource',$,(#914,#915));
#917=IFCRELDEFINESBYPROPERTIES('Er$rbXL$wTU5LT5Ha5TfUj',#6,$,$,(#887),#916);
#918=IFCPROPERTYSINGLEVALUE('MaxUnits',$,IFCREAL(3),$);
#919=IFCPROPERTYSINGLEVALUE('CostPerHour',$,IFCMONETARYMEASURE(42),$);
#920=IFCPROPERTYSET('wHDvzLa1_NQVQlLFzFZNo9',#6,'OPS_Resource',$,(#918,#919));
#921=IFCRELDEFINESBYPROPERTIES('DrtpDHWtR$dj2d2V$3WdtF',#6,$,$,(#888),#920);
#922=IFCPROPERTYSINGLEVALUE('MaxUnits',$,IFCREAL(15),$);
#923=IFCPROPERTYSINGLEVALUE('CostPerHour',$,IFCMONETARYMEASURE(43),$);
#924=IFCPROPERTYSET('MTxFnBPtZjKbLNanjtk$IB',#6,'OPS_Resource',$,(#922,#923));
#925=IFCRELDEFINESBYPROPERTIES('ndQj3LiXRrPjYZ5li1tBKp',#6,$,$,(#889),#924);
#926=IFCPROPERTYSINGLEVALUE('MaxUnits',$,IFCREAL(9),$);
#927=IFCPROPERTYSINGLEVALUE('CostPerHour',$,IFCMONETARYMEASURE(46),$);
#928=IFCPROPERTYSET('l5FptTXvOlWHJXXXQ39zzv',#6,'OPS_Resource',$,(#926,#927));
#929=IFCRELDEFINESBYPROPERTIES('stw9YRA$mZKzHzFVpL1x5n',#6,$,$,(#890),#928);
#930=IFCPROPERTYSINGLEVALUE('MaxUnits',$,IFCREAL(18),$);
#931=IFCPROPERTYSINGLEVALUE('CostPerHour',$,IFCMONETARYMEASURE(48),$);
#932=IFCPROPERTYSET('K5txQjYFMvBFhtO$8Bqb$N',#6,'OPS_Resource',$,(#930,#931));
#933=IFCRELDEFINESBYPROPERTIES('p7U1kJzHf5nDulnVldCbBZ',#6,$,$,(#891),#932);
#934=IFCPROPERTYSINGLEVALUE('MaxUnits',$,IFCREAL(15),$);
#935=IFCPROPERTYSINGLEVALUE('CostPerHour',$,IFCMONETARYMEASURE(38),$);
#936=IFCPROPERTYSET('tj5XGta1Q1Y5n72nrpLVWv',#6,'OPS_Resource',$,(#934,#935));
#937=IFCRELDEFINESBYPROPERTIES('m9yZW1F7shPjcZv1Uv07F$',#6,$,$,(#892),#936);
#938=IFCRELNESTS('0lFxURA1SLFLErUXrN2B8b',#6,'Ploeg Structural works crew',$,#881,(#882));
#939=IFCTIMEPERIOD('07:00:00','15:00:00');
#940=IFCRECURRENCEPATTERN(.WEEKLY.,$,(1,2,3,4,5),$,$,$,$,(#939));
#941=IFCWORKTIME('Standard work week',.PREDICTED.,$,#940,$,$);
#942=IFCWORKTIME('New Year''s Day',.PREDICTED.,$,$,'2027-01-01','2027-01-01');
#943=IFCWORKTIME('Good Friday',.PREDICTED.,$,$,'2027-03-26','2027-03-26');
#944=IFCWORKTIME('Easter',.PREDICTED.,$,$,'2027-03-28','2027-03-29');
#945=IFCWORKTIME('King''s Day',.PREDICTED.,$,$,'2027-04-27','2027-04-27');
#946=IFCWORKTIME('Liberation Day',.PREDICTED.,$,$,'2027-05-05','2027-05-05');
#947=IFCWORKTIME('Ascension Day',.PREDICTED.,$,$,'2027-05-06','2027-05-06');
#948=IFCWORKTIME('Whitsun',.PREDICTED.,$,$,'2027-05-16','2027-05-17');
#949=IFCWORKTIME('Christmas',.PREDICTED.,$,$,'2027-12-25','2027-12-26');
#950=IFCWORKTIME('Construction holiday (northern region)',.PREDICTED.,$,$,'2027-07-26','2027-08-15');
#951=IFCWORKTIME('New Year''s Day',.PREDICTED.,$,$,'2028-01-01','2028-01-01');
#952=IFCWORKTIME('Good Friday',.PREDICTED.,$,$,'2028-04-14','2028-04-14');
#953=IFCWORKTIME('Easter',.PREDICTED.,$,$,'2028-04-16','2028-04-17');
#954=IFCWORKTIME('King''s Day',.PREDICTED.,$,$,'2028-04-27','2028-04-27');
#955=IFCWORKTIME('Liberation Day',.PREDICTED.,$,$,'2028-05-05','2028-05-05');
#956=IFCWORKTIME('Ascension Day',.PREDICTED.,$,$,'2028-05-25','2028-05-25');
#957=IFCWORKTIME('Whitsun',.PREDICTED.,$,$,'2028-06-04','2028-06-05');
#958=IFCWORKTIME('Christmas',.PREDICTED.,$,$,'2028-12-25','2028-12-26');
#959=IFCWORKTIME('Construction holiday (northern region)',.PREDICTED.,$,$,'2028-07-24','2028-08-13');
#960=IFCWORKCALENDAR('1jEROZtNQDWHNx4FTTqRv5',#6,'Hourly calendar, rebar fixing & pouring','Mon-Fri 07:00-15:00, hourly precision for reinforcement/concrete (phase 2.10, wave 2).',$,(#941),(#942,#943,#944,#945,#946,#947,#948,#949,#950,#951,#952,#953,#954,#955,#956,#957,#958,#959),.FIRSTSHIFT.);
#961=IFCRELASSIGNSTOCONTROL('GNmP7Be7u$2bPnXXS53t4P',#6,$,$,(#74,#76,#78,#80,#84,#86,#88,#90,#94,#96,#98,#100),$,#960);
#962=IFCRELASSIGNSTOPROCESS('ttU$Y5Q7G3GX_pv16J9BG$',#6,$,$,(#885),$,#70,$);
#963=IFCRELASSIGNSTOPROCESS('$DEF1ZudV5dBe$d$iDs3pl',#6,$,$,(#885),$,#76,$);
#964=IFCRELASSIGNSTOPROCESS('YTWN41gdn3o7gNmVmXtzrz',#6,$,$,(#885),$,#80,$);
#965=IFCRELASSIGNSTOPROCESS('$lP3QfevOH8vQnlX13OVK1',#6,$,$,(#885),$,#86,$);
#966=IFCRELASSIGNSTOPROCESS('sJBnhN8vcpePKR4HVlXpuD',#6,$,$,(#885),$,#90,$);
#967=IFCRELASSIGNSTOPROCESS('ORuV4T8dVRJNx5GVcZTtGV',#6,$,$,(#885),$,#96,$);
#968=IFCRELASSIGNSTOPROCESS('7nvT43SlFTg3BPA1JfQDSt',#6,$,$,(#885),$,#100,$);
#969=IFCRELASSIGNSTOPROCESS('xHLH9TFPXbBFZBIVkTK5hN',#6,$,$,(#885),$,#106,$);
#970=IFCRELASSIGNSTOPROCESS('$njPtTVv8tFh2Dd$S92HNT',#6,$,$,(#885),$,#118,$);
#971=IFCRELASSIGNSTOPROCESS('EBFxU9LlPPqTHtu$dhelDH',#6,$,$,(#882,#884),$,#120,$);
#972=IFCRELASSIGNSTOPROCESS('U$lJt$Md1hPjEX5FwDZNE5',#6,$,$,(#883,#884),$,#122,$);
#973=IFCRELASSIGNSTOPROCESS('EBHbOZvtBZSJIF3nGVvpqZ',#6,$,$,(#882,#884),$,#124,$);
#974=IFCRELASSIGNSTOPROCESS('EhpvxFDX1h7piRCFaNszVP',#6,$,$,(#883,#884),$,#126,$);
#975=IFCRELASSIGNSTOPROCESS('aVJ7ZbwX5RbVAv2FXjk12$',#6,$,$,(#882,#884),$,#128,$);
#976=IFCRELASSIGNSTOPROCESS('sfATOb2nylhlltWXJNoRX7',#6,$,$,(#883,#884),$,#130,$);
#977=IFCRELASSIGNSTOPROCESS('KbbHvhiVfFvLorM1tzNTRX',#6,$,$,(#882,#884),$,#132,$);
#978=IFCRELASSIGNSTOPROCESS('5LkxInyl$fxV_pt$HBDPV3',#6,$,$,(#883,#884),$,#134,$);
#979=IFCRELASSIGNSTOPROCESS('gdWf4$Uf4lLHpFt1td8Fpp',#6,$,$,(#882,#884),$,#136,$);
#980=IFCRELASSIGNSTOPROCESS('vrgdjV2nqZM3HZrlHvWdlr',#6,$,$,(#883,#884),$,#138,$);
#981=IFCRELASSIGNSTOPROCESS('FdQJpjJFu$wjk5e1y7aB47',#6,$,$,(#882,#884),$,#140,$);
#982=IFCRELASSIGNSTOPROCESS('3Jg3_PxXhdqTh3XXk3OXup',#6,$,$,(#883,#884),$,#142,$);
#983=IFCRELASSIGNSTOPROCESS('i7ibGfePb$1xPTVXC3m9uR',#6,$,$,(#882,#884),$,#144,$);
#984=IFCRELASSIGNSTOPROCESS('2nrnt$Md$hvpi1TFwDzt0t',#6,$,$,(#883,#884),$,#146,$);
#985=IFCRELASSIGNSTOPROCESS('2Dw9Qp_fUPC5VFDFT1b$Ex',#6,$,$,(#882,#884),$,#148,$);
#986=IFCRELASSIGNSTOPROCESS('P1txgXzl1t15f5Clk3elln',#6,$,$,(#883,#884),$,#150,$);
#987=IFCRELASSIGNSTOPROCESS('R1Vz67Ett$FhEh_nhTBF9H',#6,$,$,(#882,#884),$,#152,$);
#988=IFCRELASSIGNSTOPROCESS('tt6tEVcXxHbVYz9$uhGNUJ',#6,$,$,(#883,#884),$,#154,$);
#989=IFCRELASSIGNSTOPROCESS('C92X0FhlRr9znp91bR_l75',#6,$,$,(#882,#884),$,#156,$);
#990=IFCRELASSIGNSTOPROCESS('rpVhxrffaBJv_jrnzjA9yd',#6,$,$,(#883,#884),$,#158,$);
#991=IFCRELASSIGNSTOPROCESS('Z$NbCdJne7RXA7cHrt_lF1',#6,$,$,(#882,#884),$,#160,$);
#992=IFCRELASSIGNSTOPROCESS('d1t5YRkHXv510Z1VopwJgD',#6,$,$,(#883,#884),$,#162,$);
#993=IFCRELASSIGNSTOPROCESS('i74TWVJF0hBnJpTnQZJvXP',#6,$,$,(#882,#884),$,#164,$);
#994=IFCRELASSIGNSTOPROCESS('U3azo3z1uNZt5H1VWNMTXz',#6,$,$,(#883,#884),$,#166,$);
#995=IFCRELASSIGNSTOPROCESS('AjhHXNOPR$7Di$znml$JEb',#6,$,$,(#883),$,#168,$);
#996=IFCRELASSIGNSTOPROCESS('YZmv7dDnI1XbZBc1QZR1_T',#6,$,$,(#883,#884),$,#170,$);
#997=IFCRELASSIGNSTOPROCESS('lR5nvPL$wFSjM9anzFLVCz',#6,$,$,(#885),$,#176,$);
#998=IFCRELASSIGNSTOPROCESS('jRBVGPoHhDEvkR4ltT3NIL',#6,$,$,(#882,#884),$,#178,$);
#999=IFCRELASSIGNSTOPROCESS('hvqxIjJnaBzNrJrnVnhX0f',#6,$,$,(#883,#884),$,#180,$);
#1000=IFCRELASSIGNSTOPROCESS('2HF5gx7tlJaBav6H7X5l$9',#6,$,$,(#882,#884),$,#182,$);
#1001=IFCRELASSIGNSTOPROCESS('8hcJVJM$2ZyhkRyn5lLHLJ',#6,$,$,(#883,#884),$,#184,$);
#1002=IFCRELASSIGNSTOPROCESS('OZJ7FhJXp51Tbh_FjN6jMt',#6,$,$,(#882,#884),$,#186,$);
#1003=IFCRELASSIGNSTOPROCESS('mtyrRXr1it_RhNynR1nTrv',#6,$,$,(#883,#884),$,#188,$);
#1004=IFCRELASSIGNSTOPROCESS('YziJvvfN2zePKbylTZCR1f',#6,$,$,(#882,#884),$,#190,$);
#1005=IFCRELASSIGNSTOPROCESS('VZuVm7MPLjMzfPoXKjwPdP',#6,$,$,(#883,#884),$,#192,$);
#1006=IFCRELASSIGNSTOPROCESS('c$vr3ru7MvJflNSF9vqDOL',#6,$,$,(#882,#884),$,#194,$);
#1007=IFCRELASSIGNSTOPROCESS('0nrn771PJt1xBJxF_fgTrv',#6,$,$,(#883,#884),$,#196,$);
#1008=IFCRELASSIGNSTOPROCESS('BpfJvdpnYve9DzLnhTrFrP',#6,$,$,(#882,#884),$,#198,$);
#1009=IFCRELASSIGNSTOPROCESS('MzdLNJh1gxHJo$t1PFvDGF',#6,$,$,(#883,#884),$,#200,$);
#1010=IFCRELASSIGNSTOPROCESS('6LcJTRklfbBntNe1aN6J23',#6,$,$,(#882,#884),$,#202,$);
#1011=IFCRELASSIGNSTOPROCESS('ujDvRXL1cVgnfv2Fv17b9j',#6,$,$,(#883,#884),$,#204,$);
#1012=IFCRELASSIGNSTOPROCESS('UZWNy$2fUjkhELMlcdOlDH',#6,$,$,(#882,#884),$,#206,$);
#1013=IFCRELASSIGNSTOPROCESS('MTL1Ub_nGzOPKX1V8hWdrP',#6,$,$,(#883,#884),$,#208,$);
#1014=IFCRELASSIGNSTOPROCESS('I57BLNuPv9cDe7MlQ74TZ5',#6,$,$,(#882,#884),$,#210,$);
#1015=IFCRELASSIGNSTOPROCESS('l9yrrd6VzHGVQFVX4vS3Ph',#6,$,$,(#883,#884),$,#212,$);
#1016=IFCRELASSIGNSTOPROCESS('fdO1ABffCTg3DzzlQvixbX',#6,$,$,(#882,#884),$,#214,$);
#1017=IFCRELASSIGNSTOPROCESS('N7ShFHFdJfBnHZxlWfcpSb',#6,$,$,(#883,#884),$,#216,$);
#1018=IFCRELASSIGNSTOPROCESS('NdmPBTGfUDcXErIXUdCpeZ',#6,$,$,(#882,#884),$,#218,$);
#1019=IFCRELASSIGNSTOPROCESS('Cr9pdbwVBTar8NSlxhOXyL',#6,$,$,(#883,#884),$,#220,$);
#1020=IFCRELASSIGNSTOPROCESS('uBgdpnKXdPq5DHbn4hnh21',#6,$,$,(#882,#884),$,#222,$);
#1021=IFCRELASSIGNSTOPROCESS('tpP3U9xF8VEvsRmXsRwdBP',#6,$,$,(#883,#884),$,#224,$);
#1022=IFCRELASSIGNSTOPROCESS('zDA7Bv6vERTPKxGVMB4Tht',#6,$,$,(#883),$,#226,$);
#1023=IFCRELASSIGNSTOPROCESS('8pPzwz4Hr9wjclxncz93J$',#6,$,$,(#883,#884),$,#228,$);
#1024=IFCRELASSIGNSTOPROCESS('nPsZaDItxnXzhtu1_fgT7t',#6,$,$,(#885),$,#234,$);
#1025=IFCRELASSIGNSTOPROCESS('$JoRq5dtZj4LQHBFT3GN23',#6,$,$,(#882,#884),$,#236,$);
#1026=IFCRELASSIGNSTOPROCESS('SVBVG767QjKRjJf$cP0v$t',#6,$,$,(#883,#884),$,#238,$);
#1027=IFCRELASSIGNSTOPROCESS('vlrnDpd9LPC5jXf$k$Llln',#6,$,$,(#882,#884),$,#240,$);
#1028=IFCRELASSIGNSTOPROCESS('I57rpjjFC70FRXhF71d5lr',#6,$,$,(#883,#884),$,#242,$);
#1029=IFCRELASSIGNSTOPROCESS('Htij3rmf2tkhEXxFsbMNsP',#6,$,$,(#882,#884),$,#244,$);
#1030=IFCRELASSIGNSTOPROCESS('ezX3cJYFoFVztNGXwphVat',#6,$,$,(#883,#884),$,#246,$);
#1031=IFCRELASSIGNSTOPROCESS('SXrVuhin_9wjQ3THS9MfIP',#6,$,$,(#882,#884),$,#248,$);
#1032=IFCRELASSIGNSTOPROCESS('aVZNCx9NaL1xbBkXglDdHr',#6,$,$,(#883,#884),$,#250,$);
#1033=IFCRELASSIGNSTOPROCESS('Dh39oT9NoFtRLN4HZZKj_V',#6,$,$,(#882,#884),$,#252,$);
#1034=IFCRELASSIGNSTOPROCESS('N7ijR1HvG3WlVlHVhzdjQh',#6,$,$,(#883,#884),$,#254,$);
#1035=IFCRELASSIGNSTOPROCESS('4FPzsHFdnZcpOv_nDvunvN',#6,$,$,(#882,#884),$,#256,$);
#1036=IFCRELASSIGNSTOPROCESS('J5ljBdcXB9ATxbqHULPJUD',#6,$,$,(#883,#884),$,#258,$);
#1037=IFCRELASSIGNSTOPROCESS('Kx7B9Vg1UjATNb0VHdKJMj',#6,$,$,(#882,#884),$,#260,$);
#1038=IFCRELASSIGNSTOPROCESS('KPO$UxQva$PjoVBnND5H3v',#6,$,$,(#883,#884),$,#262,$);
#1039=IFCRELASSIGNSTOPROCESS('urMdhjElvNUfTt4HNJFZXT',#6,$,$,(#882,#884),$,#264,$);
#1040=IFCRELASSIGNSTOPROCESS('E7klz7lviDeP0TVV4rBnd7',#6,$,$,(#883,#884),$,#266,$);
#1041=IFCRELASSIGNSTOPROCESS('7rwtQD_fkhLlJ$JnBtgfkh',#6,$,$,(#882,#884),$,#268,$);
#1042=IFCRELASSIGNSTOPROCESS('MZh1E1sPxHJfVF5HqlhlhD',#6,$,$,(#883,#884),$,#270,$);
#1043=IFCRELASSIGNSTOPROCESS('cRuXW$fNM5$TfxSlBJVDaN',#6,$,$,(#882,#884),$,#272,$);
#1044=IFCRELASSIGNSTOPROCESS('ohR$Ip$PHDuvghEn_tgNQh',#6,$,$,(#883,#884),$,#274,$);
#1045=IFCRELASSIGNSTOPROCESS('kx7BXJoHzHG1aPc1_9I$Uj',#6,$,$,(#882,#884),$,#276,$);
#1046=IFCRELASSIGNSTOPROCESS('Y1$Z8p$PjfR1KxmXipI5xH',#6,$,$,(#883,#884),$,#278,$);
#1047=IFCRELASSIGNSTOPROCESS('ebe$kjB$mjwJgL_FbxwJUl',#6,$,$,(#882,#884),$,#280,$);
#1048=IFCRELASSIGNSTOPROCESS('eT5nRX3HBNEvknblUBhHn$',#6,$,$,(#883,#884),$,#282,$);
#1049=IFCRELASSIGNSTOPROCESS('b1txYbEHlpGVAbGXqF7pqZ',#6,$,$,(#883),$,#284,$);
#1050=IFCRELASSIGNSTOPROCESS('P$$TmtSHXb37MhwlLTzNQH',#6,$,$,(#883,#884),$,#286,$);
#1051=IFCRELASSIGNSTOPROCESS('3FjdNDl74lptLfCH_RP51j',#6,$,$,(#886),$,#300,$);
#1052=IFCRELASSIGNSTOPROCESS('ynfJbXRXjNb1ibKHGXHryr',#6,$,$,(#886),$,#302,$);
#1053=IFCRELASSIGNSTOPROCESS('M74TGv_fgv5$eVhFZVPJkd',#6,$,$,(#886),$,#320,$);
#1054=IFCRELASSIGNSTOPROCESS('DBXLd5Q7On4h_vkFeRgNgD',#6,$,$,(#886),$,#322,$);
#1055=IFCRELASSIGNSTOPROCESS('W195kpd9RVb1Wp3FOJNLAZ',#6,$,$,(#886),$,#340,$);
#1056=IFCRELASSIGNSTOPROCESS('vnF5oT$vUj6Jw1jnZTarqH',#6,$,$,(#886),$,#342,$);
#1057=IFCRELASSIGNSTOPROCESS('VTeHZt3$aXBFTLInWfQD8R',#6,$,$,(#891),$,#372,$);
#1058=IFCRELASSIGNSTOPROCESS('J5fbO3BldpcVsPYX$$T9ez',#6,$,$,(#891),$,#374,$);
#1059=IFCRELASSIGNSTOPROCESS('G9a3cD2fkXDP8nrlvb2HB3',#6,$,$,(#887),$,#384,$);
#1060=IFCRELASSIGNSTOPROCESS('BJz9AHd9thDdedg$n9Q7JV',#6,$,$,(#891),$,#390,$);
#1061=IFCRELASSIGNSTOPROCESS('MP0tUxcv8fLlN5ql_xztmV',#6,$,$,(#891),$,#392,$);
#1062=IFCRELASSIGNSTOPROCESS('OTbHZNd9hPKRlZpnv1HzNZ',#6,$,$,(#887),$,#402,$);
#1063=IFCRELASSIGNSTOPROCESS('0ldz_v9fmJU5J1rlxlR$M9',#6,$,$,(#891),$,#408,$);
#1064=IFCRELASSIGNSTOPROCESS('LZBVe331mZyhQTVVeJXp8x',#6,$,$,(#891),$,#410,$);
#1065=IFCRELASSIGNSTOPROCESS('4JkxIJzlPpQVYzf$k$zfkB',#6,$,$,(#887),$,#420,$);
#1066=IFCRELASSIGNSTOPROCESS('UTuFFr9fAf5Vc35FkZazHl',#6,$,$,(#888),$,#428,$);
#1067=IFCRELASSIGNSTOPROCESS('O5S3QpwvgdX3XbiliVLVWv',#6,$,$,(#889),$,#430,$);
#1068=IFCRELASSIGNSTOPROCESS('2lVLpnKX9V5V6j1XuznhYD',#6,$,$,(#890),$,#432,$);
#1069=IFCRELASSIGNSTOPROCESS('XT0tcJklL70FLt0VHveXmH',#6,$,$,(#891),$,#434,$);
#1070=IFCRELASSIGNSTOPROCESS('vlR1UNFdx5tbttSFFb9riX',#6,$,$,(#892),$,#436,$);
#1071=IFCRELASSIGNSTOPROCESS('kbJ7R1lv4F9RD3pl$TSzzv',#6,$,$,(#889),$,#438,$);
#1072=IFCRELASSIGNSTOPROCESS('5BIH3v7tNlbXYzP1bRgNo9',#6,$,$,(#888),$,#446,$);
#1073=IFCRELASSIGNSTOPROCESS('jRrXSpotnzo7gtSFh3fZ9n',#6,$,$,(#889),$,#448,$);
#1074=IFCRELASSIGNSTOPROCESS('UZm7VjkHNxXzTh2nv1FZL9',#6,$,$,(#890),$,#450,$);
#1075=IFCRELASSIGNSTOPROCESS('wlDvTxMPzFqTd3xn_RNhof',#6,$,$,(#891),$,#452,$);
#1076=IFCRELASSIGNSTOPROCESS('R5S3gVL$E5X3LNalTVXR5h',#6,$,$,(#892),$,#454,$);
#1077=IFCRELASSIGNSTOPROCESS('BfEb0nLH$ht3nDN$bXJvdr',#6,$,$,(#889),$,#456,$);
#1078=IFCRELASSIGNSTOPROCESS('ttgPtTFdtVR$qFXVeJtr0N',#6,$,$,(#888),$,#464,$);
#1079=IFCRELASSIGNSTOPROCESS('ErvTSp2N6HWHnvwlrDTNcr',#6,$,$,(#889),$,#466,$);
#1080=IFCRELASSIGNSTOPROCESS('1HnxcpMd55$Tpn7$_fMT3L',#6,$,$,(#890),$,#468,$);
#1081=IFCRELASSIGNSTOPROCESS('jb3t2PDnkLR1K5mV_xbnrd',#6,$,$,(#891),$,#470,$);
#1082=IFCRELASSIGNSTOPROCESS('WVxFDpfNcJaJw15l0vOHR5',#6,$,$,(#892),$,#472,$);
#1083=IFCRELASSIGNSTOPROCESS('$jUhfpffs9Fh2DVXu3fTxH',#6,$,$,(#889),$,#474,$);
#1084=IFCPROPERTYSINGLEVALUE('WVjvrPkHFHm$Cn91HLvDC3#0',$,IFCTEXT('60|FRONT_LOADED'),$);
#1085=IFCPROPERTYSET('WV39ctiXRL5X6J9$8ByLA7',#6,'OPS_Assignments',$,(#1084));
#1086=IFCRELDEFINESBYPROPERTIES('P$t5wza1I$7pKxO18Lu$Ad',#6,$,$,(#70),#1085);
#1087=IFCPROPERTYSINGLEVALUE('WVjvrPkHFHm$Cn91HLvDC3#0',$,IFCTEXT('30|UNIFORM'),$);
#1088=IFCPROPERTYSET('OTjvvv9fOdnpeVhFznxlxB',#6,'OPS_Assignments',$,(#1087));
#1089=IFCRELDEFINESBYPROPERTIES('l5vrj3T1ER3v_pXXuTpPvN',#6,$,$,(#76),#1088);
#1090=IFCPROPERTYSINGLEVALUE('WVjvrPkHFHm$Cn91HLvDC3#0',$,IFCTEXT('25|UNIFORM'),$);
#1091=IFCPROPERTYSET('7HBnVJ6XbBHr0TN1hvijMp',#6,'OPS_Assignments',$,(#1090));
#1092=IFCRELDEFINESBYPROPERTIES('ELrn5lV7CzUfrjJl1$T9eL',#6,$,$,(#80),#1091);
#1093=IFCPROPERTYSINGLEVALUE('WVjvrPkHFHm$Cn91HLvDC3#0',$,IFCTEXT('30|UNIFORM'),$);
#1094=IFCPROPERTYSET('gTZNKLBldp2tRXxFQTDdzL',#6,'OPS_Assignments',$,(#1093));
#1095=IFCRELDEFINESBYPROPERTIES('F7w9InSlpPfxFdEXaNMT9l',#6,$,$,(#86),#1094);
#1096=IFCPROPERTYSINGLEVALUE('WVjvrPkHFHm$Cn91HLvDC3#0',$,IFCTEXT('25|UNIFORM'),$);
#1097=IFCPROPERTYSET('pPgz2BOvKNw10zDHPlLln1',#6,'OPS_Assignments',$,(#1096));
#1098=IFCRELDEFINESBYPROPERTIES('wroF$ZOv4H37Adg1vbUn3L',#6,$,$,(#90),#1097);
#1099=IFCPROPERTYSINGLEVALUE('WVjvrPkHFHm$Cn91HLvDC3#0',$,IFCTEXT('30|UNIFORM'),$);
#1100=IFCPROPERTYSET('$nZN0FLl3FajYtmXafszzv',#6,'OPS_Assignments',$,(#1099));
#1101=IFCRELDEFINESBYPROPERTIES('8JZfaHmfgd$ZfbO$nxhXm1',#6,$,$,(#96),#1100);
#1102=IFCPROPERTYSINGLEVALUE('WVjvrPkHFHm$Cn91HLvDC3#0',$,IFCTEXT('25|UNIFORM'),$);
#1103=IFCPROPERTYSET('GdQj5HtNcjaj6$xHmVFhob',#6,'OPS_Assignments',$,(#1102));
#1104=IFCRELDEFINESBYPROPERTIES('99cNSDE9hDAH$19$3l1jcB',#6,$,$,(#100),#1103);
#1105=IFCPROPERTYSINGLEVALUE('WVjvrPkHFHm$Cn91HLvDC3#0',$,IFCTEXT('50|FRONT_LOADED'),$);
#1106=IFCPROPERTYSET('kxvrfnaln3_tFpnVHPi5lL',#6,'OPS_Assignments',$,(#1105));
#1107=IFCRELDEFINESBYPROPERTIES('rNQJHbpF2fUfDHpHRbQ71f',#6,$,$,(#106),#1106);
#1108=IFCPROPERTYSINGLEVALUE('WVjvrPkHFHm$Cn91HLvDC3#0',$,IFCTEXT('40|FRONT_LOADED'),$);
#1109=IFCPROPERTYSET('g3XzIHO7ybz727MHgrCpK$',#6,'OPS_Assignments',$,(#1108));
#1110=IFCRELDEFINESBYPROPERTIES('FPEbiLBl9hzfLZznqZCRRR',#6,$,$,(#118),#1109);
#1111=IFCPROPERTYSINGLEVALUE('h7CxArdtfbptz54lxlzfox#0',$,IFCTEXT('2|UNIFORM'),$);
#1112=IFCPROPERTYSINGLEVALUE('6F1r5njXDRZdGrEXWNMTh9#1',$,IFCTEXT('1|UNIFORM'),$);
#1113=IFCPROPERTYSET('99kHJ$c7CPypqnHXrJ9Buj',#6,'OPS_Assignments',$,(#1111,#1112));
#1114=IFCRELDEFINESBYPROPERTIES('2jkxQNGfyHJfjVd1tdelrZ',#6,$,$,(#120),#1113);
#1115=IFCPROPERTYSINGLEVALUE('8pn56vgd7t2bXbCnyh7D8b#0',$,IFCTEXT('2|UNIFORM'),$);
#1116=IFCPROPERTYSINGLEVALUE('6F1r5njXDRZdGrEXWNMTh9#1',$,IFCTEXT('1|UNIFORM'),$);
#1117=IFCPROPERTYSET('BDXhj$_NcVYfx58$dh8Fvf',#6,'OPS_Assignments',$,(#1115,#1116));
#1118=IFCRELDEFINESBYPROPERTIES('I9yrzBO70BvDut816D5lJX',#6,$,$,(#122),#1117);
#1119=IFCPROPERTYSINGLEVALUE('h7CxArdtfbptz54lxlzfox#0',$,IFCTEXT('2|UNIFORM'),$);
#1120=IFCPROPERTYSINGLEVALUE('6F1r5njXDRZdGrEXWNMTh9#1',$,IFCTEXT('1|UNIFORM'),$);
#1121=IFCPROPERTYSET('9tEnXJwVbh5X6D3FWfs3j$',#6,'OPS_Assignments',$,(#1119,#1120));
#1122=IFCRELDEFINESBYPROPERTIES('2JEb8hKFMbx$4ZJnrNk5VZ',#6,$,$,(#124),#1121);
#1123=IFCPROPERTYSINGLEVALUE('8pn56vgd7t2bXbCnyh7D8b#0',$,IFCTEXT('2|UNIFORM'),$);
#1124=IFCPROPERTYSINGLEVALUE('6F1r5njXDRZdGrEXWNMTh9#1',$,IFCTEXT('1|UNIFORM'),$);
#1125=IFCPROPERTYSET('9f_BZbIHtB$5T9qlYBLlhJ',#6,'OPS_Assignments',$,(#1123,#1124));
#1126=IFCRELDEFINESBYPROPERTIES('_ps7$TmfyHDtzRu1drKJAz',#6,$,$,(#126),#1125);
#1127=IFCPROPERTYSINGLEVALUE('h7CxArdtfbptz54lxlzfox#0',$,IFCTEXT('2|UNIFORM'),$);
#1128=IFCPROPERTYSINGLEVALUE('6F1r5njXDRZdGrEXWNMTh9#1',$,IFCTEXT('1|UNIFORM'),$);
#1129=IFCPROPERTYSET('ph5XCxXd5n1T7j1XGXNTnx',#6,'OPS_Assignments',$,(#1127,#1128));
#1130=IFCRELDEFINESBYPROPERTIES('idO1ABldLdKzJDZnwfk5lr',#6,$,$,(#128),#1129);
#1131=IFCPROPERTYSINGLEVALUE('8pn56vgd7t2bXbCnyh7D8b#0',$,IFCTEXT('2|UNIFORM'),$);
#1132=IFCPROPERTYSINGLEVALUE('6F1r5njXDRZdGrEXWNMTh9#1',$,IFCTEXT('1|UNIFORM'),$);
#1133=IFCPROPERTYSET('XZ8Fj3T$AtnhQFVX4Pm9uJ',#6,'OPS_Assignments',$,(#1131,#1132));
#1134=IFCRELDEFINESBYPROPERTIES('cXblfjTHPdibJp3niDcpSx',#6,$,$,(#130),#1133);
#1135=IFCPROPERTYSINGLEVALUE('h7CxArdtfbptz54lxlzfox#0',$,IFCTEXT('2|UNIFORM'),$);
#1136=IFCPROPERTYSINGLEVALUE('6F1r5njXDRZdGrEXWNMTh9#1',$,IFCTEXT('1|UNIFORM'),$);
#1137=IFCPROPERTYSET('LPGd3djFGjUxTfmX4hNZJZ',#6,'OPS_Assignments',$,(#1135,#1136));
#1138=IFCRELDEFINESBYPROPERTIES('STmd9ZXvC7876J$X0vm90f',#6,$,$,(#132),#1137);
#1139=IFCPROPERTYSINGLEVALUE('8pn56vgd7t2bXbCnyh7D8b#0',$,IFCTEXT('2|UNIFORM'),$);
#1140=IFCPROPERTYSINGLEVALUE('6F1r5njXDRZdGrEXWNMTh9#1',$,IFCTEXT('1|UNIFORM'),$);
#1141=IFCPROPERTYSET('a1NbSFqXZJaB49SF5ri5Tb',#6,'OPS_Assignments',$,(#1139,#1140));
#1142=IFCRELDEFINESBYPROPERTIES('LTZfeZ9fw36$ut0XdBqDOZ',#6,$,$,(#134),#1141);
#1143=IFCPROPERTYSINGLEVALUE('h7CxArdtfbptz54lxlzfox#0',$,IFCTEXT('2|UNIFORM'),$);
#1144=IFCPROPERTYSINGLEVALUE('6F1r5njXDRZdGrEXWNMTh9#1',$,IFCTEXT('1|UNIFORM'),$);
#1145=IFCPROPERTYSET('$jIxUxMPDPX3RVbFObAtWP',#6,'OPS_Assignments',$,(#1143,#1144));
#1146=IFCRELDEFINESBYPROPERTIES('wHBF5nhHhpAltrUX9ZJvv5',#6,$,$,(#136),#1145);
#1147=IFCPROPERTYSINGLEVALUE('8pn56vgd7t2bXbCnyh7D8b#0',$,IFCTEXT('2|UNIFORM'),$);
#1148=IFCPROPERTYSINGLEVALUE('6F1r5njXDRZdGrEXWNMTh9#1',$,IFCTEXT('1|UNIFORM'),$);
#1149=IFCPROPERTYSET('UXrXaHWtvZC5pFd1yrzf21',#6,'OPS_Assignments',$,(#1147,#1148));
#1150=IFCRELDEFINESBYPROPERTIES('f31ZuD7tdv0nlTRlgrK55F',#6,$,$,(#138),#1149);
#1151=IFCPROPERTYSINGLEVALUE('h7CxArdtfbptz54lxlzfox#0',$,IFCTEXT('2|UNIFORM'),$);
#1152=IFCPROPERTYSINGLEVALUE('6F1r5njXDRZdGrEXWNMTh9#1',$,IFCTEXT('1|UNIFORM'),$);
#1153=IFCPROPERTYSET('QxCDhp6vk1$5jVd1xBSBq3',#6,'OPS_Assignments',$,(#1151,#1152));
#1154=IFCRELDEFINESBYPROPERTIES('VXxFNl0tVbptPnv1QvarKJ',#6,$,$,(#140),#1153);
#1155=IFCPROPERTYSINGLEVALUE('8pn56vgd7t2bXbCnyh7D8b#0',$,IFCTEXT('2|UNIFORM'),$);
#1156=IFCPROPERTYSINGLEVALUE('6F1r5njXDRZdGrEXWNMTh9#1',$,IFCTEXT('1|UNIFORM'),$);
#1157=IFCPROPERTYSET('c1FpdRwVlDm1qnVVaxLXOh',#6,'OPS_Assignments',$,(#1155,#1156));
#1158=IFCRELDEFINESBYPROPERTIES('jbRHrZO74HD9dlBFT38FfV',#6,$,$,(#142),#1157);
#1159=IFCPROPERTYSINGLEVALUE('h7CxArdtfbptz54lxlzfox#0',$,IFCTEXT('2|UNIFORM'),$);
#1160=IFCPROPERTYSINGLEVALUE('6F1r5njXDRZdGrEXWNMTh9#1',$,IFCTEXT('1|UNIFORM'),$);
#1161=IFCPROPERTYSET('zpIHZftNIBdJ_PUX9Tb1_$',#6,'OPS_Assignments',$,(#1159,#1160));
#1162=IFCRELDEFINESBYPROPERTIES('4FNj77Xdl1MzjJP1FRdxtl',#6,$,$,(#144),#1161);
#1163=IFCPROPERTYSINGLEVALUE('8pn56vgd7t2bXbCnyh7D8b#0',$,IFCTEXT('2|UNIFORM'),$);
#1164=IFCPROPERTYSINGLEVALUE('6F1r5njXDRZdGrEXWNMTh9#1',$,IFCTEXT('1|UNIFORM'),$);
#1165=IFCPROPERTYSET('LZpPBT09Z$IL2JDl3lPx5H',#6,'OPS_Assignments',$,(#1163,#1164));
#1166=IFCRELDEFINESBYPROPERTIES('ovoFhNe7ybjNtrs1ZVfTtF',#6,$,$,(#146),#1165);
#1167=IFCPROPERTYSINGLEVALUE('h7CxArdtfbptz54lxlzfox#0',$,IFCTEXT('2|UNIFORM'),$);
#1168=IFCPROPERTYSINGLEVALUE('6F1r5njXDRZdGrEXWNMTh9#1',$,IFCTEXT('1|UNIFORM'),$);
#1169=IFCPROPERTYSET('dXpd9zxne7pt5l1XOR6djZ',#6,'OPS_Assignments',$,(#1167,#1168));
#1170=IFCRELDEFINESBYPROPERTIES('IxnDTf$7QjCZndoVCZCper',#6,$,$,(#148),#1169);
#1171=IFCPROPERTYSINGLEVALUE('8pn56vgd7t2bXbCnyh7D8b#0',$,IFCTEXT('2|UNIFORM'),$);
#1172=IFCPROPERTYSINGLEVALUE('6F1r5njXDRZdGrEXWNMTh9#1',$,IFCTEXT('1|UNIFORM'),$);
#1173=IFCPROPERTYSET('mfeH9T$vMR37YTZFs$$j_T',#6,'OPS_Assignments',$,(#1171,#1172));
#1174=IFCRELDEFINESBYPROPERTIES('NPeHjXM1YpsH1$lVbb6Pht',#6,$,$,(#150),#1173);
#1175=IFCPROPERTYSINGLEVALUE('h7CxArdtfbptz54lxlzfox#0',$,IFCTEXT('2|UNIFORM'),$);
#1176=IFCPROPERTYSINGLEVALUE('6F1r5njXDRZdGrEXWNMTh9#1',$,IFCTEXT('1|UNIFORM'),$);
#1177=IFCPROPERTYSET('EhTfq7tfqTILYNan13GfgJ',#6,'OPS_Assignments',$,(#1175,#1176));
#1178=IFCRELDEFINESBYPROPERTIES('hPe$QDAPlVcXgrA1dF$xb1',#6,$,$,(#152),#1177);
#1179=IFCPROPERTYSINGLEVALUE('8pn56vgd7t2bXbCnyh7D8b#0',$,IFCTEXT('2|UNIFORM'),$);
#1180=IFCPROPERTYSINGLEVALUE('6F1r5njXDRZdGrEXWNMTh9#1',$,IFCTEXT('1|UNIFORM'),$);
#1181=IFCPROPERTYSET('WVbHfjjnuV6$4tCHw9wPHL',#6,'OPS_Assignments',$,(#1179,#1180));
#1182=IFCRELDEFINESBYPROPERTIES('P1nprTO7CZcpixmVKDQpip',#6,$,$,(#154),#1181);
#1183=IFCPROPERTYSINGLEVALUE('h7CxArdtfbptz54lxlzfox#0',$,IFCTEXT('2|UNIFORM'),$);
#1184=IFCPROPERTYSINGLEVALUE('6F1r5njXDRZdGrEXWNMTh9#1',$,IFCTEXT('1|UNIFORM'),$);
#1185=IFCPROPERTYSET('Z3q5Qpk9r9khcZN$PryLo5',#6,'OPS_Assignments',$,(#1183,#1184));
#1186=IFCRELDEFINESBYPROPERTIES('a1fR8pnvIL3ff5KlCnNTPd',#6,$,$,(#156),#1185);
#1187=IFCPROPERTYSINGLEVALUE('8pn56vgd7t2bXbCnyh7D8b#0',$,IFCTEXT('2|UNIFORM'),$);
#1188=IFCPROPERTYSINGLEVALUE('6F1r5njXDRZdGrEXWNMTh9#1',$,IFCTEXT('1|UNIFORM'),$);
#1189=IFCPROPERTYSET('qNYhNjTlJfLlL3P$RbUF3h',#6,'OPS_Assignments',$,(#1187,#1188));
#1190=IFCRELDEFINESBYPROPERTIES('5B_Xmvgdn3IPSvgHUv0vhD',#6,$,$,(#158),#1189);
#1191=IFCPROPERTYSINGLEVALUE('h7CxArdtfbptz54lxlzfox#0',$,IFCTEXT('2|UNIFORM'),$);
#1192=IFCPROPERTYSINGLEVALUE('6F1r5njXDRZdGrEXWNMTh9#1',$,IFCTEXT('1|UNIFORM'),$);
#1193=IFCPROPERTYSET('qLhl93rH9r$xzPg$937pK$',#6,'OPS_Assignments',$,(#1191,#1192));
#1194=IFCRELDEFINESBYPROPERTIES('jN8FvP3HHXQXwVt$uLOHxB',#6,$,$,(#160),#1193);
#1195=IFCPROPERTYSINGLEVALUE('8pn56vgd7t2bXbCnyh7D8b#0',$,IFCTEXT('2|UNIFORM'),$);
#1196=IFCPROPERTYSINGLEVALUE('6F1r5njXDRZdGrEXWNMTh9#1',$,IFCTEXT('1|UNIFORM'),$);
#1197=IFCPROPERTYSET('mNeH1v2foxN5LTznu3lBCH',#6,'OPS_Assignments',$,(#1195,#1196));
#1198=IFCRELDEFINESBYPROPERTIES('fPelLpot1LPjwjf$Abk$Mt',#6,$,$,(#162),#1197);
#1199=IFCPROPERTYSINGLEVALUE('h7CxArdtfbptz54lxlzfox#0',$,IFCTEXT('2|UNIFORM'),$);
#1200=IFCPROPERTYSINGLEVALUE('6F1r5njXDRZdGrEXWNMTh9#1',$,IFCTEXT('1|UNIFORM'),$);
#1201=IFCPROPERTYSET('zD692PRXhDE7MLcHF9wPHr',#6,'OPS_Assignments',$,(#1199,#1200));
#1202=IFCRELDEFINESBYPROPERTIES('yFHbmNe7CvmXsvonMh0vfT',#6,$,$,(#164),#1201);
#1203=IFCPROPERTYSINGLEVALUE('8pn56vgd7t2bXbCnyh7D8b#0',$,IFCTEXT('2|UNIFORM'),$);
#1204=IFCPROPERTYSINGLEVALUE('6F1r5njXDRZdGrEXWNMTh9#1',$,IFCTEXT('1|UNIFORM'),$);
#1205=IFCPROPERTYSET('vnF5_LKVv9Er035FQ3Hru5',#6,'OPS_Assignments',$,(#1203,#1204));
#1206=IFCRELDEFINESBYPROPERTIES('EBFxMRr1qved4zFVvbAtql',#6,$,$,(#166),#1205);
#1207=IFCPROPERTYSINGLEVALUE('8pn56vgd7t2bXbCnyh7D8b#0',$,IFCTEXT('2|UNIFORM'),$);
#1208=IFCPROPERTYSET('DdAT0ld97zWlZ9qnuz9zDH',#6,'OPS_Assignments',$,(#1207));
#1209=IFCRELDEFINESBYPROPERTIES('6BIlFnRnsf3fRB2XJ9MfYl',#6,$,$,(#168),#1208);
#1210=IFCPROPERTYSINGLEVALUE('8pn56vgd7t2bXbCnyh7D8b#0',$,IFCTEXT('2|UNIFORM'),$);
#1211=IFCPROPERTYSINGLEVALUE('6F1r5njXDRZdGrEXWNMTh9#1',$,IFCTEXT('1|UNIFORM'),$);
#1212=IFCPROPERTYSET('7Hb1EV6XDdljwDpFNtA9y7',#6,'OPS_Assignments',$,(#1210,#1211));
#1213=IFCRELDEFINESBYPROPERTIES('ELb$Ald91fb18tu1ULnh_$',#6,$,$,(#170),#1212);
#1214=IFCPROPERTYSINGLEVALUE('WVjvrPkHFHm$Cn91HLvDC3#0',$,IFCTEXT('40|FRONT_LOADED'),$);
#1215=IFCPROPERTYSET('ex4B7PTHJtlB8Hv$Drhl1N',#6,'OPS_Assignments',$,(#1214));
#1216=IFCRELDEFINESBYPROPERTIES('XziJZxUNe7TdaPkXgrSzRx',#6,$,$,(#176),#1215);
#1217=IFCPROPERTYSINGLEVALUE('h7CxArdtfbptz54lxlzfox#0',$,IFCTEXT('2|UNIFORM'),$);
#1218=IFCPROPERTYSINGLEVALUE('6F1r5njXDRZdGrEXWNMTh9#1',$,IFCTEXT('1|UNIFORM'),$);
#1219=IFCPROPERTYSET('MvKbSjM$2tQDWjVXgl5XGF',#6,'OPS_Assignments',$,(#1217,#1218));
#1220=IFCRELDEFINESBYPROPERTIES('Z3ibW$F7kXLlF7gHEJEVqH',#6,$,$,(#178),#1219);
#1221=IFCPROPERTYSINGLEVALUE('8pn56vgd7t2bXbCnyh7D8b#0',$,IFCTEXT('2|UNIFORM'),$);
#1222=IFCPROPERTYSINGLEVALUE('6F1r5njXDRZdGrEXWNMTh9#1',$,IFCTEXT('1|UNIFORM'),$);
#1223=IFCPROPERTYSET('_JEbmf8729YxBDVXOpTNcr',#6,'OPS_Assignments',$,(#1221,#1222));
#1224=IFCRELDEFINESBYPROPERTIES('5FtDPR_nOlWlBJjH7xcpyd',#6,$,$,(#180),#1223);
#1225=IFCPROPERTYSINGLEVALUE('h7CxArdtfbptz54lxlzfox#0',$,IFCTEXT('2|UNIFORM'),$);
#1226=IFCPROPERTYSINGLEVALUE('6F1r5njXDRZdGrEXWNMTh9#1',$,IFCTEXT('1|UNIFORM'),$);
#1227=IFCPROPERTYSET('L3HJ91E9DvZP8t817bgfER',#6,'OPS_Assignments',$,(#1225,#1226));
#1228=IFCRELDEFINESBYPROPERTIES('oPYhTtz$yF7Lgtil8ZzNkL',#6,$,$,(#182),#1227);
#1229=IFCPROPERTYSINGLEVALUE('8pn56vgd7t2bXbCnyh7D8b#0',$,IFCTEXT('2|UNIFORM'),$);
#1230=IFCPROPERTYSINGLEVALUE('6F1r5njXDRZdGrEXWNMTh9#1',$,IFCTEXT('1|UNIFORM'),$);
#1231=IFCPROPERTYSET('X17BnLLHPdqTxRaH1Za3VP',#6,'OPS_Assignments',$,(#1229,#1230));
#1232=IFCRELDEFINESBYPROPERTIES('OZ5F3Ly1yl37oXpH3n5lzv',#6,$,$,(#184),#1231);
#1233=IFCPROPERTYSINGLEVALUE('h7CxArdtfbptz54lxlzfox#0',$,IFCTEXT('2|UNIFORM'),$);
#1234=IFCPROPERTYSINGLEVALUE('6F1r5njXDRZdGrEXWNMTh9#1',$,IFCTEXT('1|UNIFORM'),$);
#1235=IFCPROPERTYSET('Hfe1_vF7_zWlbL_nBDRnFb',#6,'OPS_Assignments',$,(#1233,#1234));
#1236=IFCRELDEFINESBYPROPERTIES('Obe$wPM1ExPriVFVprT90f',#6,$,$,(#186),#1235);
#1237=IFCPROPERTYSINGLEVALUE('8pn56vgd7t2bXbCnyh7D8b#0',$,IFCTEXT('2|UNIFORM'),$);
#1238=IFCPROPERTYSINGLEVALUE('6F1r5njXDRZdGrEXWNMTh9#1',$,IFCTEXT('1|UNIFORM'),$);
#1239=IFCPROPERTYSET('vB2VmPM1gPljYfynLdu$ox',#6,'OPS_Assignments',$,(#1237,#1238));
#1240=IFCRELDEFINESBYPROPERTIES('0Hd3Iny$e737QTP1Cl5XGV',#6,$,$,(#188),#1239);
#1241=IFCPROPERTYSINGLEVALUE('h7CxArdtfbptz54lxlzfox#0',$,IFCTEXT('2|UNIFORM'),$);
#1242=IFCPROPERTYSINGLEVALUE('6F1r5njXDRZdGrEXWNMTh9#1',$,IFCTEXT('1|UNIFORM'),$);
#1243=IFCPROPERTYSET('7n$r91gPbBNTdTHX3FbnXT',#6,'OPS_Assignments',$,(#1241,#1242));
#1244=IFCRELDEFINESBYPROPERTIES('Er1BL9ylB96jkxWXZ13NIB',#6,$,$,(#190),#1243);
#1245=IFCPROPERTYSINGLEVALUE('8pn56vgd7t2bXbCnyh7D8b#0',$,IFCTEXT('2|UNIFORM'),$);
#1246=IFCPROPERTYSINGLEVALUE('6F1r5njXDRZdGrEXWNMTh9#1',$,IFCTEXT('1|UNIFORM'),$);
#1247=IFCPROPERTYSET('ujZfitxFy5dB03LFXDoRhp',#6,'OPS_Assignments',$,(#1245,#1246));
#1248=IFCRELDEFINESBYPROPERTIES('nhTfuJL1w3_tHzt$y7SBer',#6,$,$,(#192),#1247);
#1249=IFCPROPERTYSINGLEVALUE('h7CxArdtfbptz54lxlzfox#0',$,IFCTEXT('2|UNIFORM'),$);
#1250=IFCPROPERTYSINGLEVALUE('6F1r5njXDRZdGrEXWNMTh9#1',$,IFCTEXT('1|UNIFORM'),$);
#1251=IFCPROPERTYSET('nrvTyZO7mZKbpTP$WNI51j',#6,'OPS_Assignments',$,(#1249,#1250));
#1252=IFCRELDEFINESBYPROPERTIES('gvS3cj2n4FVzHzHXxLWdV3',#6,$,$,(#194),#1251);
#1253=IFCPROPERTYSINGLEVALUE('8pn56vgd7t2bXbCnyh7D8b#0',$,IFCTEXT('2|UNIFORM'),$);
#1254=IFCPROPERTYSINGLEVALUE('6F1r5njXDRZdGrEXWNMTh9#1',$,IFCTEXT('1|UNIFORM'),$);
#1255=IFCPROPERTYSET('NZpd5LZ1sLVRJjFXLvSzPr',#6,'OPS_Assignments',$,(#1253,#1254));
#1256=IFCRELDEFINESBYPROPERTIES('G7s7bXbXLjAZnPw$8rS3BZ',#6,$,$,(#196),#1255);
#1257=IFCPROPERTYSINGLEVALUE('h7CxArdtfbptz54lxlzfox#0',$,IFCTEXT('2|UNIFORM'),$);
#1258=IFCPROPERTYSINGLEVALUE('6F1r5njXDRZdGrEXWNMTh9#1',$,IFCTEXT('1|UNIFORM'),$);
#1259=IFCPROPERTYSET('CN6pLpsPR1lr03jlpL7pKp',#6,'OPS_Assignments',$,(#1257,#1258));
#1260=IFCRELDEFINESBYPROPERTIES('xBAvrvotrzmXkRqnKpA3NT',#6,$,$,(#198),#1259);
#1261=IFCPROPERTYSINGLEVALUE('8pn56vgd7t2bXbCnyh7D8b#0',$,IFCTEXT('2|UNIFORM'),$);
#1262=IFCPROPERTYSINGLEVALUE('6F1r5njXDRZdGrEXWNMTh9#1',$,IFCTEXT('1|UNIFORM'),$);
#1263=IFCPROPERTYSET('J9yZexw7kXBnxFjFvbEXij',#6,'OPS_Assignments',$,(#1261,#1262));
#1264=IFCRELDEFINESBYPROPERTIES('Q5yTqRJneHG1e$HXhTBnzL',#6,$,$,(#200),#1263);
#1265=IFCPROPERTYSINGLEVALUE('h7CxArdtfbptz54lxlzfox#0',$,IFCTEXT('2|UNIFORM'),$);
#1266=IFCPROPERTYSINGLEVALUE('6F1r5njXDRZdGrEXWNMTh9#1',$,IFCTEXT('1|UNIFORM'),$);
#1267=IFCPROPERTYSET('Z$lJhNW99B7DiXXVU7OVmX',#6,'OPS_Assignments',$,(#1265,#1266));
#1268=IFCRELDEFINESBYPROPERTIES('MTxnXJoH3nCZx5e$07mfYH',#6,$,$,(#202),#1267);
#1269=IFCPROPERTYSINGLEVALUE('8pn56vgd7t2bXbCnyh7D8b#0',$,IFCTEXT('2|UNIFORM'),$);
#1270=IFCPROPERTYSINGLEVALUE('6F1r5njXDRZdGrEXWNMTh9#1',$,IFCTEXT('1|UNIFORM'),$);
#1271=IFCPROPERTYSET('ndkxkjRXZ$M3NPM$r9stub',#6,'OPS_Assignments',$,(#1269,#1270));
#1272=IFCRELDEFINESBYPROPERTIES('uBU1gbxVPpkdWDpFt7KJAd',#6,$,$,(#204),#1271);
#1273=IFCPROPERTYSINGLEVALUE('h7CxArdtfbptz54lxlzfox#0',$,IFCTEXT('2|UNIFORM'),$);
#1274=IFCPROPERTYSINGLEVALUE('6F1r5njXDRZdGrEXWNMTh9#1',$,IFCTEXT('1|UNIFORM'),$);
#1275=IFCPROPERTYSET('vHrnXJEHTXE7_ds$j9oVSb',#6,'OPS_Assignments',$,(#1273,#1274));
#1276=IFCRELDEFINESBYPROPERTIES('EhrF5Hd9fxHJYt8$l7Wd$D',#6,$,$,(#206),#1275);
#1277=IFCPROPERTYSINGLEVALUE('8pn56vgd7t2bXbCnyh7D8b#0',$,IFCTEXT('2|UNIFORM'),$);
#1278=IFCPROPERTYSINGLEVALUE('6F1r5njXDRZdGrEXWNMTh9#1',$,IFCTEXT('1|UNIFORM'),$);
#1279=IFCPROPERTYSET('JN09kJbXZ$wjU37111pPT5',#6,'OPS_Assignments',$,(#1277,#1278));
#1280=IFCRELDEFINESBYPROPERTIES('QR0tsrX7ybjfJVv$t37DWv',#6,$,$,(#208),#1279);
#1281=IFCPROPERTYSINGLEVALUE('h7CxArdtfbptz54lxlzfox#0',$,IFCTEXT('2|UNIFORM'),$);
#1282=IFCPROPERTYSINGLEVALUE('6F1r5njXDRZdGrEXWNMTh9#1',$,IFCTEXT('1|UNIFORM'),$);
#1283=IFCPROPERTYSET('N7S3Al176F4h2vInC3uF$D',#6,'OPS_Assignments',$,(#1281,#1282));
#1284=IFCRELDEFINESBYPROPERTIES('YzSz2dh$kBFLsdUXFtEXKD',#6,$,$,(#210),#1283);
#1285=IFCPROPERTYSINGLEVALUE('8pn56vgd7t2bXbCnyh7D8b#0',$,IFCTEXT('2|UNIFORM'),$);
#1286=IFCPROPERTYSINGLEVALUE('6F1r5njXDRZdGrEXWNMTh9#1',$,IFCTEXT('1|UNIFORM'),$);
#1287=IFCPROPERTYSET('whI52dTljfBnFJpH9vqb$t',#6,'OPS_Assignments',$,(#1285,#1286));
#1288=IFCRELDEFINESBYPROPERTIES('$ld3_dr$4lDtTB_V9PuFpJ',#6,$,$,(#212),#1287);
#1289=IFCPROPERTYSINGLEVALUE('h7CxArdtfbptz54lxlzfox#0',$,IFCTEXT('2|UNIFORM'),$);
#1290=IFCPROPERTYSINGLEVALUE('6F1r5njXDRZdGrEXWNMTh9#1',$,IFCTEXT('1|UNIFORM'),$);
#1291=IFCPROPERTYSET('0F3tE$ItjBTtl3P1nRVDml',#6,'OPS_Assignments',$,(#1289,#1290));
#1292=IFCRELDEFINESBYPROPERTIES('7Hz9U5k9trdJ2Df$dhOXSR',#6,$,$,(#214),#1291);
#1293=IFCPROPERTYSINGLEVALUE('8pn56vgd7t2bXbCnyh7D8b#0',$,IFCTEXT('2|UNIFORM'),$);
#1294=IFCPROPERTYSINGLEVALUE('6F1r5njXDRZdGrEXWNMTh9#1',$,IFCTEXT('1|UNIFORM'),$);
#1295=IFCPROPERTYSET('0llROZP9vZSryf8$ZzGfUn',#6,'OPS_Assignments',$,(#1293,#1294));
#1296=IFCRELDEFINESBYPROPERTIES('7FvZaFS$6lmXwjHVfNszn$',#6,$,$,(#216),#1295);
#1297=IFCPROPERTYSINGLEVALUE('h7CxArdtfbptz54lxlzfox#0',$,IFCTEXT('2|UNIFORM'),$);
#1298=IFCPROPERTYSINGLEVALUE('6F1r5njXDRZdGrEXWNMTh9#1',$,IFCTEXT('1|UNIFORM'),$);
#1299=IFCPROPERTYSET('0F5Xqd3lPpo7272FJ9A90N',#6,'OPS_Assignments',$,(#1297,#1298));
#1300=IFCRELDEFINESBYPROPERTIES('vHxVuJ3lRVpP89e$ZXFhA3',#6,$,$,(#218),#1299);
#1301=IFCPROPERTYSINGLEVALUE('8pn56vgd7t2bXbCnyh7D8b#0',$,IFCTEXT('2|UNIFORM'),$);
#1302=IFCPROPERTYSINGLEVALUE('6F1r5njXDRZdGrEXWNMTh9#1',$,IFCTEXT('1|UNIFORM'),$);
#1303=IFCPROPERTYSET('BtgdZtJV33kPOXLndl5XCl',#6,'OPS_Assignments',$,(#1301,#1302));
#1304=IFCRELDEFINESBYPROPERTIES('yjk5oTnP7torWpxHWf6J6x',#6,$,$,(#220),#1303);
#1305=IFCPROPERTYSINGLEVALUE('h7CxArdtfbptz54lxlzfox#0',$,IFCTEXT('2|UNIFORM'),$);
#1306=IFCPROPERTYSINGLEVALUE('6F1r5njXDRZdGrEXWNMTh9#1',$,IFCTEXT('1|UNIFORM'),$);
#1307=IFCPROPERTYSET('VXBX4$2NshXb$rkXQ3vp0N',#6,'OPS_Assignments',$,(#1305,#1306));
#1308=IFCRELDEFINESBYPROPERTIES('Oz1T0nz$8VUNJVt1GlVpG$',#6,$,$,(#222),#1307);
#1309=IFCPROPERTYSINGLEVALUE('8pn56vgd7t2bXbCnyh7D8b#0',$,IFCTEXT('2|UNIFORM'),$);
#1310=IFCPROPERTYSINGLEVALUE('6F1r5njXDRZdGrEXWNMTh9#1',$,IFCTEXT('1|UNIFORM'),$);
#1311=IFCPROPERTYSET('oP6pTthlNnV3D3xnA$7R9J',#6,'OPS_Assignments',$,(#1309,#1310));
#1312=IFCRELDEFINESBYPROPERTIES('vrwtkp7tznCxrpHX$3079D',#6,$,$,(#224),#1311);
#1313=IFCPROPERTYSINGLEVALUE('8pn56vgd7t2bXbCnyh7D8b#0',$,IFCTEXT('2|UNIFORM'),$);
#1314=IFCPROPERTYSET('QXL$kpP9jrLlNxql6D5HrZ',#6,'OPS_Assignments',$,(#1313));
#1315=IFCRELDEFINESBYPROPERTIES('jxX3Y93$u9djg9yHHdSzLJ',#6,$,$,(#226),#1314);
#1316=IFCPROPERTYSINGLEVALUE('8pn56vgd7t2bXbCnyh7D8b#0',$,IFCTEXT('2|UNIFORM'),$);
#1317=IFCPROPERTYSINGLEVALUE('6F1r5njXDRZdGrEXWNMTh9#1',$,IFCTEXT('1|UNIFORM'),$);
#1318=IFCPROPERTYSET('Fv69cDE9F3Uffb8$QdGN_1',#6,'OPS_Assignments',$,(#1316,#1317));
#1319=IFCRELDEFINESBYPROPERTIES('uhER8BGf81Qp8FrHvbst4L',#6,$,$,(#228),#1318);
#1320=IFCPROPERTYSINGLEVALUE('WVjvrPkHFHm$Cn91HLvDC3#0',$,IFCTEXT('40|FRONT_LOADED'),$);
#1321=IFCPROPERTYSET('cxS3UxgPLpQX_P_Xdn9zrT',#6,'OPS_Assignments',$,(#1320));
#1322=IFCRELDEFINESBYPROPERTIES('VVrXqvPtvZ4hAd2XXJYnxl',#6,$,$,(#234),#1321);
#1323=IFCPROPERTYSINGLEVALUE('h7CxArdtfbptz54lxlzfox#0',$,IFCTEXT('2|UNIFORM'),$);
#1324=IFCPROPERTYSINGLEVALUE('6F1r5njXDRZdGrEXWNMTh9#1',$,IFCTEXT('1|UNIFORM'),$);
#1325=IFCPROPERTYSET('O3vrNHePzZg3Fp1V6DZNsv',#6,'OPS_Assignments',$,(#1323,#1324));
#1326=IFCRELDEFINESBYPROPERTIES('HbJvDj5XVP$TBpP$uzHr4d',#6,$,$,(#236),#1325);
#1327=IFCPROPERTYSINGLEVALUE('8pn56vgd7t2bXbCnyh7D8b#0',$,IFCTEXT('2|UNIFORM'),$);
#1328=IFCPROPERTYSINGLEVALUE('6F1r5njXDRZdGrEXWNMTh9#1',$,IFCTEXT('1|UNIFORM'),$);
#1329=IFCPROPERTYSET('Dh3tAFxnenCZHfaH13OVW7',#6,'OPS_Assignments',$,(#1327,#1328));
#1330=IFCRELDEFINESBYPROPERTIES('KdWNWVRV1hPJUZrH$1Bnlh',#6,$,$,(#238),#1329);
#1331=IFCPROPERTYSINGLEVALUE('h7CxArdtfbptz54lxlzfox#0',$,IFCTEXT('2|UNIFORM'),$);
#1332=IFCPROPERTYSINGLEVALUE('6F1r5njXDRZdGrEXWNMTh9#1',$,IFCTEXT('1|UNIFORM'),$);
#1333=IFCPROPERTYSET('m7A7pJTHVxtRJDxHK$$jot',#6,'OPS_Assignments',$,(#1331,#1332));
#1334=IFCRELDEFINESBYPROPERTIES('tfwpjXs1Cv8vA7MHwp5Hrz',#6,$,$,(#240),#1333);
#1335=IFCPROPERTYSINGLEVALUE('8pn56vgd7t2bXbCnyh7D8b#0',$,IFCTEXT('2|UNIFORM'),$);
#1336=IFCPROPERTYSINGLEVALUE('6F1r5njXDRZdGrEXWNMTh9#1',$,IFCTEXT('1|UNIFORM'),$);
#1337=IFCPROPERTYSET('Nvaz2LqFylhHHfKHeRI$Ex',#6,'OPS_Assignments',$,(#1335,#1336));
#1338=IFCRELDEFINESBYPROPERTIES('UzSzsBtfkB$x7J$Xa5j7PL',#6,$,$,(#242),#1337);
#1339=IFCPROPERTYSINGLEVALUE('h7CxArdtfbptz54lxlzfox#0',$,IFCTEXT('2|UNIFORM'),$);
#1340=IFCPROPERTYSINGLEVALUE('6F1r5njXDRZdGrEXWNMTh9#1',$,IFCTEXT('1|UNIFORM'),$);
#1341=IFCPROPERTYSET('6hAZ0ltfk1Xb3R81I$BFf1',#6,'OPS_Assignments',$,(#1339,#1340));
#1342=IFCRELDEFINESBYPROPERTIES('$l$B1zKnIBVbfdIVQ3t3zd',#6,$,$,(#244),#1341);
#1343=IFCPROPERTYSINGLEVALUE('8pn56vgd7t2bXbCnyh7D8b#0',$,IFCTEXT('2|UNIFORM'),$);
#1344=IFCPROPERTYSINGLEVALUE('6F1r5njXDRZdGrEXWNMTh9#1',$,IFCTEXT('1|UNIFORM'),$);
#1345=IFCPROPERTYSET('HtqxIFqnOFKbDZf$VnB$ER',#6,'OPS_Assignments',$,(#1343,#1344));
#1346=IFCRELDEFINESBYPROPERTIES('e5Cxw7Q7aL15RBIVwjd5B7',#6,$,$,(#246),#1345);
#1347=IFCPROPERTYSINGLEVALUE('h7CxArdtfbptz54lxlzfox#0',$,IFCTEXT('2|UNIFORM'),$);
#1348=IFCPROPERTYSINGLEVALUE('6F1r5njXDRZdGrEXWNMTh9#1',$,IFCTEXT('1|UNIFORM'),$);
#1349=IFCPROPERTYSET('DLz9IpFvU7G$43FVPLeVat',#6,'OPS_Assignments',$,(#1347,#1348));
#1350=IFCRELDEFINESBYPROPERTIES('idWNeZtfkrNZbhYnT3u$cn',#6,$,$,(#248),#1349);
#1351=IFCPROPERTYSINGLEVALUE('8pn56vgd7t2bXbCnyh7D8b#0',$,IFCTEXT('2|UNIFORM'),$);
#1352=IFCPROPERTYSINGLEVALUE('6F1r5njXDRZdGrEXWNMTh9#1',$,IFCTEXT('1|UNIFORM'),$);
#1353=IFCPROPERTYSET('pLLH7B09LDcV6pjnzJEVG$',#6,'OPS_Assignments',$,(#1351,#1352));
#1354=IFCRELDEFINESBYPROPERTIES('iP8nVpsd$9XbHZpFBJNLQl',#6,$,$,(#250),#1353);
#1355=IFCPROPERTYSINGLEVALUE('h7CxArdtfbptz54lxlzfox#0',$,IFCTEXT('2|UNIFORM'),$);
#1356=IFCPROPERTYSINGLEVALUE('6F1r5njXDRZdGrEXWNMTh9#1',$,IFCTEXT('1|UNIFORM'),$);
#1357=IFCPROPERTYSET('AtIH1PQXH1sTRrM$$$hlbx',#6,'OPS_Assignments',$,(#1355,#1356));
#1358=IFCRELDEFINESBYPROPERTIES('3JI5AhDX79QDibiH07mfYF',#6,$,$,(#252),#1357);
#1359=IFCPROPERTYSINGLEVALUE('8pn56vgd7t2bXbCnyh7D8b#0',$,IFCTEXT('2|UNIFORM'),$);
#1360=IFCPROPERTYSINGLEVALUE('6F1r5njXDRZdGrEXWNMTh9#1',$,IFCTEXT('1|UNIFORM'),$);
#1361=IFCPROPERTYSET('0Hd3Ijr$GZiRHZBH5l3f6b',#6,'OPS_Assignments',$,(#1359,#1360));
#1362=IFCRELDEFINESBYPROPERTIES('vF1rfHGfWbhHvJ7$$VnLAT',#6,$,$,(#254),#1361);
#1363=IFCPROPERTYSINGLEVALUE('h7CxArdtfbptz54lxlzfox#0',$,IFCTEXT('2|UNIFORM'),$);
#1364=IFCPROPERTYSINGLEVALUE('6F1r5njXDRZdGrEXWNMTh9#1',$,IFCTEXT('1|UNIFORM'),$);
#1365=IFCPROPERTYSET('J5fbaJ2n4FFD4t4nFNwJA3',#6,'OPS_Assignments',$,(#1363,#1364));
#1366=IFCRELDEFINESBYPROPERTIES('qN_BVjs1Wx7h6Vv$Z3Ol$N',#6,$,$,(#256),#1365);
#1367=IFCPROPERTYSINGLEVALUE('8pn56vgd7t2bXbCnyh7D8b#0',$,IFCTEXT('2|UNIFORM'),$);
#1368=IFCPROPERTYSINGLEVALUE('6F1r5njXDRZdGrEXWNMTh9#1',$,IFCTEXT('1|UNIFORM'),$);
#1369=IFCPROPERTYSET('MdG7j3xnipmXklt$Obwd5l',#6,'OPS_Assignments',$,(#1367,#1368));
#1370=IFCRELDEFINESBYPROPERTIES('TZ8FfluPHjajw$znqn9zbR',#6,$,$,(#258),#1369);
#1371=IFCPROPERTYSINGLEVALUE('h7CxArdtfbptz54lxlzfox#0',$,IFCTEXT('2|UNIFORM'),$);
#1372=IFCPROPERTYSINGLEVALUE('6F1r5njXDRZdGrEXWNMTh9#1',$,IFCTEXT('1|UNIFORM'),$);
#1373=IFCPROPERTYSET('LvS3gRB$OF4p49qlEpMZHr',#6,'OPS_Assignments',$,(#1371,#1372));
#1374=IFCRELDEFINESBYPROPERTIES('a3a3Y52NsBLHbBEXq3eVG1',#6,$,$,(#260),#1373);
#1375=IFCPROPERTYSINGLEVALUE('8pn56vgd7t2bXbCnyh7D8b#0',$,IFCTEXT('2|UNIFORM'),$);
#1376=IFCPROPERTYSINGLEVALUE('6F1r5njXDRZdGrEXWNMTh9#1',$,IFCTEXT('1|UNIFORM'),$);
#1377=IFCPROPERTYSET('3JAT8p1PRLrFJjN$_xLXy7',#6,'OPS_Assignments',$,(#1375,#1376));
#1378=IFCRELDEFINESBYPROPERTIES('ylz9MbxX9hT9bVBFhdOH1t',#6,$,$,(#262),#1377);
#1379=IFCPROPERTYSINGLEVALUE('h7CxArdtfbptz54lxlzfox#0',$,IFCTEXT('2|UNIFORM'),$);
#1380=IFCPROPERTYSINGLEVALUE('6F1r5njXDRZdGrEXWNMTh9#1',$,IFCTEXT('1|UNIFORM'),$);
#1381=IFCPROPERTYSET('VVrX43SlRh5XErYXXlnZfX',#6,'OPS_Assignments',$,(#1379,#1380));
#1382=IFCRELDEFINESBYPROPERTIES('ez$ZOx6vwHWH7DLHHLfTDD',#6,$,$,(#264),#1381);
#1383=IFCPROPERTYSINGLEVALUE('8pn56vgd7t2bXbCnyh7D8b#0',$,IFCTEXT('2|UNIFORM'),$);
#1384=IFCPROPERTYSINGLEVALUE('6F1r5njXDRZdGrEXWNMTh9#1',$,IFCTEXT('1|UNIFORM'),$);
#1385=IFCPROPERTYSET('Rx4BfnKngvbXM9Snzl7bzP',#6,'OPS_Assignments',$,(#1383,#1384));
#1386=IFCRELDEFINESBYPROPERTIES('Y$PhLJklH1_Rb11VUrrn3h',#6,$,$,(#266),#1385);
#1387=IFCPROPERTYSINGLEVALUE('h7CxArdtfbptz54lxlzfox#0',$,IFCTEXT('2|UNIFORM'),$);
#1388=IFCPROPERTYSINGLEVALUE('6F1r5njXDRZdGrEXWNMTh9#1',$,IFCTEXT('1|UNIFORM'),$);
#1389=IFCPROPERTYSET('YVRHnHHd7ZC5vppFBpj7F$',#6,'OPS_Assignments',$,(#1387,#1388));
#1390=IFCRELDEFINESBYPROPERTIES('f3nD3PpF230Fnjbn0Pijgf',#6,$,$,(#268),#1389);
#1391=IFCPROPERTYSINGLEVALUE('8pn56vgd7t2bXbCnyh7D8b#0',$,IFCTEXT('2|UNIFORM'),$);
#1392=IFCPROPERTYSINGLEVALUE('6F1r5njXDRZdGrEXWNMTh9#1',$,IFCTEXT('1|UNIFORM'),$);
#1393=IFCPROPERTYSET('Jf0twTuvUdaB8fCloJI16x',#6,'OPS_Assignments',$,(#1391,#1392));
#1394=IFCRELDEFINESBYPROPERTIES('cR0tYRA1W57h_JBnDLnLgt',#6,$,$,(#270),#1393);
#1395=IFCPROPERTYSINGLEVALUE('h7CxArdtfbptz54lxlzfox#0',$,IFCTEXT('2|UNIFORM'),$);
#1396=IFCPROPERTYSINGLEVALUE('6F1r5njXDRZdGrEXWNMTh9#1',$,IFCTEXT('1|UNIFORM'),$);
#1397=IFCPROPERTYSET('3nZNif9NkXZ9npf1xlpd$J',#6,'OPS_Assignments',$,(#1395,#1396));
#1398=IFCRELDEFINESBYPROPERTIES('AjTNmdwX559RN7wHhTR$kB',#6,$,$,(#272),#1397);
#1399=IFCPROPERTYSINGLEVALUE('8pn56vgd7t2bXbCnyh7D8b#0',$,IFCTEXT('2|UNIFORM'),$);
#1400=IFCPROPERTYSINGLEVALUE('6F1r5njXDRZdGrEXWNMTh9#1',$,IFCTEXT('1|UNIFORM'),$);
#1401=IFCPROPERTYSET('tNsT0lPttrNTnvgHUBrnd7',#6,'OPS_Assignments',$,(#1399,#1400));
#1402=IFCRELDEFINESBYPROPERTIES('_pU$o1sP73e9Bdw10PijAT',#6,$,$,(#274),#1401);
#1403=IFCPROPERTYSINGLEVALUE('h7CxArdtfbptz54lxlzfox#0',$,IFCTEXT('2|UNIFORM'),$);
#1404=IFCPROPERTYSINGLEVALUE('6F1r5njXDRZdGrEXWNMTh9#1',$,IFCTEXT('1|UNIFORM'),$);
#1405=IFCPROPERTYSET('fvaz_dTlpPdBevEFopUhgN',#6,'OPS_Assignments',$,(#1403,#1404));
#1406=IFCRELDEFINESBYPROPERTIES('U3SzAlNfmzmXA7QH3jA9iD',#6,$,$,(#276),#1405);
#1407=IFCPROPERTYSINGLEVALUE('8pn56vgd7t2bXbCnyh7D8b#0',$,IFCTEXT('2|UNIFORM'),$);
#1408=IFCPROPERTYSINGLEVALUE('6F1r5njXDRZdGrEXWNMTh9#1',$,IFCTEXT('1|UNIFORM'),$);
#1409=IFCPROPERTYSET('rpFx2LaltVDPCBM1lvelpn',#6,'OPS_Assignments',$,(#1407,#1408));
#1410=IFCRELDEFINESBYPROPERTIES('k9ibORUngR3vUNCnuheV0f',#6,$,$,(#278),#1409);
#1411=IFCPROPERTYSINGLEVALUE('h7CxArdtfbptz54lxlzfox#0',$,IFCTEXT('2|UNIFORM'),$);
#1412=IFCPROPERTYSINGLEVALUE('6F1r5njXDRZdGrEXWNMTh9#1',$,IFCTEXT('1|UNIFORM'),$);
#1413=IFCPROPERTYSET('1Fzt_hKnYvWlfRWXPlT9ux',#6,'OPS_Assignments',$,(#1411,#1412));
#1414=IFCRELDEFINESBYPROPERTIES('ujz9cp6vE5nDmBoXiX5lll',#6,$,$,(#280),#1413);
#1415=IFCPROPERTYSINGLEVALUE('8pn56vgd7t2bXbCnyh7D8b#0',$,IFCTEXT('2|UNIFORM'),$);
#1416=IFCPROPERTYSINGLEVALUE('6F1r5njXDRZdGrEXWNMTh9#1',$,IFCTEXT('1|UNIFORM'),$);
#1417=IFCPROPERTYSET('lNG7htCVJBJvkxWVPnFhgf',#6,'OPS_Assignments',$,(#1415,#1416));
#1418=IFCRELDEFINESBYPROPERTIES('Obm777tN4nf51$71gByZxH',#6,$,$,(#282),#1417);
#1419=IFCPROPERTYSINGLEVALUE('8pn56vgd7t2bXbCnyh7D8b#0',$,IFCTEXT('2|UNIFORM'),$);
#1420=IFCPROPERTYSET('ohrFLNOvOni3zbWV97CbFV',#6,'OPS_Assignments',$,(#1419));
#1421=IFCRELDEFINESBYPROPERTIES('hd09oXcVR1$xz7slijwPzB',#6,$,$,(#284),#1420);
#1422=IFCPROPERTYSINGLEVALUE('8pn56vgd7t2bXbCnyh7D8b#0',$,IFCTEXT('2|UNIFORM'),$);
#1423=IFCPROPERTYSINGLEVALUE('6F1r5njXDRZdGrEXWNMTh9#1',$,IFCTEXT('1|UNIFORM'),$);
#1424=IFCPROPERTYSET('GNWfaD_NIhT9LfSH$T4ZZx',#6,'OPS_Assignments',$,(#1422,#1423));
#1425=IFCRELDEFINESBYPROPERTIES('fdWN0HvtNnvLY9GXSRvRbx',#6,$,$,(#286),#1424);
#1426=IFCPROPERTYSINGLEVALUE('EBlRuDn729cD4tSl3Fxlzd#0',$,IFCTEXT('2|UNIFORM'),$);
#1427=IFCPROPERTYSET('KxVzYfnPhDQXE19$$zu12Z',#6,'OPS_Assignments',$,(#1426));
#1428=IFCRELDEFINESBYPROPERTIES('pdEbCx1drzWHbBw$uZpPnR',#6,$,$,(#300),#1427);
#1429=IFCPROPERTYSINGLEVALUE('EBlRuDn729cD4tSl3Fxlzd#0',$,IFCTEXT('2|UNIFORM'),$);
#1430=IFCPROPERTYSET('jxdht3pVpvhlz7QlzJAtSt',#6,'OPS_Assignments',$,(#1429));
#1431=IFCRELDEFINESBYPROPERTIES('CNEbSjM$_Zi3LfanhTR$23',#6,$,$,(#302),#1430);
#1432=IFCPROPERTYSINGLEVALUE('EBlRuDn729cD4tSl3Fxlzd#0',$,IFCTEXT('2|UNIFORM'),$);
#1433=IFCPROPERTYSET('1D69oVIlLvWHpF91jf_BK1',#6,'OPS_Assignments',$,(#1432));
#1434=IFCRELDEFINESBYPROPERTIES('6FlRWXJFWRp93RGXgFlBip',#6,$,$,(#320),#1433);
#1435=IFCPROPERTYSINGLEVALUE('EBlRuDn729cD4tSl3Fxlzd#0',$,IFCTEXT('2|UNIFORM'),$);
#1436=IFCPROPERTYSET('AfYLRx$dLJwjg9Klm$DPV3',#6,'OPS_Assignments',$,(#1435));
#1437=IFCRELDEFINESBYPROPERTIES('zp2ViLBlJB5Xw1TnI$Ll5h',#6,$,$,(#322),#1436);
#1438=IFCPROPERTYSINGLEVALUE('EBlRuDn729cD4tSl3Fxlzd#0',$,IFCTEXT('2|UNIFORM'),$);
#1439=IFCPROPERTYSET('9DfJR1ffEFvLEX3lMByLkd',#6,'OPS_Assignments',$,(#1438));
#1440=IFCRELDEFINESBYPROPERTIES('G9qDpna$gPX3l3f1AVRnhf',#6,$,$,(#340),#1439);
#1441=IFCPROPERTYSINGLEVALUE('EBlRuDn729cD4tSl3Fxlzd#0',$,IFCTEXT('2|UNIFORM'),$);
#1442=IFCPROPERTYSET('mdUh5B$vMdHJgLwHtPeVKj',#6,'OPS_Assignments',$,(#1441));
#1443=IFCRELDEFINESBYPROPERTIES('t9Il5LjXTpGXohUn3pER1N',#6,$,$,(#342),#1442);
#1444=IFCPROPERTYSINGLEVALUE('exazoTNNqTEBK$znuhmt8j#0',$,IFCTEXT('3|UNIFORM'),$);
#1445=IFCPROPERTYSET('ujJPnH9N2tM3RXTli$9r8p',#6,'OPS_Assignments',$,(#1444));
#1446=IFCRELDEFINESBYPROPERTIES('FLJdJX_FybLHXHf$ghm9mX',#6,$,$,(#372),#1445);
#1447=IFCPROPERTYSINGLEVALUE('exazoTNNqTEBK$znuhmt8j#0',$,IFCTEXT('3|UNIFORM'),$);
#1448=IFCPROPERTYSET('MdunP9hHnZcDGLoFYBxXy7',#6,'OPS_Assignments',$,(#1447));
#1449=IFCRELDEFINESBYPROPERTIES('ZZWfurOP7Z4pWJnVhvSrKV',#6,$,$,(#374),#1448);
#1450=IFCPROPERTYSINGLEVALUE('pdATapgPdP4pmrw$ql3fYF#0',$,IFCTEXT('1|UNIFORM'),$);
#1451=IFCPROPERTYSET('7BcN43SlNFFpO$$Vk30vhD',#6,'OPS_Assignments',$,(#1450));
#1452=IFCRELDEFINESBYPROPERTIES('0ln5Ub2FaBTtRXrnDBT9S5',#6,$,$,(#384),#1451);
#1453=IFCPROPERTYSINGLEVALUE('exazoTNNqTEBK$znuhmt8j#0',$,IFCTEXT('3|UNIFORM'),$);
#1454=IFCPROPERTYSET('C9klNJzlBtILIF3FuzXbRb',#6,'OPS_Assignments',$,(#1453));
#1455=IFCRELDEFINESBYPROPERTIES('5h_rNl0t79M335qFGVXRf3',#6,$,$,(#390),#1454);
#1456=IFCPROPERTYSINGLEVALUE('exazoTNNqTEBK$znuhmt8j#0',$,IFCTEXT('3|UNIFORM'),$);
#1457=IFCPROPERTYSET('1JERuD$dJNT9PlTl0PyLYD',#6,'OPS_Assignments',$,(#1456));
#1458=IFCRELDEFINESBYPROPERTIES('6HLH9Zv99VhlDnlVDdqRrz',#6,$,$,(#392),#1457);
#1459=IFCPROPERTYSINGLEVALUE('pdATapgPdP4pmrw$ql3fYF#0',$,IFCTEXT('1|UNIFORM'),$);
#1460=IFCPROPERTYSET('HfmddxQ7Czgnb$HXdFPjMN',#6,'OPS_Assignments',$,(#1459));
#1461=IFCRELDEFINESBYPROPERTIES('ObGPpnKF2Nw1mb8$xlb1cr',#6,$,$,(#402),#1460);
#1462=IFCPROPERTYSINGLEVALUE('exazoTNNqTEBK$znuhmt8j#0',$,IFCTEXT('3|UNIFORM'),$);
#1463=IFCPROPERTYSET('NzNRGtKXZVslRhwlJfgT9H',#6,'OPS_Assignments',$,(#1462));
#1464=IFCRELDEFINESBYPROPERTIES('GPkx6d6XvtgzRVZluh0vvR',#6,$,$,(#408),#1463);
#1465=IFCPROPERTYSINGLEVALUE('exazoTNNqTEBK$znuhmt8j#0',$,IFCTEXT('3|UNIFORM'),$);
#1466=IFCPROPERTYSET('K7KbKtBH5lZPKRKFcvKjob',#6,'OPS_Assignments',$,(#1465));
#1467=IFCRELDEFINESBYPROPERTIES('bxyTORYFo5Fpy3XVgrKjs3',#6,$,$,(#410),#1466);
#1468=IFCPROPERTYSINGLEVALUE('pdATapgPdP4pmrw$ql3fYF#0',$,IFCTEXT('1|UNIFORM'),$);
#1469=IFCPROPERTYSET('b$$TO5EtJfR$4f81VnjvT9',#6,'OPS_Assignments',$,(#1468));
#1470=IFCRELDEFINESBYPROPERTIES('iRpdvrGNCZQDuFDnPnnLE9',#6,$,$,(#420),#1469);
#1471=IFCPROPERTYSINGLEVALUE('E7QfaJA$iNMFv$blAVB1Mp#0',$,IFCTEXT('3|UNIFORM'),$);
#1472=IFCPROPERTYSET('vHp7$3yHB9oBGhonAbMNkr',#6,'OPS_Assignments',$,(#1471));
#1473=IFCRELDEFINESBYPROPERTIES('EhpvTxQvaXDPedg$fpztOZ',#6,$,$,(#428),#1472);
#1474=IFCPROPERTYSINGLEVALUE('gdWNeRolx5$Z$XpHhZZtq3#0',$,IFCTEXT('3|FRONT_LOADED'),$);
#1475=IFCPROPERTYSET('$HFxsrVvCzYfvJP$pveHTt',#6,'OPS_Assignments',$,(#1474));
#1476=IFCRELDEFINESBYPROPERTIES('8pF5UbQXJhFhAxyHF92lvb',#6,$,$,(#430),#1475);
#1477=IFCPROPERTYSINGLEVALUE('RR0tM$XdpbbXU90XdhOHbb#0',$,IFCTEXT('2|BACK_LOADED'),$);
#1478=IFCPROPERTYSET('L3X3kp7tZ$wj_JBn1VPJEx',#6,'OPS_Assignments',$,(#1477));
#1479=IFCRELDEFINESBYPROPERTIES('EdobujpnoRBFB7gl29cvRx',#6,$,$,(#432),#1478);
#1480=IFCPROPERTYSINGLEVALUE('exazoTNNqTEBK$znuhmt8j#0',$,IFCTEXT('3|BELL'),$);
#1481=IFCPROPERTYSET('8jLl17gPtV3N5RSnRxI5NX',#6,'OPS_Assignments',$,(#1480));
#1482=IFCRELDEFINESBYPROPERTIES('FhhHT9xnKDWlltO1NNUL6V',#6,$,$,(#434),#1481);
#1483=IFCPROPERTYSINGLEVALUE('BNQjZxsPhPypSdoVexobfZ#0',$,IFCTEXT('3|EARLY_PEAK'),$);
#1484=IFCPROPERTYSET('mvwtY9RFMvx1Sjrnphnh6R',#6,'OPS_Assignments',$,(#1483));
#1485=IFCRELDEFINESBYPROPERTIES('tNATe3DXJtdJIld$tvyh21',#6,$,$,(#436),#1484);
#1486=IFCPROPERTYSINGLEVALUE('gdWNeRolx5$Z$XpHhZZtq3#0',$,IFCTEXT('2|LATE_PEAK'),$);
#1487=IFCPROPERTYSET('fde$QfWtPp_tBv2n3lFZ9l',#6,'OPS_Assignments',$,(#1486));
#1488=IFCRELDEFINESBYPROPERTIES('YZO1U9JXPDMFRVxn2xB$gf',#6,$,$,(#438),#1487);
#1489=IFCPROPERTYSINGLEVALUE('E7QfaJA$iNMFv$blAVB1Mp#0',$,IFCTEXT('3|UNIFORM'),$);
#1490=IFCPROPERTYSET('aVpPNjZl$BzNlfaFTXXb7x',#6,'OPS_Assignments',$,(#1489));
#1491=IFCRELDEFINESBYPROPERTIES('L3dhhjcXZpePufilq3mtGX',#6,$,$,(#446),#1490);
#1492=IFCPROPERTYSINGLEVALUE('gdWNeRolx5$Z$XpHhZZtq3#0',$,IFCTEXT('3|FRONT_LOADED'),$);
#1493=IFCPROPERTYSET('gvKR0l$vILb1e7kFO5I5jT',#6,'OPS_Assignments',$,(#1492));
#1494=IFCRELDEFINESBYPROPERTIES('Z3KRy3KnEHp9TLsHyP07Xv',#6,$,$,(#448),#1493);
#1495=IFCPROPERTYSINGLEVALUE('RR0tM$XdpbbXU90XdhOHbb#0',$,IFCTEXT('2|BACK_LOADED'),$);
#1496=IFCPROPERTYSET('vHb$gRjF8NLlvJ71LPmNAT',#6,'OPS_Assignments',$,(#1495));
#1497=IFCRELDEFINESBYPROPERTIES('EhR$oTNN8Xo7E$lVRR2HFX',#6,$,$,(#450),#1496);
#1498=IFCPROPERTYSINGLEVALUE('exazoTNNqTEBK$znuhmt8j#0',$,IFCTEXT('3|BELL'),$);
#1499=IFCPROPERTYSET('lRrXqPTlLD29Zrg1dhWdb$',#6,'OPS_Assignments',$,(#1498));
#1500=IFCRELDEFINESBYPROPERTIES('A9svvv9fylz7EXJlND3tab',#6,$,$,(#452),#1499);
#1501=IFCPROPERTYSINGLEVALUE('BNQjZxsPhPypSdoVexobfZ#0',$,IFCTEXT('3|EARLY_PEAK'),$);
#1502=IFCPROPERTYSET('yn9p3dpnU7GVo$716JVpKV',#6,'OPS_Assignments',$,(#1501));
#1503=IFCRELDEFINESBYPROPERTIES('rpF5o1QveHG1Sp91jfAzlF',#6,$,$,(#454),#1502);
#1504=IFCPROPERTYSINGLEVALUE('gdWNeRolx5$Z$XpHhZZtq3#0',$,IFCTEXT('2|LATE_PEAK'),$);
#1505=IFCPROPERTYSET('U3ahpHW9jrb$K$DntvKxHB',#6,'OPS_Assignments',$,(#1504));
#1506=IFCRELDEFINESBYPROPERTIES('RXJ7v7$drZqxF72nXD6JkB',#6,$,$,(#456),#1505);
#1507=IFCPROPERTYSINGLEVALUE('E7QfaJA$iNMFv$blAVB1Mp#0',$,IFCTEXT('3|UNIFORM'),$);
#1508=IFCPROPERTYSET('WVBVexUNCzw$qlZHSfA3FX',#6,'OPS_Assignments',$,(#1507));
#1509=IFCRELDEFINESBYPROPERTIES('P1$TiNfN4nPri5mVOxk5VT',#6,$,$,(#464),#1508);
#1510=IFCPROPERTYSINGLEVALUE('gdWNeRolx5$Z$XpHhZZtq3#0',$,IFCTEXT('3|FRONT_LOADED'),$);
#1511=IFCPROPERTYSET('9tQNebEH$rZtdn$Vk$pPdv',#6,'OPS_Assignments',$,(#1510));
#1512=IFCRELDEFINESBYPROPERTIES('2JAZihxFOHGXgfWXBjl3fT',#6,$,$,(#466),#1511);
#1513=IFCPROPERTYSINGLEVALUE('RR0tM$XdpbbXU90XdhOHbb#0',$,IFCTEXT('2|BACK_LOADED'),$);
#1514=IFCPROPERTYSET('MZxFfnS1gbBFnDf$BNk5PP',#6,'OPS_Assignments',$,(#1513));
#1515=IFCRELDEFINESBYPROPERTIES('F7kH$ds1mJ_Rdl3lYrZtqn',#6,$,$,(#468),#1514);
#1516=IFCPROPERTYSINGLEVALUE('exazoTNNqTEBK$znuhmt8j#0',$,IFCTEXT('3|BELL'),$);
#1517=IFCPROPERTYSET('g7CD3PTHt1$5jXf$op6j_1',#6,'OPS_Assignments',$,(#1516));
#1518=IFCRELDEFINESBYPROPERTIES('TzCD9ZHdPJcD0ZnX3jA90f',#6,$,$,(#470),#1517);
#1519=IFCPROPERTYSINGLEVALUE('BNQjZxsPhPypSdoVexobfZ#0',$,IFCTEXT('3|EARLY_PEAK'),$);
#1520=IFCPROPERTYSET('9jjdvhCFKJSJM9qnGHVpux',#6,'OPS_Assignments',$,(#1519));
#1521=IFCRELDEFINESBYPROPERTIES('GfmvVJ_nSXb18lt$q307JV',#6,$,$,(#472),#1520);
#1522=IFCPROPERTYSINGLEVALUE('gdWNeRolx5$Z$XpHhZZtq3#0',$,IFCTEXT('2|LATE_PEAK'),$);
#1523=IFCPROPERTYSET('OzfROR2nybp9Trs$TVXb3P',#6,'OPS_Assignments',$,(#1522));
#1524=IFCRELDEFINESBYPROPERTIES('HRTf4VYFoxvLE1d1atA9m1',#6,$,$,(#474),#1523);
#1525=IFCRELASSIGNSTOCONTROL('rDVhNjbXHjyDCF$VkTSruD',#6,$,$,(#42,#44,#46,#48,#50,#52,#54,#56,#58,#60,#62,#64,#66,#68,#70,#72,#74,#76,#78,#80,#82,#84,#86,#88,#90,#92,#94,#96,#98,#100,#102,#104,#106,#108,#110,#112,#114,#116,#118,#120,#122,#124,#126,#128,#130,#132,#134,#136,#138,#140,#142,#144,#146,#148,#150,#152,#154,#156,#158,#160,#162,#164,#166,#168,#170,#172,#174,#176,#178,#180,#182,#184,#186,#188,#190,#192,#194,#196,#198,#200,#202,#204,#206,#208,#210,#212,#214,#216,#218,#220,#222,#224,#226,#228,#230,#232,#234,#236,#238,#240,#242,#244,#246,#248,#250,#252,#254,#256,#258,#260,#262,#264,#266,#268,#270,#272,#274,#276,#278,#280,#282,#284,#286,#288,#290,#292,#294,#296,#298,#300,#302,#304,#306,#308,#310,#312,#314,#316,#318,#320,#322,#324,#326,#328,#330,#332,#334,#336,#338,#340,#342,#344,#346,#348,#350,#352,#354,#356,#358,#360,#362,#364,#366,#368,#370,#372,#374,#376,#378,#380,#382,#384,#386,#388,#390,#392,#394,#396,#398,#400,#402,#404,#406,#408,#410,#412,#414,#416,#418,#420,#422,#424,#426,#428,#430,#432,#434,#436,#438,#440,#442,#444,#446,#448,#450,#452,#454,#456,#458,#460,#462,#464,#466,#468,#470,#472,#474,#476,#478,#480,#482,#484,#486,#488,#490,#492,#494,#496,#498,#500,#502,#504,#506,#508,#510,#512,#514,#516,#518,#520,#522,#524,#526,#528,#530,#532,#534,#536,#538,#540,#542,#544,#546,#548,#550,#552,#554,#556,#558,#560),$,#37);
#1526=IFCPROPERTYSINGLEVALUE('wbsAutoNumber',$,IFCBOOLEAN(.T.),$);
#1527=IFCPROPERTYSINGLEVALUE('StatusDate',$,IFCDATE('2027-06-10'),$);
#1528=IFCPROPERTYSINGLEVALUE('ProjectStartDate',$,IFCDATE('2027-03-01'),$);
#1529=IFCPROPERTYSINGLEVALUE('ProjectEndDate',$,$,$);
#1530=IFCPROPERTYSINGLEVALUE('CreatedAt',$,IFCTEXT('2026-08-14T08:19:49.939Z'),$);
#1531=IFCPROPERTYSINGLEVALUE('ModifiedAt',$,IFCTEXT('2026-08-14T08:19:53.542Z'),$);
#1532=IFCPROPERTYSET('e5a3ArlP$tNZvpDF1ZK5n5',#6,'OPS_ProjectSettings',$,(#1526,#1527,#1528,#1529,#1530,#1531));
#1533=IFCRELDEFINESBYPROPERTIES('0Hdzo1sPJhdjQlBF$1BF9l',#6,$,$,(#13),#1532);
#1534=IFCPROPERTYSINGLEVALUE('structure',$,IFCTEXT('{"activityCodeTypes":[{"id":"act-mssof8dwa9q1333","name":"Tower","values":[{"code":"A","description":"Tower A","id":"acv-mssof8dxctkv334"},{"code":"B","description":"Tower B","id":"acv-mssof8dxntr5335"},{"code":"C","description":"Tower C","id":"acv-mssof8dxt4p5336"},{"code":"GEN","description":"General / shared","color":"#6b7280","id":"acv-mssof8dxrzsd337"}]},{"id":"act-mssof8dxv9u2338","name":"Discipline","values":[{"code":"CIV","description":"Civil works","color":"#78350f","id":"acv-mssof8dy3rdj339"},{"code":"STR","description":"Structural works","color":"#b45309","id":"acv-mssof8dyu96u340"},{"code":"MEP","description":"Building services","color":"#0891b2","id":"acv-mssof8dyny2y341"},{"code":"FIT","description":"Fit-out","color":"#7c3aed","id":"acv-mssof8dyy7kl342"}]}],"customFieldDefs":[{"id":"cfd-mssof8dyhw6w343","name":"Cost estimate","type":"cost"},{"id":"cfd-mssof8dzq9um344","name":"Permit number","type":"text"},{"id":"cfd-mssof8dzciag345","name":"Critical delivery","type":"boolean"}]}'),$);
#1535=IFCPROPERTYSET('d1lJfFqnq7WHJVnX3jMfA7',#6,'OPS_StructureMeta',$,(#1534));
#1536=IFCRELDEFINESBYPROPERTIES('$p_Xq51dhpYNtr61aNobxL',#6,$,$,(#13),#1535);
#1537=IFCSIMPLEPROPERTYTEMPLATE('1jgz2PJnKJaB8l7$pB3fAd',#6,'Cost estimate',$,.P_SINGLEVALUE.,'IfcMonetaryMeasure',$,$,$,$,$,$);
#1538=IFCSIMPLEPROPERTYTEMPLATE('H5ljdt5na1XRX5WXxLmfob',#6,'Permit number',$,.P_SINGLEVALUE.,'IfcText',$,$,$,$,$,$);
#1539=IFCSIMPLEPROPERTYTEMPLATE('4HrFfHudrzWl9hgH_N_Bip',#6,'Critical delivery',$,.P_SINGLEVALUE.,'IfcBoolean',$,$,$,$,$,$);
#1540=IFCPROPERTYSETTEMPLATE('gv4T8LKngvJN55WVXp_rmX',#6,'OPS_CustomFields',$,.PSET_OCCURRENCEDRIVEN.,'IfcTask',(#1537,#1538,#1539));
#1541=IFCPROPERTYENUMERATION('Tower',(IFCLABEL('A'),IFCLABEL('B'),IFCLABEL('C'),IFCLABEL('GEN')),$);
#1542=IFCSIMPLEPROPERTYTEMPLATE('S3yr7dDFYjEBunBH7xEbhj',#6,'Tower',$,.P_ENUMERATEDVALUE.,$,$,#1541,$,$,$,$);
#1543=IFCPROPERTYENUMERATION('Discipline',(IFCLABEL('CIV'),IFCLABEL('STR'),IFCLABEL('MEP'),IFCLABEL('FIT')),$);
#1544=IFCSIMPLEPROPERTYTEMPLATE('8rEFHbB$CZor8FLHbb2lPr',#6,'Discipline',$,.P_ENUMERATEDVALUE.,$,$,#1543,$,$,$,$);
#1545=IFCPROPERTYSETTEMPLATE('tJJd1dA$aLdjIl71vxYhUl',#6,'OPS_ActivityCodes',$,.PSET_OCCURRENCEDRIVEN.,'IfcTask',(#1542,#1544));
#1546=IFCRELDECLARES('SXbHJ$I9R1lB4ZTn_bVpab',#6,$,$,#13,(#1540,#1545));
#1547=IFCPROPERTYENUMERATEDVALUE('Tower',$,(IFCLABEL('GEN')),$);
#1548=IFCPROPERTYENUMERATEDVALUE('Discipline',$,(IFCLABEL('CIV')),$);
#1549=IFCPROPERTYSET('wn7ZaDsdtLZthNKnoDcpCT',#6,'OPS_ActivityCodes',$,(#1547,#1548));
#1550=IFCRELDEFINESBYPROPERTIES('kRh1wT0t3nCTVHFVr9oXyh',#6,$,$,(#44),#1549);
#1551=IFCPROPERTYENUMERATEDVALUE('Tower',$,(IFCLABEL('GEN')),$);
#1552=IFCPROPERTYENUMERATEDVALUE('Discipline',$,(IFCLABEL('CIV')),$);
#1553=IFCPROPERTYSET('qr7TG9qnaXJvE171QTrnrd',#6,'OPS_ActivityCodes',$,(#1551,#1552));
#1554=IFCRELDEFINESBYPROPERTIES('qfcJHRjn8X29NPA1xh0vf3',#6,$,$,(#46),#1553);
#1555=IFCPROPERTYSINGLEVALUE('Permit number',$,IFCTEXT('OV-2026-00417'),$);
#1556=IFCPROPERTYSET('Kb5nVp6vM5ljw1DF7VDdtn',#6,'OPS_CustomFields',$,(#1555));
#1557=IFCRELDEFINESBYPROPERTIES('KduF9X2n0BFLEVTHGFB$Ef',#6,$,$,(#48),#1556);
#1558=IFCPROPERTYENUMERATEDVALUE('Tower',$,(IFCLABEL('GEN')),$);
#1559=IFCPROPERTYENUMERATEDVALUE('Discipline',$,(IFCLABEL('CIV')),$);
#1560=IFCPROPERTYSET('j5FDXfW99BnLoX3lEpI5pD',#6,'OPS_ActivityCodes',$,(#1558,#1559));
#1561=IFCRELDEFINESBYPROPERTIES('Ld09cpMdPPSj2jLnhZR$sP',#6,$,$,(#48),#1560);
#1562=IFCPROPERTYENUMERATEDVALUE('Tower',$,(IFCLABEL('GEN')),$);
#1563=IFCPROPERTYENUMERATEDVALUE('Discipline',$,(IFCLABEL('CIV')),$);
#1564=IFCPROPERTYSET('Ajb$6ZOdJLnLk5WV97CpCl',#6,'OPS_ActivityCodes',$,(#1562,#1563));
#1565=IFCRELDEFINESBYPROPERTIES('ovsvv7vtHJyLYfilqlhl9j',#6,$,$,(#50),#1564);
#1566=IFCPROPERTYENUMERATEDVALUE('Tower',$,(IFCLABEL('GEN')),$);
#1567=IFCPROPERTYENUMERATEDVALUE('Discipline',$,(IFCLABEL('CIV')),$);
#1568=IFCPROPERTYSET('CrFxcJIHR$PjA54nzD6JQH',#6,'OPS_ActivityCodes',$,(#1566,#1567));
#1569=IFCRELDEFINESBYPROPERTIES('CN2rNnyHNx$Z3dc$AX5l9D',#6,$,$,(#52),#1568);
#1570=IFCPROPERTYENUMERATEDVALUE('Tower',$,(IFCLABEL('GEN')),$);
#1571=IFCPROPERTYENUMERATEDVALUE('Discipline',$,(IFCLABEL('CIV')),$);
#1572=IFCPROPERTYSET('l9CDj$2fcpetN7EFs52ra5',#6,'OPS_ActivityCodes',$,(#1570,#1571));
#1573=IFCRELDEFINESBYPROPERTIES('vrEFnLZ$QjyDCn$VULt3NT',#6,$,$,(#54),#1572);
#1574=IFCPROPERTYENUMERATEDVALUE('Tower',$,(IFCLABEL('GEN')),$);
#1575=IFCPROPERTYENUMERATEDVALUE('Discipline',$,(IFCLABEL('CIV')),$);
#1576=IFCPROPERTYSET('8hwptTd9z3YfXH7$115XWP',#6,'OPS_ActivityCodes',$,(#1574,#1575));
#1577=IFCRELDEFINESBYPROPERTIES('WV39ctiVbhb$WjHVN9wdN1',#6,$,$,(#56),#1576);
#1578=IFCPROPERTYENUMERATEDVALUE('Tower',$,(IFCLABEL('GEN')),$);
#1579=IFCPROPERTYENUMERATEDVALUE('Discipline',$,(IFCLABEL('CIV')),$);
#1580=IFCPROPERTYSET('1ltDvLy1WRLl$$lVPHpdNV',#6,'OPS_ActivityCodes',$,(#1578,#1579));
#1581=IFCRELDEFINESBYPROPERTIES('f3ljVpMdrzm$GBQ12xj7lF',#6,$,$,(#58),#1580);
#1582=IFCPROPERTYENUMERATEDVALUE('Tower',$,(IFCLABEL('GEN')),$);
#1583=IFCPROPERTYENUMERATEDVALUE('Discipline',$,(IFCLABEL('CIV')),$);
#1584=IFCPROPERTYSET('MZpPR5PtJBzNRBEXa5bFbV',#6,'OPS_ActivityCodes',$,(#1582,#1583));
#1585=IFCRELDEFINESBYPROPERTIES('IfGP17UfCPajc3JHpB5XeL',#6,$,$,(#60),#1584);
#1586=IFCPROPERTYENUMERATEDVALUE('Tower',$,(IFCLABEL('GEN')),$);
#1587=IFCPROPERTYENUMERATEDVALUE('Discipline',$,(IFCLABEL('CIV')),$);
#1588=IFCPROPERTYSET('O3vBnLxnenajYf4ntznL23',#6,'OPS_ActivityCodes',$,(#1586,#1587));
#1589=IFCRELDEFINESBYPROPERTIES('Gt4r7dZlHp872pN19ZpPvt',#6,$,$,(#62),#1588);
#1590=IFCPROPERTYENUMERATEDVALUE('Tower',$,(IFCLABEL('GEN')),$);
#1591=IFCPROPERTYENUMERATEDVALUE('Discipline',$,(IFCLABEL('CIV')),$);
#1592=IFCPROPERTYSET('yDEFtXcVDbpt3xylJbH3j$',#6,'OPS_ActivityCodes',$,(#1590,#1591));
#1593=IFCRELDEFINESBYPROPERTIES('S$ljt1ott1nLo$FX11j7TN',#6,$,$,(#64),#1592);
#1594=IFCPROPERTYENUMERATEDVALUE('Tower',$,(IFCLABEL('GEN')),$);
#1595=IFCPROPERTYENUMERATEDVALUE('Discipline',$,(IFCLABEL('CIV')),$);
#1596=IFCPROPERTYSET('Fhpvj3rlJrb1CL2nDPa3hj',#6,'OPS_ActivityCodes',$,(#1594,#1595));
#1597=IFCRELDEFINESBYPROPERTIES('tNwpnFLl79YxtLgHUrjvrT',#6,$,$,(#66),#1596);
#1598=IFCPROPERTYENUMERATEDVALUE('Tower',$,(IFCLABEL('GEN')),$);
#1599=IFCPROPERTYENUMERATEDVALUE('Discipline',$,(IFCLABEL('CIV')),$);
#1600=IFCPROPERTYSET('HtSh1dA$ufT9v1rHNDj7xr',#6,'OPS_ActivityCodes',$,(#1598,#1599));
#1601=IFCRELDEFINESBYPROPERTIES('vrs7zhSHZVQVInhlN9cvhj',#6,$,$,(#68),#1600);
#1602=IFCPROPERTYSINGLEVALUE('Cost estimate',$,IFCMONETARYMEASURE(340000),$);
#1603=IFCPROPERTYSET('Md8V43qXRVJvInRlk1R$Qn',#6,'OPS_CustomFields',$,(#1602));
#1604=IFCRELDEFINESBYPROPERTIES('2Ds7r7k9tLhHzdEXu3tzHF',#6,$,$,(#70),#1603);
#1605=IFCPROPERTYENUMERATEDVALUE('Tower',$,(IFCLABEL('GEN')),$);
#1606=IFCPROPERTYENUMERATEDVALUE('Discipline',$,(IFCLABEL('CIV')),$);
#1607=IFCPROPERTYSET('fdmvNnqXTJ4Lkx8$Ldmf2T',#6,'OPS_ActivityCodes',$,(#1605,#1606));
#1608=IFCRELDEFINESBYPROPERTIES('1jwp$doH7fIPCrEVWf6JQn',#6,$,$,(#70),#1607);
#1609=IFCPROPERTYENUMERATEDVALUE('Tower',$,(IFCLABEL('A')),$);
#1610=IFCPROPERTYENUMERATEDVALUE('Discipline',$,(IFCLABEL('CIV')),$);
#1611=IFCPROPERTYSET('sNUhnnhHJ9tzZLcHjxDPP7',#6,'OPS_ActivityCodes',$,(#1609,#1610));
#1612=IFCRELDEFINESBYPROPERTIES('YTe$Y5QvybzvIF3nqHLlfz',#6,$,$,(#72),#1611);
#1613=IFCPROPERTYENUMERATEDVALUE('Tower',$,(IFCLABEL('A')),$);
#1614=IFCPROPERTYENUMERATEDVALUE('Discipline',$,(IFCLABEL('CIV')),$);
#1615=IFCPROPERTYSET('A9w9ArtNwnqZ7jP1Z1hHV7',#6,'OPS_ActivityCodes',$,(#1613,#1614));
#1616=IFCRELDEFINESBYPROPERTIES('YzKRCbTHHJaJMtyn75QpSN',#6,$,$,(#74),#1615);
#1617=IFCPROPERTYENUMERATEDVALUE('Tower',$,(IFCLABEL('A')),$);
#1618=IFCPROPERTYENUMERATEDVALUE('Discipline',$,(IFCLABEL('CIV')),$);
#1619=IFCPROPERTYSET('XTWf0lHPV7hHHt0V$XFLAT',#6,'OPS_ActivityCodes',$,(#1617,#1618));
#1620=IFCRELDEFINESBYPROPERTIES('7lTNSpItPJEBy94lLvSzBZ',#6,$,$,(#76),#1619);
#1621=IFCPROPERTYENUMERATEDVALUE('Tower',$,(IFCLABEL('A')),$);
#1622=IFCPROPERTYENUMERATEDVALUE('Discipline',$,(IFCLABEL('CIV')),$);
#1623=IFCPROPERTYSET('aZG7v7tfmZ4hMhknCHrnFR',#6,'OPS_ActivityCodes',$,(#1621,#1622));
#1624=IFCRELDEFINESBYPROPERTIES('ylDv134lVPHj_JJl1$xXqz',#6,$,$,(#78),#1623);
#1625=IFCPROPERTYENUMERATEDVALUE('Tower',$,(IFCLABEL('A')),$);
#1626=IFCPROPERTYENUMERATEDVALUE('Discipline',$,(IFCLABEL('CIV')),$);
#1627=IFCPROPERTYSET('_DMP3PJFGpAHfb0V$VvpWd',#6,'OPS_ActivityCodes',$,(#1625,#1626));
#1628=IFCRELDEFINESBYPROPERTIES('Q1dhFldtLv0nz5iFUPK5zL',#6,$,$,(#80),#1627);
#1629=IFCPROPERTYENUMERATEDVALUE('Tower',$,(IFCLABEL('B')),$);
#1630=IFCPROPERTYENUMERATEDVALUE('Discipline',$,(IFCLABEL('CIV')),$);
#1631=IFCPROPERTYSET('S1XzAnDVpd1ZTtqlk1zfYF',#6,'OPS_ActivityCodes',$,(#1629,#1630));
#1632=IFCRELDEFINESBYPROPERTIES('qr7ZajklzTkhQZf$NpJv9J',#6,$,$,(#82),#1631);
#1633=IFCPROPERTYENUMERATEDVALUE('Tower',$,(IFCLABEL('B')),$);
#1634=IFCPROPERTYENUMERATEDVALUE('Discipline',$,(IFCLABEL('CIV')),$);
#1635=IFCPROPERTYSET('1pw9EzpXLpgFXRKnoHfhkL',#6,'OPS_ActivityCodes',$,(#1633,#1634));
#1636=IFCRELDEFINESBYPROPERTIES('d$t5URQVzzslfb81YrZtmH',#6,$,$,(#84),#1635);
#1637=IFCPROPERTYENUMERATEDVALUE('Tower',$,(IFCLABEL('B')),$);
#1638=IFCPROPERTYENUMERATEDVALUE('Discipline',$,(IFCLABEL('CIV')),$);
#1639=IFCPROPERTYSET('X$7r13yHfbz7AbmVUBhl$9',#6,'OPS_ActivityCodes',$,(#1637,#1638));
#1640=IFCRELDEFINESBYPROPERTIES('tjLHr3Cn0hDPaPA1BDJ7rz',#6,$,$,(#86),#1639);
#1641=IFCPROPERTYENUMERATEDVALUE('Tower',$,(IFCLABEL('B')),$);
#1642=IFCPROPERTYENUMERATEDVALUE('Discipline',$,(IFCLABEL('CIV')),$);
#1643=IFCPROPERTYSET('gduXGfW9BfsH9BIXQvK5jZ',#6,'OPS_ActivityCodes',$,(#1641,#1642));
#1644=IFCRELDEFINESBYPROPERTIES('_psvnrNNWbx$Wpzn0Pazf3',#6,$,$,(#88),#1643);
#1645=IFCPROPERTYENUMERATEDVALUE('Tower',$,(IFCLABEL('B')),$);
#1646=IFCPROPERTYENUMERATEDVALUE('Discipline',$,(IFCLABEL('CIV')),$);
#1647=IFCPROPERTYSET('g31ZmtCVJrrnjJP$DdqDSf',#6,'OPS_ActivityCodes',$,(#1645,#1646));
#1648=IFCRELDEFINESBYPROPERTIES('kt4ZCd3l$tXR1h6ldlb$2Z',#6,$,$,(#90),#1647);
#1649=IFCPROPERTYENUMERATEDVALUE('Tower',$,(IFCLABEL('C')),$);
#1650=IFCPROPERTYENUMERATEDVALUE('Discipline',$,(IFCLABEL('CIV')),$);
#1651=IFCPROPERTYSET('cVDPBz4$eFaJAxCHMFFhsv',#6,'OPS_ActivityCodes',$,(#1649,#1650));
#1652=IFCRELDEFINESBYPROPERTIES('Ehp7xlP9dD29TrUVtZDdvN',#6,$,$,(#92),#1651);
#1653=IFCPROPERTYENUMERATEDVALUE('Tower',$,(IFCLABEL('C')),$);
#1654=IFCPROPERTYENUMERATEDVALUE('Discipline',$,(IFCLABEL('CIV')),$);
#1655=IFCPROPERTYSET('Yzq5kn4lnnaB0zxF_tAtyh',#6,'OPS_ActivityCodes',$,(#1653,#1654));
#1656=IFCRELDEFINESBYPROPERTIES('wFnxQD2NwHG$apv1I$xVql',#6,$,$,(#94),#1655);
#1657=IFCPROPERTYENUMERATEDVALUE('Tower',$,(IFCLABEL('C')),$);
#1658=IFCPROPERTYENUMERATEDVALUE('Discipline',$,(IFCLABEL('CIV')),$);
#1659=IFCPROPERTYSET('8BMPrzqFO7ptxl1Xa9Mf_$',#6,'OPS_ActivityCodes',$,(#1657,#1658));
#1660=IFCRELDEFINESBYPROPERTIES('W1dhd5It7z0n9fmXWf6jwV',#6,$,$,(#96),#1659);
#1661=IFCPROPERTYENUMERATEDVALUE('Tower',$,(IFCLABEL('C')),$);
#1662=IFCPROPERTYENUMERATEDVALUE('Discipline',$,(IFCLABEL('CIV')),$);
#1663=IFCPROPERTYSET('8jBnb1XPv3mVorg1hPmtSt',#6,'OPS_ActivityCodes',$,(#1661,#1662));
#1664=IFCRELDEFINESBYPROPERTIES('mvEFjZ79vf6$eXpHT1pPvN',#6,$,$,(#98),#1663);
#1665=IFCPROPERTYENUMERATEDVALUE('Tower',$,(IFCLABEL('C')),$);
#1666=IFCPROPERTYENUMERATEDVALUE('Discipline',$,(IFCLABEL('CIV')),$);
#1667=IFCPROPERTYSET('P$dhLj6VznizHZTFMhuFnb',#6,'OPS_ActivityCodes',$,(#1665,#1666));
#1668=IFCRELDEFINESBYPROPERTIES('FLD7ppVPXP1ZzPkVkXFLkL',#6,$,$,(#100),#1667);
#1669=IFCPROPERTYENUMERATEDVALUE('Tower',$,(IFCLABEL('GEN')),$);
#1670=IFCPROPERTYENUMERATEDVALUE('Discipline',$,(IFCLABEL('CIV')),$);
#1671=IFCPROPERTYSET('SVTNqPZlTVMn99an13u1ER',#6,'OPS_ActivityCodes',$,(#1669,#1670));
#1672=IFCRELDEFINESBYPROPERTIES('CLz9wTev4bTPqB618ZLlf3',#6,$,$,(#102),#1671);
#1673=IFCPROPERTYENUMERATEDVALUE('Tower',$,(IFCLABEL('GEN')),$);
#1674=IFCPROPERTYENUMERATEDVALUE('Discipline',$,(IFCLABEL('CIV')),$);
#1675=IFCPROPERTYSET('YVBVifffu$ormrIVMlBFjz',#6,'OPS_ActivityCodes',$,(#1673,#1674));
#1676=IFCRELDEFINESBYPROPERTIES('sjb$Ah3$4xFDGbe107GN_3',#6,$,$,(#104),#1675);
#1677=IFCPROPERTYENUMERATEDVALUE('Tower',$,(IFCLABEL('GEN')),$);
#1678=IFCPROPERTYENUMERATEDVALUE('Discipline',$,(IFCLABEL('CIV')),$);
#1679=IFCPROPERTYSET('bX3tsHtfMdtRFjzlMBKJsz',#6,'OPS_ActivityCodes',$,(#1677,#1678));
#1680=IFCRELDEFINESBYPROPERTIES('pBHR4TePb1nhIHN$UrzNkd',#6,$,$,(#106),#1679);
#1681=IFCPROPERTYENUMERATEDVALUE('Tower',$,(IFCLABEL('GEN')),$);
#1682=IFCPROPERTYENUMERATEDVALUE('Discipline',$,(IFCLABEL('CIV')),$);
#1683=IFCPROPERTYSET('0nz9kJTlDP$TdZd1ObEVK$',#6,'OPS_ActivityCodes',$,(#1681,#1682));
#1684=IFCRELDEFINESBYPROPERTIES('e3NbyVg1YDw$mRWXdnlBuJ',#6,$,$,(#108),#1683);
#1685=IFCPROPERTYENUMERATEDVALUE('Tower',$,(IFCLABEL('GEN')),$);
#1686=IFCPROPERTYENUMERATEDVALUE('Discipline',$,(IFCLABEL('CIV')),$);
#1687=IFCPROPERTYSET('VTOlNjzH3Z2R$hcHhvKx1D',#6,'OPS_ActivityCodes',$,(#1685,#1686));
#1688=IFCRELDEFINESBYPROPERTIES('vHhHDn4lrfcVQlJHphdjEb',#6,$,$,(#110),#1687);
#1689=IFCPROPERTYENUMERATEDVALUE('Tower',$,(IFCLABEL('GEN')),$);
#1690=IFCPROPERTYENUMERATEDVALUE('Discipline',$,(IFCLABEL('STR')),$);
#1691=IFCPROPERTYSET('wHJPLp_fQVgFNvYnZ30vzP',#6,'OPS_ActivityCodes',$,(#1689,#1690));
#1692=IFCRELDEFINESBYPROPERTIES('IxlJjzBHZpOtZrQ1AVjvZ9',#6,$,$,(#114),#1691);
#1693=IFCPROPERTYENUMERATEDVALUE('Tower',$,(IFCLABEL('A')),$);
#1694=IFCPROPERTYENUMERATEDVALUE('Discipline',$,(IFCLABEL('STR')),$);
#1695=IFCPROPERTYSET('7lLHd5Q7q3YNBDHXPnFhwb',#6,'OPS_ActivityCodes',$,(#1693,#1694));
#1696=IFCRELDEFINESBYPROPERTIES('Hb5F$TW9TJK3fvUFVFr$sz',#6,$,$,(#116),#1695);
#1697=IFCPROPERTYENUMERATEDVALUE('Tower',$,(IFCLABEL('A')),$);
#1698=IFCPROPERTYENUMERATEDVALUE('Discipline',$,(IFCLABEL('STR')),$);
#1699=IFCPROPERTYSET('VVRlb5ffQji33xyF9Z3fUF',#6,'OPS_ActivityCodes',$,(#1697,#1698));
#1700=IFCRELDEFINESBYPROPERTIES('tpfJBP2F4x9RdHJlXFz9mX',#6,$,$,(#118),#1699);
#1701=IFCPROPERTYENUMERATEDVALUE('Tower',$,(IFCLABEL('A')),$);
#1702=IFCPROPERTYENUMERATEDVALUE('Discipline',$,(IFCLABEL('STR')),$);
#1703=IFCPROPERTYSET('IRh$kDFvc1wJIl$X4hfZtl',#6,'OPS_ActivityCodes',$,(#1701,#1702));
#1704=IFCRELDEFINESBYPROPERTIES('MPe$AFpXVRbVIbanp7u1Yl',#6,$,$,(#120),#1703);
#1705=IFCPROPERTYENUMERATEDVALUE('Tower',$,(IFCLABEL('A')),$);
#1706=IFCPROPERTYENUMERATEDVALUE('Discipline',$,(IFCLABEL('STR')),$);
#1707=IFCPROPERTYSET('2lHbaHGfut93xl9$u3tz19',#6,'OPS_ActivityCodes',$,(#1705,#1706));
#1708=IFCRELDEFINESBYPROPERTIES('gZz9IF41a$XRNPIXwNUh6X',#6,$,$,(#122),#1707);
#1709=IFCPROPERTYENUMERATEDVALUE('Tower',$,(IFCLABEL('A')),$);
#1710=IFCPROPERTYENUMERATEDVALUE('Discipline',$,(IFCLABEL('STR')),$);
#1711=IFCPROPERTYSET('IRBVqdbVB3e9jpBHPLGN23',#6,'OPS_ActivityCodes',$,(#1709,#1710));
#1712=IFCRELDEFINESBYPROPERTIES('Md8VOTXvCvuf5Rant7i5rP',#6,$,$,(#124),#1711);
#1713=IFCPROPERTYENUMERATEDVALUE('Tower',$,(IFCLABEL('A')),$);
#1714=IFCPROPERTYENUMERATEDVALUE('Discipline',$,(IFCLABEL('STR')),$);
#1715=IFCPROPERTYSET('IxfRmtqVv3G1qnt$zl$jkr',#6,'OPS_ActivityCodes',$,(#1713,#1714));
#1716=IFCRELDEFINESBYPROPERTIES('MviRifFdNFtbBds1LZhl5B',#6,$,$,(#126),#1715);
#1717=IFCPROPERTYENUMERATEDVALUE('Tower',$,(IFCLABEL('A')),$);
#1718=IFCPROPERTYENUMERATEDVALUE('Discipline',$,(IFCLABEL('STR')),$);
#1719=IFCPROPERTYSET('ylrn77fNwFqZJ1xlOjnT9F',#6,'OPS_ActivityCodes',$,(#1717,#1718));
#1720=IFCRELDEFINESBYPROPERTIES('ixnpJXQXPpcXkbqn4rrFTR',#6,$,$,(#128),#1719);
#1721=IFCPROPERTYENUMERATEDVALUE('Tower',$,(IFCLABEL('A')),$);
#1722=IFCPROPERTYENUMERATEDVALUE('Discipline',$,(IFCLABEL('STR')),$);
#1723=IFCPROPERTYSET('MdO1E$UNuXovY3FXTTKx7f',#6,'OPS_ActivityCodes',$,(#1721,#1722));
#1724=IFCRELDEFINESBYPROPERTIES('_pgP7LqXxlbX2vsH0PKjAZ',#6,$,$,(#130),#1723);
#1725=IFCPROPERTYENUMERATEDVALUE('Tower',$,(IFCLABEL('A')),$);
#1726=IFCPROPERTYENUMERATEDVALUE('Discipline',$,(IFCLABEL('STR')),$);
#1727=IFCPROPERTYSET('CL3tQfWtDRTd49yHbVTNkL',#6,'OPS_ActivityCodes',$,(#1725,#1726));
#1728=IFCRELDEFINESBYPROPERTIES('C9w9Yb6XfHBFBPoVatgf61',#6,$,$,(#132),#1727);
#1729=IFCPROPERTYENUMERATEDVALUE('Tower',$,(IFCLABEL('A')),$);
#1730=IFCPROPERTYENUMERATEDVALUE('Discipline',$,(IFCLABEL('STR')),$);
#1731=IFCPROPERTYSET('R5CDfJB1GjgzV58$l7Ol3P',#6,'OPS_ActivityCodes',$,(#1729,#1730));
#1732=IFCRELDEFINESBYPROPERTIES('zltpJVIltBvD8f4H3pcpub',#6,$,$,(#134),#1731);
#1733=IFCPROPERTYENUMERATEDVALUE('Tower',$,(IFCLABEL('A')),$);
#1734=IFCPROPERTYENUMERATEDVALUE('Discipline',$,(IFCLABEL('STR')),$);
#1735=IFCPROPERTYSET('stgP3Pr1Wb5$Odc$EDwJg9',#6,'OPS_ActivityCodes',$,(#1733,#1734));
#1736=IFCRELDEFINESBYPROPERTIES('Y34rPtT1Uv87gNu$2xRFlB',#6,$,$,(#136),#1735);
#1737=IFCPROPERTYENUMERATEDVALUE('Tower',$,(IFCLABEL('A')),$);
#1738=IFCPROPERTYENUMERATEDVALUE('Discipline',$,(IFCLABEL('STR')),$);
#1739=IFCPROPERTYSET('db09QNmNGTSjY9O1a9EXi$',#6,'OPS_ActivityCodes',$,(#1737,#1738));
#1740=IFCRELDEFINESBYPROPERTIES('1nz9YbcX$NLlVH9$m$R12Z',#6,$,$,(#138),#1739);
#1741=IFCPROPERTYENUMERATEDVALUE('Tower',$,(IFCLABEL('A')),$);
#1742=IFCPROPERTYENUMERATEDVALUE('Discipline',$,(IFCLABEL('STR')),$);
#1743=IFCPROPERTYSET('Ht4TKfdtfRjfHNKlyh93XP',#6,'OPS_ActivityCodes',$,(#1741,#1742));
#1744=IFCRELDEFINESBYPROPERTIES('7BU1IDfN2t6JYZ5lipIxJT',#6,$,$,(#140),#1743);
#1745=IFCPROPERTYENUMERATEDVALUE('Tower',$,(IFCLABEL('A')),$);
#1746=IFCPROPERTYENUMERATEDVALUE('Discipline',$,(IFCLABEL('STR')),$);
#1747=IFCPROPERTYSET('T3S32L4$KpmXAPw$KDA3b5',#6,'OPS_ActivityCodes',$,(#1745,#1746));
#1748=IFCRELDEFINESBYPROPERTIES('xndzAHfN0BFh6ppnRb6Pht',#6,$,$,(#142),#1747);
#1749=IFCPROPERTYENUMERATEDVALUE('Tower',$,(IFCLABEL('A')),$);
#1750=IFCPROPERTYENUMERATEDVALUE('Discipline',$,(IFCLABEL('STR')),$);
#1751=IFCPROPERTYSET('qNQJ1TGfK9cDeXDHZVFL_Z',#6,'OPS_ActivityCodes',$,(#1749,#1750));
#1752=IFCRELDEFINESBYPROPERTIES('STmvLNev0LzNx5mXmHXp8p',#6,$,$,(#144),#1751);
#1753=IFCPROPERTYENUMERATEDVALUE('Tower',$,(IFCLABEL('A')),$);
#1754=IFCPROPERTYENUMERATEDVALUE('Discipline',$,(IFCLABEL('STR')),$);
#1755=IFCPROPERTYSET('U1$Zyz4$CPaJUfaHVp6jw5',#6,'OPS_ActivityCodes',$,(#1753,#1754));
#1756=IFCRELDEFINESBYPROPERTIES('Apdz27tNqdizzbe1DdaBW7',#6,$,$,(#146),#1755);
#1757=IFCPROPERTYENUMERATEDVALUE('Tower',$,(IFCLABEL('A')),$);
#1758=IFCPROPERTYENUMERATEDVALUE('Discipline',$,(IFCLABEL('STR')),$);
#1759=IFCPROPERTYSET('UzS3AFhl5xHj2DP$SN_ryL',#6,'OPS_ActivityCodes',$,(#1757,#1758));
#1760=IFCRELDEFINESBYPROPERTIES('wndz67sdTp0nrvMHEp6j_3',#6,$,$,(#148),#1759);
#1761=IFCPROPERTYENUMERATEDVALUE('Tower',$,(IFCLABEL('A')),$);
#1762=IFCPROPERTYENUMERATEDVALUE('Discipline',$,(IFCLABEL('STR')),$);
#1763=IFCPROPERTYSET('7Hb1sBtNQXsHdTnV$1zf_$',#6,'OPS_ActivityCodes',$,(#1761,#1762));
#1764=IFCRELDEFINESBYPROPERTIES('lRBVW$VdH1AZbhAlCntzpF',#6,$,$,(#150),#1763);
#1765=IFCPROPERTYENUMERATEDVALUE('Tower',$,(IFCLABEL('A')),$);
#1766=IFCPROPERTYENUMERATEDVALUE('Discipline',$,(IFCLABEL('STR')),$);
#1767=IFCPROPERTYSET('5HrFNHGNsB3Nn7_Frj1J23',#6,'OPS_ActivityCodes',$,(#1765,#1766));
#1768=IFCRELDEFINESBYPROPERTIES('JRRlLJIHBNkPOXhF7V398J',#6,$,$,(#152),#1767);
#1769=IFCPROPERTYENUMERATEDVALUE('Tower',$,(IFCLABEL('A')),$);
#1770=IFCPROPERTYENUMERATEDVALUE('Discipline',$,(IFCLABEL('STR')),$);
#1771=IFCPROPERTYSET('fde$kpVdpRrnPF7$YLXbT9',#6,'OPS_ActivityCodes',$,(#1769,#1770));
#1772=IFCRELDEFINESBYPROPERTIES('1JULxB$7gbJNJX914dOXax',#6,$,$,(#154),#1771);
#1773=IFCPROPERTYENUMERATEDVALUE('Tower',$,(IFCLABEL('A')),$);
#1774=IFCPROPERTYENUMERATEDVALUE('Discipline',$,(IFCLABEL('STR')),$);
#1775=IFCPROPERTYSET('Kvahdxktl$U5XllXhTxXG$',#6,'OPS_ActivityCodes',$,(#1773,#1774));
#1776=IFCRELDEFINESBYPROPERTIES('yJoR0FRnkr$xhzXXUh$x$p',#6,$,$,(#156),#1775);
#1777=IFCPROPERTYENUMERATEDVALUE('Tower',$,(IFCLABEL('A')),$);
#1778=IFCPROPERTYENUMERATEDVALUE('Discipline',$,(IFCLABEL('STR')),$);
#1779=IFCPROPERTYSET('h3nDfD1PT1_R1LoF_5hV0f',#6,'OPS_ActivityCodes',$,(#1777,#1778));
#1780=IFCRELDEFINESBYPROPERTIES('jfeHxhz$Cdib3xqH6twdPv',#6,$,$,(#158),#1779);
#1781=IFCPROPERTYENUMERATEDVALUE('Tower',$,(IFCLABEL('A')),$);
#1782=IFCPROPERTYENUMERATEDVALUE('Discipline',$,(IFCLABEL('STR')),$);
#1783=IFCPROPERTYSET('zFxXOTFdlDOtDTFXlPKxXz',#6,'OPS_ActivityCodes',$,(#1781,#1782));
#1784=IFCRELDEFINESBYPROPERTIES('LTh1_Bu7Y7u7Ab0V5HZ9ab',#6,$,$,(#160),#1783);
#1785=IFCPROPERTYENUMERATEDVALUE('Tower',$,(IFCLABEL('A')),$);
#1786=IFCPROPERTYENUMERATEDVALUE('Discipline',$,(IFCLABEL('STR')),$);
#1787=IFCPROPERTYSET('vHR1kHGfkBPJMrYXvRQ7bb',#6,'OPS_ActivityCodes',$,(#1785,#1786));
#1788=IFCRELDEFINESBYPROPERTIES('HRBXO5_fQ$EBWDjnnfcDSN',#6,$,$,(#162),#1787);
#1789=IFCPROPERTYENUMERATEDVALUE('Tower',$,(IFCLABEL('A')),$);
#1790=IFCPROPERTYENUMERATEDVALUE('Discipline',$,(IFCLABEL('STR')),$);
#1791=IFCPROPERTYSET('qNk5UbM1wTY5JVf$IX$x1J',#6,'OPS_ActivityCodes',$,(#1789,#1790));
#1792=IFCRELDEFINESBYPROPERTIES('aTunRVbXrZaB4N0X1V$5nx',#6,$,$,(#164),#1791);
#1793=IFCPROPERTYENUMERATEDVALUE('Tower',$,(IFCLABEL('A')),$);
#1794=IFCPROPERTYENUMERATEDVALUE('Discipline',$,(IFCLABEL('STR')),$);
#1795=IFCPROPERTYSET('2JcjNHmfQJqZlNSF13m9W7',#6,'OPS_ActivityCodes',$,(#1793,#1794));
#1796=IFCRELDEFINESBYPROPERTIES('cVj7fFqnGZiRPHhFdlT9qT',#6,$,$,(#166),#1795);
#1797=IFCPROPERTYENUMERATEDVALUE('Tower',$,(IFCLABEL('A')),$);
#1798=IFCPROPERTYENUMERATEDVALUE('Discipline',$,(IFCLABEL('STR')),$);
#1799=IFCPROPERTYSET('MzVzY5AdXvBF1hknStAtq3',#6,'OPS_ActivityCodes',$,(#1797,#1798));
#1800=IFCRELDEFINESBYPROPERTIES('ItSzcta1obhHlt0X$XFLgt',#6,$,$,(#168),#1799);
#1801=IFCPROPERTYENUMERATEDVALUE('Tower',$,(IFCLABEL('A')),$);
#1802=IFCPROPERTYENUMERATEDVALUE('Discipline',$,(IFCLABEL('STR')),$);
#1803=IFCPROPERTYSET('_pQf8BmN_fYNnvUn$VNZbV',#6,'OPS_ActivityCodes',$,(#1801,#1802));
#1804=IFCRELDEFINESBYPROPERTIES('Q1NbyVwXt$nL2JRnC3mt0t',#6,$,$,(#170),#1803);
#1805=IFCPROPERTYENUMERATEDVALUE('Tower',$,(IFCLABEL('A')),$);
#1806=IFCPROPERTYENUMERATEDVALUE('Discipline',$,(IFCLABEL('STR')),$);
#1807=IFCPROPERTYSET('f7yBvP3l3TgzPF712t6P$J',#6,'OPS_ActivityCodes',$,(#1805,#1806));
#1808=IFCRELDEFINESBYPROPERTIES('$pMdXNGfijaB0Z7$gHJvpF',#6,$,$,(#172),#1807);
#1809=IFCPROPERTYENUMERATEDVALUE('Tower',$,(IFCLABEL('B')),$);
#1810=IFCPROPERTYENUMERATEDVALUE('Discipline',$,(IFCLABEL('STR')),$);
#1811=IFCPROPERTYSET('xlLHtTPtH$cpi$pFftk$wR',#6,'OPS_ActivityCodes',$,(#1809,#1810));
#1812=IFCRELDEFINESBYPROPERTIES('jb5FVjs1a$XR715lStstO3',#6,$,$,(#174),#1811);
#1813=IFCPROPERTYENUMERATEDVALUE('Tower',$,(IFCLABEL('B')),$);
#1814=IFCPROPERTYENUMERATEDVALUE('Discipline',$,(IFCLABEL('STR')),$);
#1815=IFCPROPERTYSET('nB7Zy$ItthDPy9KnQ7qDm1',#6,'OPS_ActivityCodes',$,(#1813,#1814));
#1816=IFCRELDEFINESBYPROPERTIES('9t_X8jZHZ$EBSdM1XFRFbX',#6,$,$,(#176),#1815);
#1817=IFCPROPERTYENUMERATEDVALUE('Tower',$,(IFCLABEL('B')),$);
#1818=IFCPROPERTYENUMERATEDVALUE('Discipline',$,(IFCLABEL('STR')),$);
#1819=IFCPROPERTYSET('pBXLNp1dLpgnb$lX3l7bX7',#6,'OPS_ActivityCodes',$,(#1817,#1818));
#1820=IFCRELDEFINESBYPROPERTIES('B9MPrziFAht3v$DFdn15Tx',#6,$,$,(#178),#1819);
#1821=IFCPROPERTYENUMERATEDVALUE('Tower',$,(IFCLABEL('B')),$);
#1822=IFCPROPERTYENUMERATEDVALUE('Discipline',$,(IFCLABEL('STR')),$);
#1823=IFCPROPERTYSET('r9Y1In4H33Uf1$v$ElvR3v',#6,'OPS_ActivityCodes',$,(#1821,#1822));
#1824=IFCRELDEFINESBYPROPERTIES('TTGPND79dv872P618r4T1D',#6,$,$,(#180),#1823);
#1825=IFCPROPERTYENUMERATEDVALUE('Tower',$,(IFCLABEL('B')),$);
#1826=IFCPROPERTYENUMERATEDVALUE('Discipline',$,(IFCLABEL('STR')),$);
#1827=IFCPROPERTYSET('UXh1M$tNKjaruHnVFNcpm$',#6,'OPS_ActivityCodes',$,(#1825,#1826));
#1828=IFCRELDEFINESBYPROPERTIES('AJ5Xap2Ngvx1OPw1uBqRll',#6,$,$,(#182),#1827);
#1829=IFCPROPERTYENUMERATEDVALUE('Tower',$,(IFCLABEL('B')),$);
#1830=IFCPROPERTYENUMERATEDVALUE('Discipline',$,(IFCLABEL('STR')),$);
#1831=IFCPROPERTYSET('ORuV0nxFyHbX6J1X4hFhUF',#6,'OPS_ActivityCodes',$,(#1829,#1830));
#1832=IFCRELDEFINESBYPROPERTIES('0nxVqx1PT12bZhwlVjYnlh',#6,$,$,(#184),#1831);
#1833=IFCPROPERTYENUMERATEDVALUE('Tower',$,(IFCLABEL('B')),$);
#1834=IFCPROPERTYENUMERATEDVALUE('Discipline',$,(IFCLABEL('STR')),$);
#1835=IFCPROPERTYSET('8JBFR19NifYNJXlXffoblH',#6,'OPS_ActivityCodes',$,(#1833,#1834));
#1836=IFCRELDEFINESBYPROPERTIES('GvEFJTHdLdyhU9u169cvJ1',#6,$,$,(#186),#1835);
#1837=IFCPROPERTYENUMERATEDVALUE('Tower',$,(IFCLABEL('B')),$);
#1838=IFCPROPERTYENUMERATEDVALUE('Discipline',$,(IFCLABEL('STR')),$);
#1839=IFCPROPERTYSET('mdcjH5VPNx$ZNxalft_lTt',#6,'OPS_ActivityCodes',$,(#1837,#1838));
#1840=IFCRELDEFINESBYPROPERTIES('eR09gXTlp737UNyFZTCpmH',#6,$,$,(#188),#1839);
#1841=IFCPROPERTYENUMERATEDVALUE('Tower',$,(IFCLABEL('B')),$);
#1842=IFCPROPERTYENUMERATEDVALUE('Discipline',$,(IFCLABEL('STR')),$);
#1843=IFCPROPERTYSET('_jsTe3hlZ1gzzRe$mnLVGH',#6,'OPS_ActivityCodes',$,(#1841,#1842));
#1844=IFCRELDEFINESBYPROPERTIES('QXZfyXwXzl0n$hEFwDbn7f',#6,$,$,(#190),#1843);
#1845=IFCPROPERTYENUMERATEDVALUE('Tower',$,(IFCLABEL('B')),$);
#1846=IFCPROPERTYENUMERATEDVALUE('Discipline',$,(IFCLABEL('STR')),$);
#1847=IFCPROPERTYSET('1JwD7hy1OHGXQFnXxnPj23',#6,'OPS_ActivityCodes',$,(#1845,#1846));
#1848=IFCRELDEFINESBYPROPERTIES('dVpdBTW9hPyho1nV7bQ7n1',#6,$,$,(#192),#1847);
#1849=IFCPROPERTYENUMERATEDVALUE('Tower',$,(IFCLABEL('B')),$);
#1850=IFCPROPERTYENUMERATEDVALUE('Discipline',$,(IFCLABEL('STR')),$);
#1851=IFCPROPERTYSET('wFNJ77dtzZAZFvAle52BeL',#6,'OPS_ActivityCodes',$,(#1849,#1850));
#1852=IFCRELDEFINESBYPROPERTIES('kbblDHu7AfBF35ilWfQpyh',#6,$,$,(#194),#1851);
#1853=IFCPROPERTYENUMERATEDVALUE('Tower',$,(IFCLABEL('B')),$);
#1854=IFCPROPERTYENUMERATEDVALUE('Discipline',$,(IFCLABEL('STR')),$);
#1855=IFCPROPERTYSET('W1NRyT097N_tRVrFTz8$E9',#6,'OPS_ActivityCodes',$,(#1853,#1854));
#1856=IFCRELDEFINESBYPROPERTIES('uDFxo$2NYpw$mRu1IXPjcL',#6,$,$,(#196),#1855);
#1857=IFCPROPERTYENUMERATEDVALUE('Tower',$,(IFCLABEL('B')),$);
#1858=IFCPROPERTYENUMERATEDVALUE('Discipline',$,(IFCLABEL('STR')),$);
#1859=IFCPROPERTYSET('L3Nb4zqnufR18FBHn9_HtD',#6,'OPS_ActivityCodes',$,(#1857,#1858));
#1860=IFCRELDEFINESBYPROPERTIES('JfWNexYfmj6JcZf$RVJ7fT',#6,$,$,(#198),#1859);
#1861=IFCPROPERTYENUMERATEDVALUE('Tower',$,(IFCLABEL('B')),$);
#1862=IFCPROPERTYENUMERATEDVALUE('Discipline',$,(IFCLABEL('STR')),$);
#1863=IFCPROPERTYSET('ADtDrTW9zzYNdZP$m1Z9Cn',#6,'OPS_ActivityCodes',$,(#1861,#1862));
#1864=IFCRELDEFINESBYPROPERTIES('EPYLZNnPt$93$rc1oHFZLf',#6,$,$,(#200),#1863);
#1865=IFCPROPERTYENUMERATEDVALUE('Tower',$,(IFCLABEL('B')),$);
#1866=IFCPROPERTYENUMERATEDVALUE('Discipline',$,(IFCLABEL('STR')),$);
#1867=IFCPROPERTYSET('Qb8XyVolhDcXUZrHT307JX',#6,'OPS_ActivityCodes',$,(#1865,#1866));
#1868=IFCRELDEFINESBYPROPERTIES('_FxVOxMPfFfxxbqHEFjvTN',#6,$,$,(#202),#1867);
#1869=IFCPROPERTYENUMERATEDVALUE('Tower',$,(IFCLABEL('B')),$);
#1870=IFCPROPERTYENUMERATEDVALUE('Discipline',$,(IFCLABEL('STR')),$);
#1871=IFCPROPERTYSET('ezlJlRxVV7RVIxO1vVTfs7',#6,'OPS_ActivityCodes',$,(#1869,#1870));
#1872=IFCRELDEFINESBYPROPERTIES('mtKj77P9xHx$WpxlabnTFb',#6,$,$,(#204),#1871);
#1873=IFCPROPERTYENUMERATEDVALUE('Tower',$,(IFCLABEL('B')),$);
#1874=IFCPROPERTYENUMERATEDVALUE('Discipline',$,(IFCLABEL('STR')),$);
#1875=IFCPROPERTYSET('2pgd3PL1sNb1KRKFYdyL65',#6,'OPS_ActivityCodes',$,(#1873,#1874));
#1876=IFCRELDEFINESBYPROPERTIES('c1dLFHV70rnhwDLH3nbnDD',#6,$,$,(#206),#1875);
#1877=IFCPROPERTYENUMERATEDVALUE('Tower',$,(IFCLABEL('B')),$);
#1878=IFCPROPERTYENUMERATEDVALUE('Discipline',$,(IFCLABEL('STR')),$);
#1879=IFCPROPERTYSET('AjDv9$ktdjQp03jllPKxjZ',#6,'OPS_ActivityCodes',$,(#1877,#1878));
#1880=IFCRELDEFINESBYPROPERTIES('E7onVJQVZjaruNynzDszbb',#6,$,$,(#208),#1879);
#1881=IFCPROPERTYENUMERATEDVALUE('Tower',$,(IFCLABEL('B')),$);
#1882=IFCPROPERTYENUMERATEDVALUE('Discipline',$,(IFCLABEL('STR')),$);
#1883=IFCPROPERTYSET('ErfjnLjVTjibZBEXOxszPL',#6,'OPS_ActivityCodes',$,(#1881,#1882));
#1884=IFCRELDEFINESBYPROPERTIES('AfoRSlmfeH87kFhHVJAtGF',#6,$,$,(#210),#1883);
#1885=IFCPROPERTYENUMERATEDVALUE('Tower',$,(IFCLABEL('B')),$);
#1886=IFCPROPERTYENUMERATEDVALUE('Discipline',$,(IFCLABEL('STR')),$);
#1887=IFCPROPERTYSET('nvonl5Xdf51THtWXzFxl3v',#6,'OPS_ActivityCodes',$,(#1885,#1886));
#1888=IFCRELDEFINESBYPROPERTIES('db096v6vUv87Qn$Xs1fhcn',#6,$,$,(#212),#1887);
#1889=IFCPROPERTYENUMERATEDVALUE('Tower',$,(IFCLABEL('B')),$);
#1890=IFCPROPERTYENUMERATEDVALUE('Discipline',$,(IFCLABEL('STR')),$);
#1891=IFCPROPERTYSET('tNwDXNWtf5fx7jnXTZqbzP',#6,'OPS_ActivityCodes',$,(#1889,#1890));
#1892=IFCRELDEFINESBYPROPERTIES('XzCDTNNN0BnLU9e$NfA3j1',#6,$,$,(#214),#1891);
#1893=IFCPROPERTYENUMERATEDVALUE('Tower',$,(IFCLABEL('B')),$);
#1894=IFCPROPERTYENUMERATEDVALUE('Discipline',$,(IFCLABEL('STR')),$);
#1895=IFCPROPERTYSET('9tIlr3KX5xlJMtaFlhnh_Z',#6,'OPS_ActivityCodes',$,(#1893,#1894));
#1896=IFCRELDEFINESBYPROPERTIES('VTuFflOPBtsT1XZlmXNTXZ',#6,$,$,(#216),#1895);
#1897=IFCPROPERTYENUMERATEDVALUE('Tower',$,(IFCLABEL('B')),$);
#1898=IFCPROPERTYENUMERATEDVALUE('Discipline',$,(IFCLABEL('STR')),$);
#1899=IFCPROPERTYSET('9Nkxg$ffQXIPSvYFDL9zXv',#6,'OPS_ActivityCodes',$,(#1897,#1898));
#1900=IFCRELDEFINESBYPROPERTIES('VziRm9S1ArxVEV3HYdSra5',#6,$,$,(#218),#1899);
#1901=IFCPROPERTYENUMERATEDVALUE('Tower',$,(IFCLABEL('B')),$);
#1902=IFCPROPERTYENUMERATEDVALUE('Discipline',$,(IFCLABEL('STR')),$);
#1903=IFCPROPERTYSET('Kbh1ctCFmz0FrPUXfDLVyB',#6,'OPS_ActivityCodes',$,(#1901,#1902));
#1904=IFCRELDEFINESBYPROPERTIES('KdO$Ux2NEFNxbLInabVpyB',#6,$,$,(#220),#1903);
#1905=IFCPROPERTYENUMERATEDVALUE('Tower',$,(IFCLABEL('B')),$);
#1906=IFCPROPERTYENUMERATEDVALUE('Discipline',$,(IFCLABEL('STR')),$);
#1907=IFCPROPERTYSET('exqp$PcXTJyLEL_nD7eVCZ',#6,'OPS_ActivityCodes',$,(#1905,#1906));
#1908=IFCRELDEFINESBYPROPERTIES('0HtpDle7eH0nPnlX5L81o5',#6,$,$,(#222),#1907);
#1909=IFCPROPERTYENUMERATEDVALUE('Tower',$,(IFCLABEL('B')),$);
#1910=IFCPROPERTYENUMERATEDVALUE('Discipline',$,(IFCLABEL('STR')),$);
#1911=IFCPROPERTYSET('f3vB3LiFsfT9V581gHJ7tJ',#6,'OPS_ActivityCodes',$,(#1909,#1910));
#1912=IFCRELDEFINESBYPROPERTIES('HN8FxHNNC3kd49iFc74Ttl',#6,$,$,(#224),#1911);
#1913=IFCPROPERTYENUMERATEDVALUE('Tower',$,(IFCLABEL('B')),$);
#1914=IFCPROPERTYENUMERATEDVALUE('Discipline',$,(IFCLABEL('STR')),$);
#1915=IFCPROPERTYSET('ZTWNiB$72zufRhAlGnhXWP',#6,'OPS_ActivityCodes',$,(#1913,#1914));
#1916=IFCRELDEFINESBYPROPERTIES('5HZNm7UfGZaj6j$VCFFLQL',#6,$,$,(#226),#1915);
#1917=IFCPROPERTYENUMERATEDVALUE('Tower',$,(IFCLABEL('B')),$);
#1918=IFCPROPERTYENUMERATEDVALUE('Discipline',$,(IFCLABEL('STR')),$);
#1919=IFCPROPERTYSET('OZxFR$9NGDcXsxCH_5xl9j',#6,'OPS_ActivityCodes',$,(#1917,#1918));
#1920=IFCRELDEFINESBYPROPERTIES('Gf8nJ3jVb$FLc3pHrJfh6b',#6,$,$,(#228),#1919);
#1921=IFCPROPERTYENUMERATEDVALUE('Tower',$,(IFCLABEL('B')),$);
#1922=IFCPROPERTYENUMERATEDVALUE('Discipline',$,(IFCLABEL('STR')),$);
#1923=IFCPROPERTYSET('Q$VzUN$vI$fTFv_F3F5lTf',#6,'OPS_ActivityCodes',$,(#1921,#1922));
#1924=IFCRELDEFINESBYPROPERTIES('ErvZORUnwZ2R5nLHD78nL9',#6,$,$,(#230),#1923);
#1925=IFCPROPERTYENUMERATEDVALUE('Tower',$,(IFCLABEL('C')),$);
#1926=IFCPROPERTYENUMERATEDVALUE('Discipline',$,(IFCLABEL('STR')),$);
#1927=IFCPROPERTYSET('lfWNWVZHLjsTBJxnYhXR1t',#6,'OPS_ActivityCodes',$,(#1925,#1926));
#1928=IFCRELDEFINESBYPROPERTIES('vh6pLpUfGTiRxlf$cT5VmX',#6,$,$,(#232),#1927);
#1929=IFCPROPERTYENUMERATEDVALUE('Tower',$,(IFCLABEL('C')),$);
#1930=IFCPROPERTYENUMERATEDVALUE('Discipline',$,(IFCLABEL('STR')),$);
#1931=IFCPROPERTYSET('l9CDplmN4Hjf7pZnMrqbPr',#6,'OPS_ActivityCodes',$,(#1929,#1930));
#1932=IFCRELDEFINESBYPROPERTIES('vroFH5Fv_9_RV5WVN96dNV',#6,$,$,(#234),#1931);
#1933=IFCPROPERTYENUMERATEDVALUE('Tower',$,(IFCLABEL('C')),$);
#1934=IFCPROPERTYENUMERATEDVALUE('Discipline',$,(IFCLABEL('STR')),$);
#1935=IFCPROPERTYSET('X34T0HX7utdJA5iFsbMN_V',#6,'OPS_ActivityCodes',$,(#1933,#1934));
#1936=IFCRELDEFINESBYPROPERTIES('7nvZKLJXNxPBqnlXBpLVKX',#6,$,$,(#236),#1935);
#1937=IFCPROPERTYENUMERATEDVALUE('Tower',$,(IFCLABEL('C')),$);
#1938=IFCPROPERTYENUMERATEDVALUE('Discipline',$,(IFCLABEL('STR')),$);
#1939=IFCPROPERTYSET('4lJdNpPtfR3vYzFVnfobjV',#6,'OPS_ActivityCodes',$,(#1937,#1938));
#1940=IFCRELDEFINESBYPROPERTIES('Kx7rFBfN8XAl$X3lIVdJMD',#6,$,$,(#238),#1939);
#1941=IFCPROPERTYENUMERATEDVALUE('Tower',$,(IFCLABEL('C')),$);
#1942=IFCPROPERTYENUMERATEDVALUE('Discipline',$,(IFCLABEL('STR')),$);
#1943=IFCPROPERTYSET('dVZN8pl7u1oBeXZlWtk$_X',#6,'OPS_ActivityCodes',$,(#1941,#1942));
#1944=IFCRELDEFINESBYPROPERTIES('nrdzgVpFQX_9$BoVyh15vf',#6,$,$,(#240),#1943);
#1945=IFCPROPERTYENUMERATEDVALUE('Tower',$,(IFCLABEL('C')),$);
#1946=IFCPROPERTYENUMERATEDVALUE('Discipline',$,(IFCLABEL('STR')),$);
#1947=IFCPROPERTYSET('ErfJ91Qvu$EB4f81LvCbtD',#6,'OPS_ActivityCodes',$,(#1945,#1946));
#1948=IFCRELDEFINESBYPROPERTIES('AfER4T8vgdlJw1bHUBR$61',#6,$,$,(#242),#1947);
#1949=IFCPROPERTYENUMERATEDVALUE('Tower',$,(IFCLABEL('C')),$);
#1950=IFCPROPERTYENUMERATEDVALUE('Discipline',$,(IFCLABEL('STR')),$);
#1951=IFCPROPERTYSET('F7QNi9bnAfxXUtWVJNobfz',#6,'OPS_ActivityCodes',$,(#1949,#1950));
#1952=IFCRELDEFINESBYPROPERTIES('PRe12rW95HLHPT7$UdijQr',#6,$,$,(#244),#1951);
#1953=IFCPROPERTYENUMERATEDVALUE('Tower',$,(IFCLABEL('C')),$);
#1954=IFCPROPERTYENUMERATEDVALUE('Discipline',$,(IFCLABEL('STR')),$);
#1955=IFCPROPERTYSET('up$rRXJFylp9RVhF7XhXW7',#6,'OPS_ActivityCodes',$,(#1953,#1954));
#1956=IFCRELDEFINESBYPROPERTIES('Gd2BPfX7GpYftBc1s$tBuj',#6,$,$,(#246),#1955);
#1957=IFCPROPERTYENUMERATEDVALUE('Tower',$,(IFCLABEL('C')),$);
#1958=IFCPROPERTYENUMERATEDVALUE('Discipline',$,(IFCLABEL('STR')),$);
#1959=IFCPROPERTYSET('4HjdVNedxFfx7jd$rDztS5',#6,'OPS_ActivityCodes',$,(#1957,#1958));
#1960=IFCRELDEFINESBYPROPERTIES('K5vBd9LHvfsl1$FVLP0vXP',#6,$,$,(#248),#1959);
#1961=IFCPROPERTYENUMERATEDVALUE('Tower',$,(IFCLABEL('C')),$);
#1962=IFCPROPERTYENUMERATEDVALUE('Discipline',$,(IFCLABEL('STR')),$);
#1963=IFCPROPERTYSET('ylxV0n5FS1NZ7jVVIVXbfz',#6,'OPS_ActivityCodes',$,(#1961,#1962));
#1964=IFCRELDEFINESBYPROPERTIES('KxXzIjh1srxXAvUFZ3Wd9F',#6,$,$,(#250),#1963);
#1965=IFCPROPERTYENUMERATEDVALUE('Tower',$,(IFCLABEL('C')),$);
#1966=IFCPROPERTYENUMERATEDVALUE('Discipline',$,(IFCLABEL('STR')),$);
#1967=IFCPROPERTYSET('JbL$oVg$Ir1xdZnXZ38nzL',#6,'OPS_ActivityCodes',$,(#1965,#1966));
#1968=IFCRELDEFINESBYPROPERTIES('L7a36zS1sNpPiXd$dnXRvR',#6,$,$,(#252),#1967);
#1969=IFCPROPERTYENUMERATEDVALUE('Tower',$,(IFCLABEL('C')),$);
#1970=IFCPROPERTYENUMERATEDVALUE('Discipline',$,(IFCLABEL('STR')),$);
#1971=IFCPROPERTYSET('9tQNC5Fv_9cDqLgHolH35h',#6,'OPS_ActivityCodes',$,(#1969,#1970));
#1972=IFCRELDEFINESBYPROPERTIES('VZ0tslNfmZSJgN0VzJQ7Vd',#6,$,$,(#254),#1971);
#1973=IFCPROPERTYENUMERATEDVALUE('Tower',$,(IFCLABEL('C')),$);
#1974=IFCPROPERTYENUMERATEDVALUE('Discipline',$,(IFCLABEL('STR')),$);
#1975=IFCPROPERTYSET('SVxF1zyHFluNVl7$fD3tij',#6,'OPS_ActivityCodes',$,(#1973,#1974));
#1976=IFCRELDEFINESBYPROPERTIES('CLhH5Bv9zlu7_DlXD7unFx',#6,$,$,(#256),#1975);
#1977=IFCPROPERTYENUMERATEDVALUE('Tower',$,(IFCLABEL('C')),$);
#1978=IFCPROPERTYENUMERATEDVALUE('Discipline',$,(IFCLABEL('STR')),$);
#1979=IFCPROPERTYSET('DLxXO35ne7x$iXnX3JI$gj',#6,'OPS_ActivityCodes',$,(#1977,#1978));
#1980=IFCRELDEFINESBYPROPERTIES('rfYhPRwV7fUN9LInqZCpWv',#6,$,$,(#258),#1979);
#1981=IFCPROPERTYENUMERATEDVALUE('Tower',$,(IFCLABEL('C')),$);
#1982=IFCPROPERTYENUMERATEDVALUE('Discipline',$,(IFCLABEL('STR')),$);
#1983=IFCPROPERTYSET('CBNJJ3z$WbjNrjLnv1nT7N',#6,'OPS_ActivityCodes',$,(#1981,#1982));
#1984=IFCRELDEFINESBYPROPERTIES('Cfg3cJUFcVMn9t4Fph$5pD',#6,$,$,(#260),#1983);
#1985=IFCPROPERTYENUMERATEDVALUE('Tower',$,(IFCLABEL('C')),$);
#1986=IFCPROPERTYENUMERATEDVALUE('Discipline',$,(IFCLABEL('STR')),$);
#1987=IFCPROPERTYSET('C9A77dB$OFaJYT5HatMf_Z',#6,'OPS_ActivityCodes',$,(#1985,#1986));
#1988=IFCRELDEFINESBYPROPERTIES('SzSLH1tNenSrKRiHODz9m$',#6,$,$,(#262),#1987);
#1989=IFCPROPERTYENUMERATEDVALUE('Tower',$,(IFCLABEL('C')),$);
#1990=IFCPROPERTYENUMERATEDVALUE('Discipline',$,(IFCLABEL('STR')),$);
#1991=IFCPROPERTYSET('e5CpNDd9DxPB03rnBfwj2T',#6,'OPS_ActivityCodes',$,(#1989,#1990));
#1992=IFCRELDEFINESBYPROPERTIES('0l9phDMP$rjvUZRlkZKxlB',#6,$,$,(#264),#1991);
#1993=IFCPROPERTYENUMERATEDVALUE('Tower',$,(IFCLABEL('C')),$);
#1994=IFCPROPERTYENUMERATEDVALUE('Discipline',$,(IFCLABEL('STR')),$);
#1995=IFCPROPERTYSET('ItqxkpVP9BfZ1VRn4LHBqz',#6,'OPS_ActivityCodes',$,(#1993,#1994));
#1996=IFCRELDEFINESBYPROPERTIES('6hQjTbwVbBlrO$9$1Z4TdP',#6,$,$,(#266),#1995);
#1997=IFCPROPERTYENUMERATEDVALUE('Tower',$,(IFCLABEL('C')),$);
#1998=IFCPROPERTYENUMERATEDVALUE('Discipline',$,(IFCLABEL('STR')),$);
#1999=IFCPROPERTYSET('PbGvhNmf6TM3z5Cn8TxV0N',#6,'OPS_ActivityCodes',$,(#1997,#1998));
#2000=IFCRELDEFINESBYPROPERTIES('$Fp7ZR6XV51Thzf$_xLXS9',#6,$,$,(#268),#1999);
#2001=IFCPROPERTYENUMERATEDVALUE('Tower',$,(IFCLABEL('C')),$);
#2002=IFCPROPERTYENUMERATEDVALUE('Discipline',$,(IFCLABEL('STR')),$);
#2003=IFCPROPERTYSET('AJpvppd9lVovUz1XmFTfgj',#6,'OPS_ActivityCodes',$,(#2001,#2002));
#2004=IFCRELDEFINESBYPROPERTIES('EvEnbVB$0BPjgtilCTqpSb',#6,$,$,(#270),#2003);
#2005=IFCPROPERTYENUMERATEDVALUE('Tower',$,(IFCLABEL('C')),$);
#2006=IFCPROPERTYENUMERATEDVALUE('Discipline',$,(IFCLABEL('STR')),$);
#2007=IFCPROPERTYSET('wBkl9ZlP9hT9LN4nj5LV0f',#6,'OPS_ActivityCodes',$,(#2005,#2006));
#2008=IFCRELDEFINESBYPROPERTIES('Y$FpbbDnE5np03JHdhmtij',#6,$,$,(#272),#2007);
#2009=IFCPROPERTYENUMERATEDVALUE('Tower',$,(IFCLABEL('C')),$);
#2010=IFCPROPERTYENUMERATEDVALUE('Discipline',$,(IFCLABEL('STR')),$);
#2011=IFCPROPERTYSET('k5Hjv7$dNlJNDFf1T3eHHH',#6,'OPS_ActivityCodes',$,(#2009,#2010));
#2012=IFCRELDEFINESBYPROPERTIES('g7KjXpEt796j_vknClDP3L',#6,$,$,(#274),#2011);
#2013=IFCPROPERTYENUMERATEDVALUE('Tower',$,(IFCLABEL('C')),$);
#2014=IFCPROPERTYENUMERATEDVALUE('Discipline',$,(IFCLABEL('STR')),$);
#2015=IFCPROPERTYSET('oBfjxF5FS$lruNilurazbR',#6,'OPS_ActivityCodes',$,(#2013,#2014));
#2016=IFCRELDEFINESBYPROPERTIES('sfEbe3pX$rzNhTZFwfgZ$p',#6,$,$,(#276),#2015);
#2017=IFCPROPERTYENUMERATEDVALUE('Tower',$,(IFCLABEL('C')),$);
#2018=IFCPROPERTYENUMERATEDVALUE('Discipline',$,(IFCLABEL('STR')),$);
#2019=IFCPROPERTYSET('_HXL1vAdTD87MhoFEDs3XP',#6,'OPS_ActivityCodes',$,(#2017,#2018));
#2020=IFCRELDEFINESBYPROPERTIES('gTJvtXcVfx9RB7_Fv1l3hp',#6,$,$,(#278),#2019);
#2021=IFCPROPERTYENUMERATEDVALUE('Tower',$,(IFCLABEL('C')),$);
#2022=IFCPROPERTYENUMERATEDVALUE('Discipline',$,(IFCLABEL('STR')),$);
#2023=IFCPROPERTYSET('urAvNlmNmpUNjXHXnxzt4d',#6,'OPS_ActivityCodes',$,(#2021,#2022));
#2024=IFCRELDEFINESBYPROPERTIES('W$vB9XA1eH0nbXRFyPOHv5',#6,$,$,(#280),#2023);
#2025=IFCPROPERTYENUMERATEDVALUE('Tower',$,(IFCLABEL('C')),$);
#2026=IFCPROPERTYENUMERATEDVALUE('Discipline',$,(IFCLABEL('STR')),$);
#2027=IFCPROPERTYSET('ujZNOxw7Q$2RR17$sVjvbR',#6,'OPS_ActivityCodes',$,(#2025,#2026));
#2028=IFCRELDEFINESBYPROPERTIES('m7cNy$Itfx7L_DFVpLdJwV',#6,$,$,(#282),#2027);
#2029=IFCPROPERTYENUMERATEDVALUE('Tower',$,(IFCLABEL('C')),$);
#2030=IFCPROPERTYENUMERATEDVALUE('Discipline',$,(IFCLABEL('STR')),$);
#2031=IFCPROPERTYSET('xHDvdfFP3nyDO7glML81wX',#6,'OPS_ActivityCodes',$,(#2029,#2030));
#2032=IFCRELDEFINESBYPROPERTIES('jRDdjXoH3FqZZt4FvRYFpj',#6,$,$,(#284),#2031);
#2033=IFCPROPERTYENUMERATEDVALUE('Tower',$,(IFCLABEL('C')),$);
#2034=IFCPROPERTYENUMERATEDVALUE('Discipline',$,(IFCLABEL('STR')),$);
#2035=IFCPROPERTYSET('7ljd7ruvUP4ho$f$r9UFbV',#6,'OPS_ActivityCodes',$,(#2033,#2034));
#2036=IFCRELDEFINESBYPROPERTIES('Hbj7v7H7K96j6jf$wJ7RHH',#6,$,$,(#286),#2035);
#2037=IFCPROPERTYENUMERATEDVALUE('Tower',$,(IFCLABEL('C')),$);
#2038=IFCPROPERTYENUMERATEDVALUE('Discipline',$,(IFCLABEL('STR')),$);
#2039=IFCPROPERTYSET('3j_rTxEtPdqx9LgHc3$5VZ',#6,'OPS_ActivityCodes',$,(#2037,#2038));
#2040=IFCRELDEFINESBYPROPERTIES('bVL$IDVP$tFhAbO$iVDPzr',#6,$,$,(#288),#2039);
#2041=IFCPROPERTYENUMERATEDVALUE('Tower',$,(IFCLABEL('GEN')),$);
#2042=IFCPROPERTYENUMERATEDVALUE('Discipline',$,(IFCLABEL('STR')),$);
#2043=IFCPROPERTYSET('xHZN4XYFoRptzxClsRgfUj',#6,'OPS_ActivityCodes',$,(#2041,#2042));
#2044=IFCRELDEFINESBYPROPERTIES('Jbz9gRh$Ar5Vsd61axJ7Ph',#6,$,$,(#292),#2043);
#2045=IFCPROPERTYENUMERATEDVALUE('Tower',$,(IFCLABEL('A')),$);
#2046=IFCPROPERTYENUMERATEDVALUE('Discipline',$,(IFCLABEL('STR')),$);
#2047=IFCPROPERTYSET('I9Cprz4HxlRVE$HXdn$xBv',#6,'OPS_ActivityCodes',$,(#2045,#2046));
#2048=IFCRELDEFINESBYPROPERTIES('6hULtTfN0L5VIbSnzlVDK1',#6,$,$,(#296),#2047);
#2049=IFCPROPERTYENUMERATEDVALUE('Tower',$,(IFCLABEL('A')),$);
#2050=IFCPROPERTYENUMERATEDVALUE('Discipline',$,(IFCLABEL('STR')),$);
#2051=IFCPROPERTYSET('N7KRW$tNG3eP8Ht1mH$JgN',#6,'OPS_ActivityCodes',$,(#2049,#2050));
#2052=IFCRELDEFINESBYPROPERTIES('$pw9634$GZSJAxqnafYLE9',#6,$,$,(#298),#2051);
#2053=IFCPROPERTYENUMERATEDVALUE('Tower',$,(IFCLABEL('A')),$);
#2054=IFCPROPERTYENUMERATEDVALUE('Discipline',$,(IFCLABEL('STR')),$);
#2055=IFCPROPERTYSET('TVblBT09FZg3Th2n1z0719',#6,'OPS_ActivityCodes',$,(#2053,#2054));
#2056=IFCRELDEFINESBYPROPERTIES('BDlRyZmN0rPjc3Bnzj2HdB',#6,$,$,(#300),#2055);
#2057=IFCPROPERTYENUMERATEDVALUE('Tower',$,(IFCLABEL('A')),$);
#2058=IFCPROPERTYENUMERATEDVALUE('Discipline',$,(IFCLABEL('STR')),$);
#2059=IFCPROPERTYSET('aXrVmfW95FHjUZblUhlrat',#6,'OPS_ActivityCodes',$,(#2057,#2058));
#2060=IFCRELDEFINESBYPROPERTIES('qLb$sHXvGzePSJTl8ZJ75h',#6,$,$,(#302),#2059);
#2061=IFCPROPERTYENUMERATEDVALUE('Tower',$,(IFCLABEL('A')),$);
#2062=IFCPROPERTYENUMERATEDVALUE('Discipline',$,(IFCLABEL('STR')),$);
#2063=IFCPROPERTYSET('W$PLzPRVlDO9bVpHxB4LAz',#6,'OPS_ActivityCodes',$,(#2061,#2062));
#2064=IFCRELDEFINESBYPROPERTIES('8p1BT5UNSVxXclRF8BCpql',#6,$,$,(#304),#2063);
#2065=IFCPROPERTYENUMERATEDVALUE('Tower',$,(IFCLABEL('A')),$);
#2066=IFCPROPERTYENUMERATEDVALUE('Discipline',$,(IFCLABEL('STR')),$);
#2067=IFCPROPERTYSET('T1ljxnRFwHm$e$1VQdOHj$',#6,'OPS_ActivityCodes',$,(#2065,#2066));
#2068=IFCRELDEFINESBYPROPERTIES('BjLHXNmfQji3$LUn$VNZRV',#6,$,$,(#306),#2067);
#2069=IFCPROPERTYENUMERATEDVALUE('Tower',$,(IFCLABEL('A')),$);
#2070=IFCPROPERTYENUMERATEDVALUE('Discipline',$,(IFCLABEL('STR')),$);
#2071=IFCPROPERTYSET('0FR$_7Fvk1NTHfKF29wPJZ',#6,'OPS_ActivityCodes',$,(#2069,#2070));
#2072=IFCRELDEFINESBYPROPERTIES('Oz$TexQvmp_tbXbn0d4TdP',#6,$,$,(#308),#2071);
#2073=IFCPROPERTYENUMERATEDVALUE('Tower',$,(IFCLABEL('A')),$);
#2074=IFCPROPERTYENUMERATEDVALUE('Discipline',$,(IFCLABEL('STR')),$);
#2075=IFCPROPERTYSET('Y3SLr3qFCdCT$1v12fQDe3',#6,'OPS_ActivityCodes',$,(#2073,#2074));
#2076=IFCRELDEFINESBYPROPERTIES('6nVLtzT$6Hm1CnP107eH$9',#6,$,$,(#310),#2075);
#2077=IFCPROPERTYENUMERATEDVALUE('Tower',$,(IFCLABEL('A')),$);
#2078=IFCPROPERTYENUMERATEDVALUE('Discipline',$,(IFCLABEL('STR')),$);
#2079=IFCPROPERTYSET('pL5VmNWttB7pmLkFeRAtSx',#6,'OPS_ActivityCodes',$,(#2077,#2078));
#2080=IFCRELDEFINESBYPROPERTIES('BNUhnnxF8$kLQZt1TV93Hl',#6,$,$,(#312),#2079);
#2081=IFCPROPERTYENUMERATEDVALUE('Tower',$,(IFCLABEL('A')),$);
#2082=IFCPROPERTYENUMERATEDVALUE('Discipline',$,(IFCLABEL('STR')),$);
#2083=IFCPROPERTYSET('uBs7J35F0r9zfvwHT$jvJ$',#6,'OPS_ActivityCodes',$,(#2081,#2082));
#2084=IFCRELDEFINESBYPROPERTIES('W1vrh9iXnToB4tSH3lvRVv',#6,$,$,(#314),#2083);
#2085=IFCPROPERTYENUMERATEDVALUE('Tower',$,(IFCLABEL('B')),$);
#2086=IFCPROPERTYENUMERATEDVALUE('Discipline',$,(IFCLABEL('STR')),$);
#2087=IFCPROPERTYSET('IxvrTbs1mZ4DmxSFHh15xl',#6,'OPS_ActivityCodes',$,(#2085,#2086));
#2088=IFCRELDEFINESBYPROPERTIES('M74BhN0t$B5XQlzHkZqp0f',#6,$,$,(#316),#2087);
#2089=IFCPROPERTYENUMERATEDVALUE('Tower',$,(IFCLABEL('B')),$);
#2090=IFCPROPERTYENUMERATEDVALUE('Discipline',$,(IFCLABEL('STR')),$);
#2091=IFCPROPERTYSET('8p$BZR_FCv0njDjnT3unrP',#6,'OPS_ActivityCodes',$,(#2089,#2090));
#2092=IFCRELDEFINESBYPROPERTIES('GP2BnhT1Mvzv6j91mlvRzv',#6,$,$,(#318),#2091);
#2093=IFCPROPERTYENUMERATEDVALUE('Tower',$,(IFCLABEL('B')),$);
#2094=IFCPROPERTYENUMERATEDVALUE('Discipline',$,(IFCLABEL('STR')),$);
#2095=IFCPROPERTYSET('ANQJHbpnc$Uxz7In4rb$IL',#6,'OPS_ActivityCodes',$,(#2093,#2094));
#2096=IFCRELDEFINESBYPROPERTIES('UZG7h9qXPjcD0zRF0P4hsv',#6,$,$,(#320),#2095);
#2097=IFCPROPERTYENUMERATEDVALUE('Tower',$,(IFCLABEL('B')),$);
#2098=IFCPROPERTYENUMERATEDVALUE('Discipline',$,(IFCLABEL('STR')),$);
#2099=IFCPROPERTYSET('JxFprTed197Dql5n_t2HZN',#6,'OPS_ActivityCodes',$,(#2097,#2098));
#2100=IFCRELDEFINESBYPROPERTIES('LP0tU5ot$hFLMNWXlBR1ox',#6,$,$,(#322),#2099);
#2101=IFCPROPERTYENUMERATEDVALUE('Tower',$,(IFCLABEL('B')),$);
#2102=IFCPROPERTYENUMERATEDVALUE('Discipline',$,(IFCLABEL('STR')),$);
#2103=IFCPROPERTYSET('9DXhBZ8dlj4pm5KHqFtzln',#6,'OPS_ActivityCodes',$,(#2101,#2102));
#2104=IFCRELDEFINESBYPROPERTIES('F7MPlXL1AtPJIlN1IzWPh9',#6,$,$,(#324),#2103);
#2105=IFCPROPERTYENUMERATEDVALUE('Tower',$,(IFCLABEL('B')),$);
#2106=IFCPROPERTYENUMERATEDVALUE('Discipline',$,(IFCLABEL('STR')),$);
#2107=IFCPROPERTYSET('6LcJHxH7aBJ7IlN1Yr5XS9',#6,'OPS_ActivityCodes',$,(#2105,#2106));
#2108=IFCRELDEFINESBYPROPERTIES('YXTfGdklZDmX6DTFQzVRRb',#6,$,$,(#326),#2107);
#2109=IFCPROPERTYENUMERATEDVALUE('Tower',$,(IFCLABEL('B')),$);
#2110=IFCPROPERTYENUMERATEDVALUE('Discipline',$,(IFCLABEL('STR')),$);
#2111=IFCPROPERTYSET('6LYLZt31K9gzN7glAbYFlB',#6,'OPS_ActivityCodes',$,(#2109,#2110));
#2112=IFCRELDEFINESBYPROPERTIES('YX5nxnz14lx10zzlMLWP1p',#6,$,$,(#328),#2111);
#2113=IFCPROPERTYENUMERATEDVALUE('Tower',$,(IFCLABEL('B')),$);
#2114=IFCPROPERTYENUMERATEDVALUE('Discipline',$,(IFCLABEL('STR')),$);
#2115=IFCPROPERTYSET('V3ijnhrHv3uvIl91SR1JkP',#6,'OPS_ActivityCodes',$,(#2113,#2114));
#2116=IFCRELDEFINESBYPROPERTIES('vFNjfFqnarJv6$5lWNgT$J',#6,$,$,(#330),#2115);
#2117=IFCPROPERTYENUMERATEDVALUE('Tower',$,(IFCLABEL('B')),$);
#2118=IFCPROPERTYENUMERATEDVALUE('Discipline',$,(IFCLABEL('STR')),$);
#2119=IFCPROPERTYSET('q9U$U9rlb$PJAx4Fh7K5Dj',#6,'OPS_ActivityCodes',$,(#2117,#2118));
#2120=IFCRELDEFINESBYPROPERTIES('az4ZCPzHTjaBGxalhZjv9J',#6,$,$,(#332),#2119);
#2121=IFCPROPERTYENUMERATEDVALUE('Tower',$,(IFCLABEL('B')),$);
#2122=IFCPROPERTYENUMERATEDVALUE('Discipline',$,(IFCLABEL('STR')),$);
#2123=IFCPROPERTYSET('5HrnXJIHtrtzRXBnBNQpe3',#6,'OPS_ActivityCodes',$,(#2121,#2122));
#2124=IFCRELDEFINESBYPROPERTIES('jbbHzv79hjoB89u$w9cv19',#6,$,$,(#334),#2123);
#2125=IFCPROPERTYENUMERATEDVALUE('Tower',$,(IFCLABEL('C')),$);
#2126=IFCPROPERTYENUMERATEDVALUE('Discipline',$,(IFCLABEL('STR')),$);
#2127=IFCPROPERTYSET('xhoby$gP9XBFdF91p7WdLf',#6,'OPS_ActivityCodes',$,(#2125,#2126));
#2128=IFCRELDEFINESBYPROPERTIES('TVL1g5v9zl8vIH$VK$$jAz',#6,$,$,(#336),#2127);
#2129=IFCPROPERTYENUMERATEDVALUE('Tower',$,(IFCLABEL('C')),$);
#2130=IFCPROPERTYENUMERATEDVALUE('Discipline',$,(IFCLABEL('STR')),$);
#2131=IFCPROPERTYSET('2lP36P6XhJEruFzFmX7Du5',#6,'OPS_ActivityCodes',$,(#2129,#2130));
#2132=IFCRELDEFINESBYPROPERTIES('MTrXKrFPTXgFlznXxF9zVd',#6,$,$,(#338),#2131);
#2133=IFCPROPERTYENUMERATEDVALUE('Tower',$,(IFCLABEL('C')),$);
#2134=IFCPROPERTYENUMERATEDVALUE('Discipline',$,(IFCLABEL('STR')),$);
#2135=IFCPROPERTYSET('0HPzU9JVTDG$Kxu1cd07F$',#6,'OPS_ActivityCodes',$,(#2133,#2134));
#2136=IFCRELDEFINESBYPROPERTIES('OTDP3PB$Srpd8tO$RRYFHr',#6,$,$,(#340),#2135);
#2137=IFCPROPERTYENUMERATEDVALUE('Tower',$,(IFCLABEL('C')),$);
#2138=IFCPROPERTYENUMERATEDVALUE('Discipline',$,(IFCLABEL('STR')),$);
#2139=IFCPROPERTYSET('d1VzIF41ifYNT9ynRV5HlF',#6,'OPS_ActivityCodes',$,(#2137,#2138));
#2140=IFCRELDEFINESBYPROPERTIES('nLxVe3xn0rNZPzTHaNEbxB',#6,$,$,(#342),#2139);
#2141=IFCPROPERTYENUMERATEDVALUE('Tower',$,(IFCLABEL('C')),$);
#2142=IFCPROPERTYENUMERATEDVALUE('Discipline',$,(IFCLABEL('STR')),$);
#2143=IFCPROPERTYSET('ynNjrd6XDddr4zt1W9Q7dL',#6,'OPS_ActivityCodes',$,(#2141,#2142));
#2144=IFCRELDEFINESBYPROPERTIES('ib3tQpQ70LLHj1bHgLeXmH',#6,$,$,(#344),#2143);
#2145=IFCPROPERTYENUMERATEDVALUE('Tower',$,(IFCLABEL('C')),$);
#2146=IFCPROPERTYENUMERATEDVALUE('Discipline',$,(IFCLABEL('STR')),$);
#2147=IFCPROPERTYSET('yH39E1sP33gnJJ$VejNhw1',#6,'OPS_ActivityCodes',$,(#2145,#2146));
#2148=IFCRELDEFINESBYPROPERTIES('K5fRuD$dhDo7cT71oFZfsv',#6,$,$,(#346),#2147);
#2149=IFCPROPERTYENUMERATEDVALUE('Tower',$,(IFCLABEL('C')),$);
#2150=IFCPROPERTYENUMERATEDVALUE('Discipline',$,(IFCLABEL('STR')),$);
#2151=IFCPROPERTYSET('V3Cp5rPtzZwjwVFVXFZf_Z',#6,'OPS_ActivityCodes',$,(#2149,#2150));
#2152=IFCRELDEFINESBYPROPERTIES('vntD1dIlFH0FjJN1sV3tSt',#6,$,$,(#348),#2151);
#2153=IFCPROPERTYENUMERATEDVALUE('Tower',$,(IFCLABEL('C')),$);
#2154=IFCPROPERTYENUMERATEDVALUE('Discipline',$,(IFCLABEL('STR')),$);
#2155=IFCPROPERTYSET('ApP3cf8vIhDPytSHjNsz5h',#6,'OPS_ActivityCodes',$,(#2153,#2154));
#2156=IFCRELDEFINESBYPROPERTIES('EPI5ozZ$wHuf3PEVabVDSx',#6,$,$,(#350),#2155);
#2157=IFCPROPERTYENUMERATEDVALUE('Tower',$,(IFCLABEL('C')),$);
#2158=IFCPROPERTYENUMERATEDVALUE('Discipline',$,(IFCLABEL('STR')),$);
#2159=IFCPROPERTYSET('mtC5Y5MdD7rnxF5HqZyZBv',#6,'OPS_ActivityCodes',$,(#2157,#2158));
#2160=IFCRELDEFINESBYPROPERTIES('uLkxUtxn4RhHRLInatI1o9',#6,$,$,(#352),#2159);
#2161=IFCPROPERTYENUMERATEDVALUE('Tower',$,(IFCLABEL('C')),$);
#2162=IFCPROPERTYENUMERATEDVALUE('Discipline',$,(IFCLABEL('STR')),$);
#2163=IFCPROPERTYSET('8B2VOR_FS1NTZtKnUBZ9i1',#6,'OPS_ActivityCodes',$,(#2161,#2162));
#2164=IFCRELDEFINESBYPROPERTIES('W$1TKfldFnqT7JP$HrR1oR',#6,$,$,(#354),#2163);
#2165=IFCPROPERTYENUMERATEDVALUE('Tower',$,(IFCLABEL('GEN')),$);
#2166=IFCPROPERTYENUMERATEDVALUE('Discipline',$,(IFCLABEL('STR')),$);
#2167=IFCPROPERTYSET('ktKjLtyHPJoB0zxn_RXD0t',#6,'OPS_ActivityCodes',$,(#2165,#2166));
#2168=IFCRELDEFINESBYPROPERTIES('wL_BVJwXNF7h2dEXOR6dfV',#6,$,$,(#356),#2167);
#2169=IFCPROPERTYENUMERATEDVALUE('Tower',$,(IFCLABEL('GEN')),$);
#2170=IFCPROPERTYENUMERATEDVALUE('Discipline',$,(IFCLABEL('STR')),$);
#2171=IFCPROPERTYSET('AjBnVDMPlJiRtNWVZ1T9mX',#6,'OPS_ActivityCodes',$,(#2169,#2170));
#2172=IFCRELDEFINESBYPROPERTIES('o7cNiNd9ZJaBOXTHiJUnPv',#6,$,$,(#358),#2171);
#2173=IFCPROPERTYENUMERATEDVALUE('Tower',$,(IFCLABEL('GEN')),$);
#2174=IFCPROPERTYENUMERATEDVALUE('Discipline',$,(IFCLABEL('MEP')),$);
#2175=IFCPROPERTYSET('3lHRqdB1OH87gf0Xhdel1f',#6,'OPS_ActivityCodes',$,(#2173,#2174));
#2176=IFCRELDEFINESBYPROPERTIES('L3txM5ffc$Y5tLknC3eXWv',#6,$,$,(#362),#2175);
#2177=IFCPROPERTYENUMERATEDVALUE('Tower',$,(IFCLABEL('GEN')),$);
#2178=IFCPROPERTYENUMERATEDVALUE('Discipline',$,(IFCLABEL('MEP')),$);
#2179=IFCPROPERTYSET('K7q56Z87wZMzjJlXJtI1_z',#6,'OPS_ActivityCodes',$,(#2177,#2178));
#2180=IFCRELDEFINESBYPROPERTIES('4JYh1d6XflbXcTXXuLmNId',#6,$,$,(#364),#2179);
#2181=IFCPROPERTYENUMERATEDVALUE('Tower',$,(IFCLABEL('GEN')),$);
#2182=IFCPROPERTYENUMERATEDVALUE('Discipline',$,(IFCLABEL('MEP')),$);
#2183=IFCPROPERTYSET('7hMzAHNN4n$ZdTt1vVxlnX',#6,'OPS_ActivityCodes',$,(#2181,#2182));
#2184=IFCRELDEFINESBYPROPERTIES('XVJ7hNWtZpetVR4HxljvVd',#6,$,$,(#366),#2183);
#2185=IFCPROPERTYENUMERATEDVALUE('Tower',$,(IFCLABEL('GEN')),$);
#2186=IFCPROPERTYENUMERATEDVALUE('Discipline',$,(IFCLABEL('MEP')),$);
#2187=IFCPROPERTYSET('5hQJTbYnwHedGx4nvxULsP',#6,'OPS_ActivityCodes',$,(#2185,#2186));
#2188=IFCRELDEFINESBYPROPERTIES('TVZNi9JX1N3Nl9e11TyZFR',#6,$,$,(#368),#2187);
#2189=IFCPROPERTYENUMERATEDVALUE('Tower',$,(IFCLABEL('A')),$);
#2190=IFCPROPERTYENUMERATEDVALUE('Discipline',$,(IFCLABEL('MEP')),$);
#2191=IFCPROPERTYSET('0nTfCRZl5RrFfdQ$k15XqZ',#6,'OPS_ActivityCodes',$,(#2189,#2190));
#2192=IFCRELDEFINESBYPROPERTIES('O395M5nvYP4LUZjnv5QDGn',#6,$,$,(#370),#2191);
#2193=IFCPROPERTYENUMERATEDVALUE('Tower',$,(IFCLABEL('A')),$);
#2194=IFCPROPERTYENUMERATEDVALUE('Discipline',$,(IFCLABEL('MEP')),$);
#2195=IFCPROPERTYSET('1jMzcNeP$Nhlh3d1F5hXyP',#6,'OPS_ActivityCodes',$,(#2193,#2194));
#2196=IFCRELDEFINESBYPROPERTIES('dV39g1v9$hvpCHTlGll3bR',#6,$,$,(#372),#2195);
#2197=IFCPROPERTYENUMERATEDVALUE('Tower',$,(IFCLABEL('A')),$);
#2198=IFCPROPERTYENUMERATEDVALUE('Discipline',$,(IFCLABEL('MEP')),$);
#2199=IFCPROPERTYSET('DLJdH$H78XsH9hgH2Nkxzr',#6,'OPS_ActivityCodes',$,(#2197,#2198));
#2200=IFCRELDEFINESBYPROPERTIES('BfQJDpH7C7OtVRql6jVpGn',#6,$,$,(#374),#2199);
#2201=IFCPROPERTYENUMERATEDVALUE('Tower',$,(IFCLABEL('A')),$);
#2202=IFCPROPERTYENUMERATEDVALUE('Discipline',$,(IFCLABEL('MEP')),$);
#2203=IFCPROPERTYSET('Ibh12dDF_tcDeVjlb1fhoR',#6,'OPS_ActivityCodes',$,(#2201,#2202));
#2204=IFCRELDEFINESBYPROPERTIES('MPO$srnPrTyhInbH_9k1of',#6,$,$,(#376),#2203);
#2205=IFCPROPERTYENUMERATEDVALUE('Tower',$,(IFCLABEL('A')),$);
#2206=IFCPROPERTYENUMERATEDVALUE('Discipline',$,(IFCLABEL('MEP')),$);
#2207=IFCPROPERTYSET('wBA7HRJnOPVzl3719zVRf3',#6,'OPS_ActivityCodes',$,(#2205,#2206));
#2208=IFCRELDEFINESBYPROPERTIES('U17BHRr1el0nB72nbbs9qH',#6,$,$,(#378),#2207);
#2209=IFCPROPERTYENUMERATEDVALUE('Tower',$,(IFCLABEL('A')),$);
#2210=IFCPROPERTYENUMERATEDVALUE('Discipline',$,(IFCLABEL('MEP')),$);
#2211=IFCPROPERTYSET('lxtxQtiVF3Evcnd$CT4h65',#6,'OPS_ActivityCodes',$,(#2209,#2210));
#2212=IFCRELDEFINESBYPROPERTIES('fP09oZv93FypO$t1PnPj_1',#6,$,$,(#380),#2211);
#2213=IFCPROPERTYENUMERATEDVALUE('Tower',$,(IFCLABEL('A')),$);
#2214=IFCPROPERTYENUMERATEDVALUE('Discipline',$,(IFCLABEL('MEP')),$);
#2215=IFCPROPERTYSET('BNEbWV3lnFqTN54lv5cDCT',#6,'OPS_ActivityCodes',$,(#2213,#2214));
#2216=IFCRELDEFINESBYPROPERTIES('T3CDT9T1kLLlL3$XCFFLsv',#6,$,$,(#382),#2215);
#2217=IFCPROPERTYSINGLEVALUE('Critical delivery',$,IFCBOOLEAN(.T.),$);
#2218=IFCPROPERTYSET('HxvrFB$7c$wJ2jbFmVtz9p',#6,'OPS_CustomFields',$,(#2217));
#2219=IFCRELDEFINESBYPROPERTIES('fPm77vF7YPibh90XRVZNYl',#6,$,$,(#384),#2218);
#2220=IFCPROPERTYENUMERATEDVALUE('Tower',$,(IFCLABEL('A')),$);
#2221=IFCPROPERTYENUMERATEDVALUE('Discipline',$,(IFCLABEL('MEP')),$);
#2222=IFCPROPERTYSET('GP2rlxXPLdyD03BFRXpPtn',#6,'OPS_ActivityCodes',$,(#2220,#2221));
#2223=IFCRELDEFINESBYPROPERTIES('OROl3vXdTp0nBdkVs$1jgj',#6,$,$,(#384),#2222);
#2224=IFCPROPERTYENUMERATEDVALUE('Tower',$,(IFCLABEL('A')),$);
#2225=IFCPROPERTYENUMERATEDVALUE('Discipline',$,(IFCLABEL('MEP')),$);
#2226=IFCPROPERTYSET('d1vrdN9NgxPB4T3F0dSBip',#6,'OPS_ActivityCodes',$,(#2224,#2225));
#2227=IFCRELDEFINESBYPROPERTIES('nLjdJ1I9jLfTDnFV9z93Dl',#6,$,$,(#386),#2226);
#2228=IFCPROPERTYENUMERATEDVALUE('Tower',$,(IFCLABEL('B')),$);
#2229=IFCPROPERTYENUMERATEDVALUE('Discipline',$,(IFCLABEL('MEP')),$);
#2230=IFCPROPERTYSET('zJERanyHhPi3v1hHFxpP79',#6,'OPS_ActivityCodes',$,(#2228,#2229));
#2231=IFCRELDEFINESBYPROPERTIES('bXxF9Vs$C7uNbr2XF5r161',#6,$,$,(#388),#2230);
#2232=IFCPROPERTYENUMERATEDVALUE('Tower',$,(IFCLABEL('B')),$);
#2233=IFCPROPERTYENUMERATEDVALUE('Discipline',$,(IFCLABEL('MEP')),$);
#2234=IFCPROPERTYSET('LZL1gRZl3HePGLYFR1truj',#6,'OPS_ActivityCodes',$,(#2232,#2233));
#2235=IFCRELDEFINESBYPROPERTIES('Jt4rdNNN0BnhUtu1tTT9iV',#6,$,$,(#390),#2234);
#2236=IFCPROPERTYENUMERATEDVALUE('Tower',$,(IFCLABEL('B')),$);
#2237=IFCPROPERTYENUMERATEDVALUE('Discipline',$,(IFCLABEL('MEP')),$);
#2238=IFCPROPERTYSET('A9s7tVs$u$gzNP6183HrS5',#6,'OPS_ActivityCodes',$,(#2236,#2237));
#2239=IFCRELDEFINESBYPROPERTIES('U3Sh17sd3zMFjpRHgLOHbR',#6,$,$,(#392),#2238);
#2240=IFCPROPERTYENUMERATEDVALUE('Tower',$,(IFCLABEL('B')),$);
#2241=IFCPROPERTYENUMERATEDVALUE('Discipline',$,(IFCLABEL('MEP')),$);
#2242=IFCPROPERTYSET('7FNjrP6Vp7D9HTZnQ3lB85',#6,'OPS_ActivityCodes',$,(#2240,#2241));
#2243=IFCRELDEFINESBYPROPERTIES('HxFpl11PzHWl5RCFmHXpe3',#6,$,$,(#394),#2242);
#2244=IFCPROPERTYENUMERATEDVALUE('Tower',$,(IFCLABEL('B')),$);
#2245=IFCPROPERTYENUMERATEDVALUE('Discipline',$,(IFCLABEL('MEP')),$);
#2246=IFCPROPERTYSET('kbL1Qfudhjkhs7slmHlz$9',#6,'OPS_ActivityCodes',$,(#2244,#2245));
#2247=IFCRELDEFINESBYPROPERTIES('MPe1ozT1MPnDKX711V93Dn',#6,$,$,(#396),#2246);
#2248=IFCPROPERTYENUMERATEDVALUE('Tower',$,(IFCLABEL('B')),$);
#2249=IFCPROPERTYENUMERATEDVALUE('Discipline',$,(IFCLABEL('MEP')),$);
#2250=IFCPROPERTYSET('L3NROx_NABLHJVVVw9MfIL',#6,'OPS_ActivityCodes',$,(#2248,#2249));
#2251=IFCRELDEFINESBYPROPERTIES('jfWNK9T1Y7e9Th6HBjtBa9',#6,$,$,(#398),#2250);
#2252=IFCPROPERTYENUMERATEDVALUE('Tower',$,(IFCLABEL('B')),$);
#2253=IFCPROPERTYENUMERATEDVALUE('Discipline',$,(IFCLABEL('MEP')),$);
#2254=IFCPROPERTYSET('k9KbaJA$S$7DWJt1OJl3zP',#6,'OPS_ActivityCodes',$,(#2252,#2253));
#2255=IFCRELDEFINESBYPROPERTIES('wh6DlX5XRVhHhZzFC3m9GF',#6,$,$,(#400),#2254);
#2256=IFCPROPERTYSINGLEVALUE('Critical delivery',$,IFCBOOLEAN(.T.),$);
#2257=IFCPROPERTYSET('vlrFVJ_F8fhl$VJHVnztSb',#6,'OPS_CustomFields',$,(#2256));
#2258=IFCRELDEFINESBYPROPERTIES('lbbH3v9fyF9R354Fl7OXKj',#6,$,$,(#402),#2257);
#2259=IFCPROPERTYENUMERATEDVALUE('Tower',$,(IFCLABEL('B')),$);
#2260=IFCPROPERTYENUMERATEDVALUE('Discipline',$,(IFCLABEL('MEP')),$);
#2261=IFCPROPERTYSET('8j3tE$E9Hp0njD3FqZa3Pr',#6,'OPS_ActivityCodes',$,(#2259,#2260));
#2262=IFCRELDEFINESBYPROPERTIES('m769gRZljNxX27AlKX5ljV',#6,$,$,(#402),#2261);
#2263=IFCPROPERTYENUMERATEDVALUE('Tower',$,(IFCLABEL('B')),$);
#2264=IFCPROPERTYENUMERATEDVALUE('Discipline',$,(IFCLABEL('MEP')),$);
#2265=IFCPROPERTYSET('oBHb8JTlF3gnRVjlzJQ79J',#6,'OPS_ActivityCodes',$,(#2263,#2264));
#2266=IFCRELDEFINESBYPROPERTIES('ANg3M1ffIV3fRrkXYLVRBT',#6,$,$,(#404),#2265);
#2267=IFCPROPERTYENUMERATEDVALUE('Tower',$,(IFCLABEL('C')),$);
#2268=IFCPROPERTYENUMERATEDVALUE('Discipline',$,(IFCLABEL('MEP')),$);
#2269=IFCPROPERTYSET('Q5yrBPs1KN6$unhHJtMfsP',#6,'OPS_ActivityCodes',$,(#2267,#2268));
#2270=IFCRELDEFINESBYPROPERTIES('_l$r5nDXBTyDWJ9$4POl75',#6,$,$,(#406),#2269);
#2271=IFCPROPERTYENUMERATEDVALUE('Tower',$,(IFCLABEL('C')),$);
#2272=IFCPROPERTYENUMERATEDVALUE('Discipline',$,(IFCLABEL('MEP')),$);
#2273=IFCPROPERTYSET('WV5FzBOPJLXRzxKnQTR1Up',#6,'OPS_ActivityCodes',$,(#2271,#2272));
#2274=IFCRELDEFINESBYPROPERTIES('8jhll$F7sLXRZrUXtztzn1',#6,$,$,(#408),#2273);
#2275=IFCPROPERTYENUMERATEDVALUE('Tower',$,(IFCLABEL('C')),$);
#2276=IFCPROPERTYENUMERATEDVALUE('Discipline',$,(IFCLABEL('MEP')),$);
#2277=IFCPROPERTYSET('Bp9D$dcVFFyLUNCn0vmNAv',#6,'OPS_ActivityCodes',$,(#2275,#2276));
#2278=IFCRELDEFINESBYPROPERTIES('D7IHhJQXLvGXkx8$ML8$w1',#6,$,$,(#410),#2277);
#2279=IFCPROPERTYENUMERATEDVALUE('Tower',$,(IFCLABEL('C')),$);
#2280=IFCPROPERTYENUMERATEDVALUE('Discipline',$,(IFCLABEL('MEP')),$);
#2281=IFCPROPERTYSET('zjkxY9Bl$fDPmR0VTZi5h9',#6,'OPS_ActivityCodes',$,(#2279,#2280));
#2282=IFCRELDEFINESBYPROPERTIES('RXRlfDF7wlm$0Td1C3uFfX',#6,$,$,(#412),#2281);
#2283=IFCPROPERTYENUMERATEDVALUE('Tower',$,(IFCLABEL('C')),$);
#2284=IFCPROPERTYENUMERATEDVALUE('Discipline',$,(IFCLABEL('MEP')),$);
#2285=IFCPROPERTYSET('G9ahT9RnEH372Pg1B9cvhj',#6,'OPS_ActivityCodes',$,(#2283,#2284));
#2286=IFCRELDEFINESBYPROPERTIES('8LUhX9inEbLHvDrHRV5HBZ',#6,$,$,(#414),#2285);
#2287=IFCPROPERTYENUMERATEDVALUE('Tower',$,(IFCLABEL('C')),$);
#2288=IFCPROPERTYENUMERATEDVALUE('Discipline',$,(IFCLABEL('MEP')),$);
#2289=IFCPROPERTYSET('fP8F9XA$u1ILsRO1uBarCH',#6,'OPS_ActivityCodes',$,(#2287,#2288));
#2290=IFCRELDEFINESBYPROPERTIES('$JIx_hy10BdJ2pnVhdu$Mp',#6,$,$,(#416),#2289);
#2291=IFCPROPERTYENUMERATEDVALUE('Tower',$,(IFCLABEL('C')),$);
#2292=IFCPROPERTYENUMERATEDVALUE('Discipline',$,(IFCLABEL('MEP')),$);
#2293=IFCPROPERTYSET('phxVObEldPSrajhFRRwPtn',#6,'OPS_ActivityCodes',$,(#2291,#2292));
#2294=IFCRELDEFINESBYPROPERTIES('BfUhNDtNCv8vInZnEJ2lnX',#6,$,$,(#418),#2293);
#2295=IFCPROPERTYSINGLEVALUE('Critical delivery',$,IFCBOOLEAN(.T.),$);
#2296=IFCPROPERTYSET('bb8FXpAP$99zxnBH9TZ9K1',#6,'OPS_CustomFields',$,(#2295));
#2297=IFCRELDEFINESBYPROPERTIES('3FrF7vnvM5Nx3dw$8ZZ9yv',#6,$,$,(#420),#2296);
#2298=IFCPROPERTYENUMERATEDVALUE('Tower',$,(IFCLABEL('C')),$);
#2299=IFCPROPERTYENUMERATEDVALUE('Discipline',$,(IFCLABEL('MEP')),$);
#2300=IFCPROPERTYSET('SZ09IFiFAhvp8FxlyPWdb$',#6,'OPS_ActivityCodes',$,(#2298,#2299));
#2301=IFCRELDEFINESBYPROPERTIES('4HztsBnPvNo7cFv$kZix1D',#6,$,$,(#420),#2300);
#2302=IFCPROPERTYENUMERATEDVALUE('Tower',$,(IFCLABEL('C')),$);
#2303=IFCPROPERTYENUMERATEDVALUE('Discipline',$,(IFCLABEL('MEP')),$);
#2304=IFCPROPERTYSET('sjrnXjs$ylTPutO$4rb$QF',#6,'OPS_ActivityCodes',$,(#2302,#2303));
#2305=IFCRELDEFINESBYPROPERTIES('ovQNi931uf3ffbe$Opxl$f',#6,$,$,(#422),#2304);
#2306=IFCPROPERTYENUMERATEDVALUE('Tower',$,(IFCLABEL('A')),$);
#2307=IFCPROPERTYENUMERATEDVALUE('Discipline',$,(IFCLABEL('FIT')),$);
#2308=IFCPROPERTYSET('NTL1oTldh70nThonYrpd1j',#6,'OPS_ActivityCodes',$,(#2306,#2307));
#2309=IFCRELDEFINESBYPROPERTIES('l9SzctSH9VhHdT1Vwpxl3d',#6,$,$,(#426),#2308);
#2310=IFCPROPERTYENUMERATEDVALUE('Tower',$,(IFCLABEL('A')),$);
#2311=IFCPROPERTYENUMERATEDVALUE('Discipline',$,(IFCLABEL('FIT')),$);
#2312=IFCPROPERTYSET('_p2VG9a1cJ4paj3lQz9zPL',#6,'OPS_ActivityCodes',$,(#2310,#2311));
#2313=IFCRELDEFINESBYPROPERTIES('c1$Tyz4HBfIdSPc1QZZt8D',#6,$,$,(#428),#2312);
#2314=IFCPROPERTYENUMERATEDVALUE('Tower',$,(IFCLABEL('A')),$);
#2315=IFCPROPERTYENUMERATEDVALUE('Discipline',$,(IFCLABEL('FIT')),$);
#2316=IFCPROPERTYSET('8LYhbRbVRhLlL3lX5hGtm1',#6,'OPS_ActivityCodes',$,(#2314,#2315));
#2317=IFCRELDEFINESBYPROPERTIES('WXxnDjjn0B$xJX1VeR2Htp',#6,$,$,(#430),#2316);
#2318=IFCPROPERTYENUMERATEDVALUE('Tower',$,(IFCLABEL('A')),$);
#2319=IFCPROPERTYENUMERATEDVALUE('Discipline',$,(IFCLABEL('FIT')),$);
#2320=IFCPROPERTYSET('UVRHFHvthjMzpzxFEjA9yh',#6,'OPS_ActivityCodes',$,(#2318,#2319));
#2321=IFCRELDEFINESBYPROPERTIES('AJrn134lth5Xklv1n9gfcB',#6,$,$,(#432),#2320);
#2322=IFCPROPERTYENUMERATEDVALUE('Tower',$,(IFCLABEL('A')),$);
#2323=IFCPROPERTYENUMERATEDVALUE('Discipline',$,(IFCLABEL('FIT')),$);
#2324=IFCPROPERTYSET('$j_rxlv955PByTjnHdCpKV',#6,'OPS_ActivityCodes',$,(#2322,#2323));
#2325=IFCRELDEFINESBYPROPERTIES('dXL1wPcVZDmXcFnVjxB1cF',#6,$,$,(#434),#2324);
#2326=IFCPROPERTYENUMERATEDVALUE('Tower',$,(IFCLABEL('A')),$);
#2327=IFCPROPERTYENUMERATEDVALUE('Discipline',$,(IFCLABEL('FIT')),$);
#2328=IFCPROPERTYSET('dVj7TbYFcpuvEXplBpjvXv',#6,'OPS_ActivityCodes',$,(#2326,#2327));
#2329=IFCRELDEFINESBYPROPERTIES('FrtD$dkl7TKRHzFVphXbjV',#6,$,$,(#436),#2328);
#2330=IFCPROPERTYENUMERATEDVALUE('Tower',$,(IFCLABEL('A')),$);
#2331=IFCPROPERTYENUMERATEDVALUE('Discipline',$,(IFCLABEL('FIT')),$);
#2332=IFCPROPERTYSET('oLBFnBd9N5V3rvcl3D_ByP',#6,'OPS_ActivityCodes',$,(#2330,#2331));
#2333=IFCRELDEFINESBYPROPERTIES('stcNanS1IVrn1rEVKpYL65',#6,$,$,(#438),#2332);
#2334=IFCPROPERTYENUMERATEDVALUE('Tower',$,(IFCLABEL('A')),$);
#2335=IFCPROPERTYENUMERATEDVALUE('Discipline',$,(IFCLABEL('FIT')),$);
#2336=IFCPROPERTYSET('wh6DdxsPVPV3LtO1Hh7pmF',#6,'OPS_ActivityCodes',$,(#2334,#2335));
#2337=IFCRELDEFINESBYPROPERTIES('UV3tQfuPVbjNdZXVq3uFfV',#6,$,$,(#440),#2336);
#2338=IFCPROPERTYENUMERATEDVALUE('Tower',$,(IFCLABEL('A')),$);
#2339=IFCPROPERTYENUMERATEDVALUE('Discipline',$,(IFCLABEL('FIT')),$);
#2340=IFCPROPERTYSET('gZh$IJJnGZyhkbqnyrb$_Z',#6,'OPS_ActivityCodes',$,(#2338,#2339));
#2341=IFCRELDEFINESBYPROPERTIES('kNe$AHV7WxlJwDhHdHpPjZ',#6,$,$,(#442),#2340);
#2342=IFCPROPERTYENUMERATEDVALUE('Tower',$,(IFCLABEL('B')),$);
#2343=IFCPROPERTYENUMERATEDVALUE('Discipline',$,(IFCLABEL('FIT')),$);
#2344=IFCPROPERTYSET('dbGv5lHPnFq5bh6llLVRln',#6,'OPS_ActivityCodes',$,(#2342,#2343));
#2345=IFCRELDEFINESBYPROPERTIES('1FDvDJzHXP$T5xu$Q3fTZx',#6,$,$,(#444),#2344);
#2346=IFCPROPERTYENUMERATEDVALUE('Tower',$,(IFCLABEL('B')),$);
#2347=IFCPROPERTYENUMERATEDVALUE('Discipline',$,(IFCLABEL('FIT')),$);
#2348=IFCPROPERTYSET('RR09kpPtTJaB0ZHVBpRnv9',#6,'OPS_ActivityCodes',$,(#2346,#2347));
#2349=IFCRELDEFINESBYPROPERTIES('zn39AFhlpv37g9SHPlj7dr',#6,$,$,(#446),#2348);
#2350=IFCPROPERTYENUMERATEDVALUE('Tower',$,(IFCLABEL('B')),$);
#2351=IFCPROPERTYENUMERATEDVALUE('Discipline',$,(IFCLABEL('FIT')),$);
#2352=IFCPROPERTYSET('pBVhLjolt1fZ7DRHITi5$j',#6,'OPS_ActivityCodes',$,(#2350,#2351));
#2353=IFCRELDEFINESBYPROPERTIES('B9gdlXTHJNxVInTFsxQpi1',#6,$,$,(#448),#2352);
#2354=IFCPROPERTYENUMERATEDVALUE('Tower',$,(IFCLABEL('B')),$);
#2355=IFCPROPERTYENUMERATEDVALUE('Discipline',$,(IFCLABEL('FIT')),$);
#2356=IFCPROPERTYSET('2pcf0n5FqPKbN7YF9TJ7Lj',#6,'OPS_ActivityCodes',$,(#2354,#2355));
#2357=IFCRELDEFINESBYPROPERTIES('c1fbC5lvSXpdK1DFhTzfkB',#6,$,$,(#450),#2356);
#2358=IFCPROPERTYENUMERATEDVALUE('Tower',$,(IFCLABEL('B')),$);
#2359=IFCPROPERTYENUMERATEDVALUE('Discipline',$,(IFCLABEL('FIT')),$);
#2360=IFCPROPERTYSET('c$NROzZ1sBxXM9anb5cp4r',#6,'OPS_ActivityCodes',$,(#2358,#2359));
#2361=IFCRELDEFINESBYPROPERTIES('oBF5YRA$Ol8NnPYXRVB$Up',#6,$,$,(#452),#2360);
#2362=IFCPROPERTYENUMERATEDVALUE('Tower',$,(IFCLABEL('B')),$);
#2363=IFCPROPERTYENUMERATEDVALUE('Discipline',$,(IFCLABEL('FIT')),$);
#2364=IFCPROPERTYSET('5rAvlRJF8$2Rzbu$rt2lRb',#6,'OPS_ActivityCodes',$,(#2362,#2363));
#2365=IFCRELDEFINESBYPROPERTIES('T1vrPf1vUpMnNvwHPHBnzr',#6,$,$,(#454),#2364);
#2366=IFCPROPERTYENUMERATEDVALUE('Tower',$,(IFCLABEL('B')),$);
#2367=IFCPROPERTYENUMERATEDVALUE('Discipline',$,(IFCLABEL('FIT')),$);
#2368=IFCPROPERTYSET('LvKRq5ffUPi3TrQ1Mlb1Up',#6,'OPS_ActivityCodes',$,(#2366,#2367));
#2369=IFCRELDEFINESBYPROPERTIES('3D69gX5XfRrndn71sxQpmX',#6,$,$,(#456),#2368);
#2370=IFCPROPERTYENUMERATEDVALUE('Tower',$,(IFCLABEL('B')),$);
#2371=IFCPROPERTYENUMERATEDVALUE('Discipline',$,(IFCLABEL('FIT')),$);
#2372=IFCPROPERTYSET('YVRl7hCVVvx18HnVVHH3Vv',#6,'OPS_ActivityCodes',$,(#2370,#2371));
#2373=IFCRELDEFINESBYPROPERTIES('sJBndNFPP7ufXHN$EnRnrd',#6,$,$,(#458),#2372);
#2374=IFCPROPERTYENUMERATEDVALUE('Tower',$,(IFCLABEL('B')),$);
#2375=IFCPROPERTYENUMERATEDVALUE('Discipline',$,(IFCLABEL('FIT')),$);
#2376=IFCPROPERTYSET('hTxnTbQXthpdSDd$S9MfQh',#6,'OPS_ActivityCodes',$,(#2374,#2375));
#2377=IFCRELDEFINESBYPROPERTIES('JtibeZX7iNMFdnt$$ZazLJ',#6,$,$,(#460),#2376);
#2378=IFCPROPERTYENUMERATEDVALUE('Tower',$,(IFCLABEL('C')),$);
#2379=IFCPROPERTYENUMERATEDVALUE('Discipline',$,(IFCLABEL('FIT')),$);
#2380=IFCPROPERTYSET('LZ39UbElxb5$4tCl_9k1UJ',#6,'OPS_ActivityCodes',$,(#2378,#2379));
#2381=IFCRELDEFINESBYPROPERTIES('j9S36dA$edf5Xn3nGnj7Dl',#6,$,$,(#462),#2380);
#2382=IFCPROPERTYENUMERATEDVALUE('Tower',$,(IFCLABEL('C')),$);
#2383=IFCPROPERTYENUMERATEDVALUE('Discipline',$,(IFCLABEL('FIT')),$);
#2384=IFCPROPERTYSET('fdeHpny1q7G$0T1VUrxXa5',#6,'OPS_ActivityCodes',$,(#2382,#2383));
#2385=IFCRELDEFINESBYPROPERTIES('$jobSpgPbrnLkRql2Rl3tj',#6,$,$,(#464),#2384);
#2386=IFCPROPERTYENUMERATEDVALUE('Tower',$,(IFCLABEL('C')),$);
#2387=IFCPROPERTYENUMERATEDVALUE('Discipline',$,(IFCLABEL('FIT')),$);
#2388=IFCPROPERTYSET('IbDPBzinEHhHVlVX69A94r',#6,'OPS_ActivityCodes',$,(#2386,#2387));
#2389=IFCRELDEFINESBYPROPERTIES('MdGPFn3$eddBCLInyrhlzd',#6,$,$,(#466),#2388);
#2390=IFCPROPERTYENUMERATEDVALUE('Tower',$,(IFCLABEL('C')),$);
#2391=IFCPROPERTYENUMERATEDVALUE('Discipline',$,(IFCLABEL('FIT')),$);
#2392=IFCPROPERTYSET('V1VzMV3lHVYfVFLlXJMfgN',#6,'OPS_ActivityCodes',$,(#2390,#2391));
#2393=IFCRELDEFINESBYPROPERTIES('9JJd93xn45vLMhgHU7OVSb',#6,$,$,(#468),#2392);
#2394=IFCPROPERTYENUMERATEDVALUE('Tower',$,(IFCLABEL('C')),$);
#2395=IFCPROPERTYENUMERATEDVALUE('Discipline',$,(IFCLABEL('FIT')),$);
#2396=IFCPROPERTYSET('prPzEz31aXLlF7QlRVbn7N',#6,'OPS_ActivityCodes',$,(#2394,#2395));
#2397=IFCRELDEFINESBYPROPERTIES('rtU$67k9xFXzBv_FrDxlzv',#6,$,$,(#470),#2396);
#2398=IFCPROPERTYENUMERATEDVALUE('Tower',$,(IFCLABEL('C')),$);
#2399=IFCPROPERTYENUMERATEDVALUE('Discipline',$,(IFCLABEL('FIT')),$);
#2400=IFCPROPERTYSET('0FTfW1F7krXbjD5l0v81gf',#6,'OPS_ActivityCodes',$,(#2398,#2399));
#2401=IFCRELDEFINESBYPROPERTIES('Oz9xoZ9NkXDPu9mVolvbDH',#6,$,$,(#472),#2400);
#2402=IFCPROPERTYENUMERATEDVALUE('Tower',$,(IFCLABEL('C')),$);
#2403=IFCPROPERTYENUMERATEDVALUE('Discipline',$,(IFCLABEL('FIT')),$);
#2404=IFCPROPERTYSET('XzqpJXkHFnSBi$LHXDwj2$',#6,'OPS_ActivityCodes',$,(#2402,#2403));
#2405=IFCRELDEFINESBYPROPERTIES('7F9DfjbX5xnD89WX$TCR9p',#6,$,$,(#474),#2404);
#2406=IFCPROPERTYENUMERATEDVALUE('Tower',$,(IFCLABEL('C')),$);
#2407=IFCPROPERTYENUMERATEDVALUE('Discipline',$,(IFCLABEL('FIT')),$);
#2408=IFCPROPERTYSET('m7_VW1F7YPKzLfKnEjstCz',#6,'OPS_ActivityCodes',$,(#2406,#2407));
#2409=IFCRELDEFINESBYPROPERTIES('e5a3w3ylzzw1unxHmFr1Eb',#6,$,$,(#476),#2408);
#2410=IFCPROPERTYENUMERATEDVALUE('Tower',$,(IFCLABEL('C')),$);
#2411=IFCPROPERTYENUMERATEDVALUE('Discipline',$,(IFCLABEL('FIT')),$);
#2412=IFCPROPERTYSET('nBfjrd2nylx$0zJlnf2BSR',#6,'OPS_ActivityCodes',$,(#2410,#2411));
#2413=IFCRELDEFINESBYPROPERTIES('t9onbXDnUp29Jj1XCTijAz',#6,$,$,(#478),#2412);
#2414=IFCPROPERTYENUMERATEDVALUE('Tower',$,(IFCLABEL('GEN')),$);
#2415=IFCPROPERTYENUMERATEDVALUE('Discipline',$,(IFCLABEL('FIT')),$);
#2416=IFCPROPERTYSET('CBXLxrP9zzIPSpVX83Pjsd',#6,'OPS_ActivityCodes',$,(#2414,#2415));
#2417=IFCRELDEFINESBYPROPERTIES('qNI5o3BHnFi3R1XXaR$J2T',#6,$,$,(#480),#2416);
#2418=IFCPROPERTYENUMERATEDVALUE('Tower',$,(IFCLABEL('GEN')),$);
#2419=IFCPROPERTYENUMERATEDVALUE('Discipline',$,(IFCLABEL('FIT')),$);
#2420=IFCPROPERTYSET('n76t2r8PlDOP8nbHoHfhsP',#6,'OPS_ActivityCodes',$,(#2418,#2419));
#2421=IFCRELDEFINESBYPROPERTIES('PbuXOTFdBZq5tBc$QdunTR',#6,$,$,(#482),#2420);
#2422=IFCPROPERTYENUMERATEDVALUE('Tower',$,(IFCLABEL('GEN')),$);
#2423=IFCPROPERTYENUMERATEDVALUE('Discipline',$,(IFCLABEL('FIT')),$);
#2424=IFCPROPERTYSET('U$7BxnLHXbZdmxSlzHPxtn',#6,'OPS_ActivityCodes',$,(#2422,#2423));
#2425=IFCRELDEFINESBYPROPERTIES('ADVL7BOd5lJNplLFjNQDuj',#6,$,$,(#484),#2424);
#2426=IFCPROPERTYENUMERATEDVALUE('Tower',$,(IFCLABEL('GEN')),$);
#2427=IFCPROPERTYENUMERATEDVALUE('Discipline',$,(IFCLABEL('FIT')),$);
#2428=IFCPROPERTYSET('nBd3IjL1gbjfP3rFdLeXCn',#6,'OPS_ActivityCodes',$,(#2426,#2427));
#2429=IFCRELDEFINESBYPROPERTIES('9tU1AlP9NRbV2pXVKVRnJZ',#6,$,$,(#486),#2428);
#2430=IFCPROPERTYENUMERATEDVALUE('Tower',$,(IFCLABEL('GEN')),$);
#2431=IFCPROPERTYENUMERATEDVALUE('Discipline',$,(IFCLABEL('FIT')),$);
#2432=IFCPROPERTYSET('0lvTK9pVlpedSPc1wjFT3B',#6,'OPS_ActivityCodes',$,(#2430,#2431));
#2433=IFCRELDEFINESBYPROPERTIES('OZjvdtRnsBJvARWVZVnLMj',#6,$,$,(#488),#2432);
#2434=IFCPROPERTYENUMERATEDVALUE('Tower',$,(IFCLABEL('GEN')),$);
#2435=IFCPROPERTYENUMERATEDVALUE('Discipline',$,(IFCLABEL('FIT')),$);
#2436=IFCPROPERTYSET('IbDd3dB$4nXzl3d15BSBaN',#6,'OPS_ActivityCodes',$,(#2434,#2435));
#2437=IFCRELDEFINESBYPROPERTIES('gPmd7rudXxvL6Jf$gLmtyd',#6,$,$,(#490),#2436);
#2438=IFCPROPERTYENUMERATEDVALUE('Tower',$,(IFCLABEL('GEN')),$);
#2439=IFCPROPERTYENUMERATEDVALUE('Discipline',$,(IFCLABEL('FIT')),$);
#2440=IFCPROPERTYSET('W$NbSnKV55f5zPoV4vCpOZ',#6,'OPS_ActivityCodes',$,(#2438,#2439));
#2441=IFCRELDEFINESBYPROPERTIES('uDn5gxdtR$vpibaH9delR5',#6,$,$,(#492),#2440);
#2442=IFCPROPERTYENUMERATEDVALUE('Tower',$,(IFCLABEL('GEN')),$);
#2443=IFCPROPERTYENUMERATEDVALUE('Discipline',$,(IFCLABEL('CIV')),$);
#2444=IFCPROPERTYSET('fZL1IluvQ$wjk5O1VjoXCT',#6,'OPS_ActivityCodes',$,(#2442,#2443));
#2445=IFCRELDEFINESBYPROPERTIES('ltS3Qpw7EbRV61JFb1Vp0t',#6,$,$,(#494),#2444);
#2446=IFCPROPERTYENUMERATEDVALUE('Tower',$,(IFCLABEL('GEN')),$);
#2447=IFCPROPERTYENUMERATEDVALUE('Discipline',$,(IFCLABEL('CIV')),$);
#2448=IFCPROPERTYSET('3H$r3LCF8f3NNRe18BKxTx',#6,'OPS_ActivityCodes',$,(#2446,#2447));
#2449=IFCRELDEFINESBYPROPERTIES('LzPL1PA$OnqxpHJlpBrFf1',#6,$,$,(#496),#2448);
#2450=IFCPROPERTYENUMERATEDVALUE('Tower',$,(IFCLABEL('GEN')),$);
#2451=IFCPROPERTYENUMERATEDVALUE('Discipline',$,(IFCLABEL('MEP')),$);
#2452=IFCPROPERTYSET('o7AvPtpXJtHrWj71fJHzbx',#6,'OPS_ActivityCodes',$,(#2450,#2451));
#2453=IFCRELDEFINESBYPROPERTIES('cxShlXRXjfZ9nJDlpPKJMt',#6,$,$,(#498),#2452);
#2454=IFCPROPERTYENUMERATEDVALUE('Tower',$,(IFCLABEL('GEN')),$);
#2455=IFCPROPERTYENUMERATEDVALUE('Discipline',$,(IFCLABEL('MEP')),$);
#2456=IFCPROPERTYSET('7FHbaHO7ev51a72nPFNTFx',#6,'OPS_ActivityCodes',$,(#2454,#2455));
#2457=IFCRELDEFINESBYPROPERTIES('l5txcpgPbr7p03JHFfMZ9n',#6,$,$,(#500),#2456);
#2458=IFCPROPERTYENUMERATEDVALUE('Tower',$,(IFCLABEL('GEN')),$);
#2459=IFCPROPERTYENUMERATEDVALUE('Discipline',$,(IFCLABEL('MEP')),$);
#2460=IFCPROPERTYSET('GtKRK9bn_387QnFXJRl3zP',#6,'OPS_ActivityCodes',$,(#2458,#2459));
#2461=IFCRELDEFINESBYPROPERTIES('8LERupv97N6$Sd_Vhzt3tD',#6,$,$,(#502),#2460);
#2462=IFCPROPERTYENUMERATEDVALUE('Tower',$,(IFCLABEL('GEN')),$);
#2463=IFCPROPERTYENUMERATEDVALUE('Discipline',$,(IFCLABEL('MEP')),$);
#2464=IFCPROPERTYSET('DLz9knKFYv8v_PYVbVj7ln',#6,'OPS_ActivityCodes',$,(#2462,#2463));
#2465=IFCRELDEFINESBYPROPERTIES('rfATSDMPLD_tHzv$rNwjch',#6,$,$,(#504),#2464);
#2466=IFCPROPERTYENUMERATEDVALUE('Tower',$,(IFCLABEL('GEN')),$);
#2467=IFCPROPERTYENUMERATEDVALUE('Discipline',$,(IFCLABEL('MEP')),$);
#2468=IFCPROPERTYSET('BJJdvBWtxHptJp5HG1Ttyv',#6,'OPS_ActivityCodes',$,(#2466,#2467));
#2469=IFCRELDEFINESBYPROPERTIES('DPsTG7AdtBXbRXbnqZKxlB',#6,$,$,(#506),#2468);
#2470=IFCPROPERTYENUMERATEDVALUE('Tower',$,(IFCLABEL('GEN')),$);
#2471=IFCPROPERTYENUMERATEDVALUE('Discipline',$,(IFCLABEL('MEP')),$);
#2472=IFCPROPERTYSET('h3PL1PIl$9HBCFd$8hu$Mj',#6,'OPS_ActivityCodes',$,(#2470,#2471));
#2473=IFCRELDEFINESBYPROPERTIES('jNmd5hJXRV3NNxinAbEXer',#6,$,$,(#508),#2472);
#2474=IFCPROPERTYENUMERATEDVALUE('Tower',$,(IFCLABEL('GEN')),$);
#2475=IFCPROPERTYENUMERATEDVALUE('Discipline',$,(IFCLABEL('FIT')),$);
#2476=IFCPROPERTYSET('AJBFXpUf8VYNNRGX4hXRZ9',#6,'OPS_ActivityCodes',$,(#2474,#2475));
#2477=IFCRELDEFINESBYPROPERTIES('EvcNKflPHXkPyznVvxI5dv',#6,$,$,(#510),#2476);
#2478=IFCPROPERTYENUMERATEDVALUE('Tower',$,(IFCLABEL('GEN')),$);
#2479=IFCPROPERTYENUMERATEDVALUE('Discipline',$,(IFCLABEL('MEP')),$);
#2480=IFCPROPERTYSET('jRBXSj_FWxHJs7UnrNgTpj',#6,'OPS_ActivityCodes',$,(#2478,#2479));
#2481=IFCRELDEFINESBYPROPERTIES('LvyZ8DHv81ErmxanftYnZR',#6,$,$,(#512),#2480);
#2482=IFCPROPERTYENUMERATEDVALUE('Tower',$,(IFCLABEL('GEN')),$);
#2483=IFCPROPERTYENUMERATEDVALUE('Discipline',$,(IFCLABEL('MEP')),$);
#2484=IFCPROPERTYSET('$HVLDHW9nFCx3dkX_blzHF',#6,'OPS_ActivityCodes',$,(#2482,#2483));
#2485=IFCRELDEFINESBYPROPERTIES('fzvrpJbVNFfx55GXkV15NX',#6,$,$,(#514),#2484);
#2486=IFCPROPERTYENUMERATEDVALUE('Tower',$,(IFCLABEL('GEN')),$);
#2487=IFCPROPERTYENUMERATEDVALUE('Discipline',$,(IFCLABEL('MEP')),$);
#2488=IFCPROPERTYSET('ST8XSpAPX7rFjj91exsz75',#6,'OPS_ActivityCodes',$,(#2486,#2487));
#2489=IFCRELDEFINESBYPROPERTIES('yHxVWV5XfxHJIbyFRXpPVz',#6,$,$,(#516),#2488);
#2490=IFCPROPERTYENUMERATEDVALUE('Tower',$,(IFCLABEL('GEN')),$);
#2491=IFCPROPERTYENUMERATEDVALUE('Discipline',$,(IFCLABEL('CIV')),$);
#2492=IFCPROPERTYSET('ynvZeRElpdPrKXXXopQDub',#6,'OPS_ActivityCodes',$,(#2490,#2491));
#2493=IFCRELDEFINESBYPROPERTIES('iRJ7bV3ljhnhA5Kly7S3pn',#6,$,$,(#518),#2492);
#2494=IFCPROPERTYENUMERATEDVALUE('Tower',$,(IFCLABEL('GEN')),$);
#2495=IFCPROPERTYENUMERATEDVALUE('Discipline',$,(IFCLABEL('CIV')),$);
#2496=IFCPROPERTYSET('PVDPpnS$UdqTnvcH11Ddr7',#6,'OPS_ActivityCodes',$,(#2494,#2495));
#2497=IFCRELDEFINESBYPROPERTIES('nrNJzLSlTXcXYzlVzlVDql',#6,$,$,(#520),#2496);
#2498=IFCPROPERTYENUMERATEDVALUE('Tower',$,(IFCLABEL('GEN')),$);
#2499=IFCPROPERTYENUMERATEDVALUE('Discipline',$,(IFCLABEL('CIV')),$);
#2500=IFCPROPERTYSET('c$1Z8j3H5Hx1ap$XIZyh61',#6,'OPS_ActivityCodes',$,(#2498,#2499));
#2501=IFCRELDEFINESBYPROPERTIES('ord3_ha$UDIPajBFzJYnzB',#6,$,$,(#522),#2500);
#2502=IFCPROPERTYENUMERATEDVALUE('Tower',$,(IFCLABEL('GEN')),$);
#2503=IFCPROPERTYENUMERATEDVALUE('Discipline',$,(IFCLABEL('CIV')),$);
#2504=IFCPROPERTYSET('IfuXuJbXljKRXx0V5lBn$J',#6,'OPS_ActivityCodes',$,(#2502,#2503));
#2505=IFCRELDEFINESBYPROPERTIES('6BAvt1UfCZg3ZBA1BJtrK1',#6,$,$,(#524),#2504);
#2506=IFCPROPERTYENUMERATEDVALUE('Tower',$,(IFCLABEL('GEN')),$);
#2507=IFCPROPERTYENUMERATEDVALUE('Discipline',$,(IFCLABEL('CIV')),$);
#2508=IFCPROPERTYSET('qBfJpjpngRZdO1lX7$P5Bv',#6,'OPS_ActivityCodes',$,(#2506,#2507));
#2509=IFCRELDEFINESBYPROPERTIES('qfM3wziFYDQXUzFVXFxlRb',#6,$,$,(#526),#2508);
#2510=IFCPROPERTYENUMERATEDVALUE('Tower',$,(IFCLABEL('GEN')),$);
#2511=IFCPROPERTYENUMERATEDVALUE('Discipline',$,(IFCLABEL('CIV')),$);
#2512=IFCPROPERTYSET('8DNJ1Z091hHBChIFm1jvll',#6,'OPS_ActivityCodes',$,(#2510,#2511));
#2513=IFCRELDEFINESBYPROPERTIES('GdQjfH097Nw1KbClARMNsP',#6,$,$,(#528),#2512);
#2514=IFCPROPERTYENUMERATEDVALUE('Tower',$,(IFCLABEL('GEN')),$);
#2515=IFCPROPERTYENUMERATEDVALUE('Discipline',$,(IFCLABEL('CIV')),$);
#2516=IFCPROPERTYSET('1DcNORQV9L3NBJRFSbNhEt',#6,'OPS_ActivityCodes',$,(#2514,#2515));
#2517=IFCRELDEFINESBYPROPERTIES('d1fRalGNcX6$aDVXqn7Dyv',#6,$,$,(#530),#2516);
#2518=IFCPROPERTYENUMERATEDVALUE('Tower',$,(IFCLABEL('GEN')),$);
#2519=IFCPROPERTYENUMERATEDVALUE('Discipline',$,(IFCLABEL('CIV')),$);
#2520=IFCPROPERTYSET('8pd3_L41i9g3zRe$Hh$xf1',#6,'OPS_ActivityCodes',$,(#2518,#2519));
#2521=IFCRELDEFINESBYPROPERTIES('GPg3gXTlbh3NtrIX29s9qT',#6,$,$,(#532),#2520);
#2522=IFCPROPERTYENUMERATEDVALUE('Tower',$,(IFCLABEL('GEN')),$);
#2523=IFCPROPERTYENUMERATEDVALUE('Discipline',$,(IFCLABEL('CIV')),$);
#2524=IFCPROPERTYSET('tfIxY5E9Z1_bN72FxrCDmV',#6,'OPS_ActivityCodes',$,(#2522,#2523));
#2525=IFCRELDEFINESBYPROPERTIES('V3KRuD79TV2tL9e1eR6dpD',#6,$,$,(#534),#2524);
#2526=IFCPROPERTYENUMERATEDVALUE('Tower',$,(IFCLABEL('GEN')),$);
#2527=IFCPROPERTYENUMERATEDVALUE('Discipline',$,(IFCLABEL('CIV')),$);
#2528=IFCPROPERTYSET('I9azU5YfSVDPO7sHyv4h6$',#6,'OPS_ActivityCodes',$,(#2526,#2527));
#2529=IFCRELDEFINESBYPROPERTIES('6hk5_PB1KJK3jDrHxnlBmn',#6,$,$,(#536),#2528);
#2530=IFCPROPERTYENUMERATEDVALUE('Tower',$,(IFCLABEL('GEN')),$);
#2531=IFCPROPERTYENUMERATEDVALUE('Discipline',$,(IFCLABEL('CIV')),$);
#2532=IFCPROPERTYSET('jfm7TbUFYDkdaDv1ElH3bb',#6,'OPS_ActivityCodes',$,(#2530,#2531));
#2533=IFCRELDEFINESBYPROPERTIES('xLAZmfGN6ZYxxxWVLzdjIv',#6,$,$,(#538),#2532);
#2534=IFCPROPERTYENUMERATEDVALUE('Tower',$,(IFCLABEL('GEN')),$);
#2535=IFCPROPERTYENUMERATEDVALUE('Discipline',$,(IFCLABEL('FIT')),$);
#2536=IFCPROPERTYSET('nBXLvhqV$NzfLZ3FyhlB85',#6,'OPS_ActivityCodes',$,(#2534,#2535));
#2537=IFCRELDEFINESBYPROPERTIES('9tMPLDcvmp61qlbn8hWdb1',#6,$,$,(#540),#2536);
#2538=IFCPROPERTYENUMERATEDVALUE('Tower',$,(IFCLABEL('A')),$);
#2539=IFCPROPERTYENUMERATEDVALUE('Discipline',$,(IFCLABEL('FIT')),$);
#2540=IFCPROPERTYSET('PVxnTbM1oRrFL98$dB4hkr',#6,'OPS_ActivityCodes',$,(#2538,#2539));
#2541=IFCRELDEFINESBYPROPERTIES('Frn56TmNufrFjDBl3jAtyr',#6,$,$,(#542),#2540);
#2542=IFCPROPERTYENUMERATEDVALUE('Tower',$,(IFCLABEL('B')),$);
#2543=IFCPROPERTYENUMERATEDVALUE('Discipline',$,(IFCLABEL('FIT')),$);
#2544=IFCPROPERTYSET('ypA7FBd9$fhHnPM$vxwJkh',#6,'OPS_ActivityCodes',$,(#2542,#2543));
#2545=IFCRELDEFINESBYPROPERTIES('S1vrH5XdnnCZ1XTlO5IxjT',#6,$,$,(#544),#2544);
#2546=IFCPROPERTYENUMERATEDVALUE('Tower',$,(IFCLABEL('C')),$);
#2547=IFCPROPERTYENUMERATEDVALUE('Discipline',$,(IFCLABEL('FIT')),$);
#2548=IFCPROPERTYSET('jf8n5l17Mbjf7jv1RXz9q3',#6,'OPS_ActivityCodes',$,(#2546,#2547));
#2549=IFCRELDEFINESBYPROPERTIES('xh_rHxXd33gnrPA$HhNTJ3',#6,$,$,(#546),#2548);
#2550=IFCPROPERTYENUMERATEDVALUE('Tower',$,(IFCLABEL('GEN')),$);
#2551=IFCPROPERTYENUMERATEDVALUE('Discipline',$,(IFCLABEL('FIT')),$);
#2552=IFCPROPERTYSET('vnfjFrdttLzNzP2XdFVbDH',#6,'OPS_ActivityCodes',$,(#2550,#2551));
#2553=IFCRELDEFINESBYPROPERTIES('HxFp3v7tjtNTJX7$fpTNQl',#6,$,$,(#548),#2552);
#2554=IFCPROPERTYENUMERATEDVALUE('Tower',$,(IFCLABEL('GEN')),$);
#2555=IFCPROPERTYENUMERATEDVALUE('Discipline',$,(IFCLABEL('FIT')),$);
#2556=IFCPROPERTYSET('1nrFnLxFybhH3d2V5BqRTt',#6,'OPS_ActivityCodes',$,(#2554,#2555));
#2557=IFCRELDEFINESBYPROPERTIES('NZbHDlW9nnyhcHRn4dWdJz',#6,$,$,(#550),#2556);
#2558=IFCPROPERTYENUMERATEDVALUE('Tower',$,(IFCLABEL('GEN')),$);
#2559=IFCPROPERTYENUMERATEDVALUE('Discipline',$,(IFCLABEL('FIT')),$);
#2560=IFCPROPERTYSET('Bf6DB341yxljAb0X5nvD47',#6,'OPS_ActivityCodes',$,(#2558,#2559));
#2561=IFCRELDEFINESBYPROPERTIES('Z3SL1d6VznC51$d1WtI1ER',#6,$,$,(#552),#2560);
#2562=IFCPROPERTYENUMERATEDVALUE('Tower',$,(IFCLABEL('GEN')),$);
#2563=IFCPROPERTYENUMERATEDVALUE('Discipline',$,(IFCLABEL('FIT')),$);
#2564=IFCPROPERTYSET('7lDv9X2nGZqxdZv$IZaBWd',#6,'OPS_ActivityCodes',$,(#2562,#2563));
#2565=IFCRELDEFINESBYPROPERTIES('HRDPJ1I9L7G$Sjpl5BSzZN',#6,$,$,(#554),#2564);
#2566=IFCPROPERTYENUMERATEDVALUE('Tower',$,(IFCLABEL('GEN')),$);
#2567=IFCPROPERTYENUMERATEDVALUE('Discipline',$,(IFCLABEL('FIT')),$);
#2568=IFCPROPERTYSET('sNg3g1XPJhfTZ9yHxlxVmH',#6,'OPS_ActivityCodes',$,(#2566,#2567));
#2569=IFCRELDEFINESBYPROPERTIES('YT0tYxk9djEravMHYh$xF5',#6,$,$,(#556),#2568);
#2570=IFCPROPERTYENUMERATEDVALUE('Tower',$,(IFCLABEL('GEN')),$);
#2571=IFCPROPERTYENUMERATEDVALUE('Discipline',$,(IFCLABEL('FIT')),$);
#2572=IFCPROPERTYSET('Y3CxIHOPzZ6Js7gl6j$jYD',#6,'OPS_ActivityCodes',$,(#2570,#2571));
#2573=IFCRELDEFINESBYPROPERTIES('6nFxcj2nW5ljELcHFNI5ZR',#6,$,$,(#558),#2572);
#2574=IFCPROPERTYENUMERATEDVALUE('Tower',$,(IFCLABEL('GEN')),$);
#2575=IFCPROPERTYENUMERATEDVALUE('Discipline',$,(IFCLABEL('CIV')),$);
#2576=IFCPROPERTYSET('nrd3YRQXhPSjEr_VZ$BFb1',#6,'OPS_ActivityCodes',$,(#2574,#2575));
#2577=IFCRELDEFINESBYPROPERTIES('dVJ75H79fHTde7UnF9oViV',#6,$,$,(#560),#2576);
#2578=IFCPROPERTYSINGLEVALUE('ConstraintType',$,IFCLABEL('MSO'),$);
#2579=IFCPROPERTYSINGLEVALUE('ConstraintDate',$,IFCDATE('2027-03-11'),$);
#2580=IFCPROPERTYSINGLEVALUE('Hard',$,IFCBOOLEAN(.T.),$);
#2581=IFCPROPERTYSET('U1Xzg1lvCTg39t4FzpI59H',#6,'OPS_Constraints',$,(#2578,#2579,#2580));
#2582=IFCRELDEFINESBYPROPERTIES('xLAZ8hS$wlOtTrQ1oD6JIh',#6,$,$,(#50),#2581);
#2583=IFCPROPERTYSINGLEVALUE('ConstraintType2',$,IFCLABEL('SNLT'),$);
#2584=IFCPROPERTYSINGLEVALUE('ConstraintDate2',$,IFCDATE('2028-04-24'),$);
#2585=IFCPROPERTYSET('ujjPjX_FCPCT3voFgrCp0t',#6,'OPS_Constraints',$,(#2583,#2584));
#2586=IFCRELDEFINESBYPROPERTIES('V1nDxhJVPjIh_pHV71fLgf',#6,$,$,(#384),#2585);
#2587=IFCPROPERTYSINGLEVALUE('Deadline',$,IFCDATE('2029-04-23'),$);
#2588=IFCPROPERTYSET('V3SLT9xFWxVzNv2n$3unxn',#6,'OPS_Constraints',$,(#2587));
#2589=IFCRELDEFINESBYPROPERTIES('uBkHJVYFALtzxnpFfNMT9F',#6,$,$,(#554),#2588);
#2590=IFCPROPERTYSINGLEVALUE('Links',$,IFCTEXT('[{"direction":"predecessor","relType":"FS","lagDays":0,"anchorDate":"2027-04-06","sourceRef":{"projectId":"proj-mssof7wbl2t419","projectName":"Site Works Subcontractor","taskId":"task-mssof7wcfakt27","taskName":"Site ready for main contractor paving","filePath":"examples/showcase-groot-terrein-onderaannemer.ifc"},"sourceMissing":true,"id":"extlink-mssof9fkg7uf604"}]'),$);
#2591=IFCPROPERTYSET('znp7H5dtDRrnrdoVORs9CH',#6,'OPS_ExternalLink',$,(#2590));
#2592=IFCRELDEFINESBYPROPERTIES('AJDvJzDV7NIdaJ5nMrSzb5',#6,$,$,(#526),#2591);
#2593=IFCPROPERTYSINGLEVALUE('IsHammock',$,IFCBOOLEAN(.T.),$);
#2594=IFCPROPERTYSET('BD$Bnr9f6nKzZrYXNpr1_X',#6,'OPS_Hammock',$,(#2593));
#2595=IFCRELDEFINESBYPROPERTIES('a1Hj1zKVflptLfClgLGfMD',#6,$,$,(#290),#2594);
#2596=IFCPROPERTYSINGLEVALUE('MilestoneKind',$,IFCLABEL('START'),$);
#2597=IFCPROPERTYSET('cVpPlXL$_3u7ghoFYLXRlF',#6,'OPS_Milestone',$,(#2596));
#2598=IFCRELDEFINESBYPROPERTIES('JRxnrdg$MbjN3P61eJ1JYj',#6,$,$,(#42),#2597);
#2599=IFCPROPERTYSINGLEVALUE('MilestoneKind',$,IFCLABEL('FINISH'),$);
#2600=IFCPROPERTYSINGLEVALUE('Mandatory',$,IFCBOOLEAN(.T.),$);
#2601=IFCPROPERTYSET('QXTfOx_N6HedWjFXJ5bn5F',#6,'OPS_Milestone',$,(#2599,#2600));
#2602=IFCRELDEFINESBYPROPERTIES('JbL$kn4$ynvhEXBnntYFh9',#6,$,$,(#60),#2601);
#2603=IFCPROPERTYSINGLEVALUE('MilestoneKind',$,IFCLABEL('FINISH'),$);
#2604=IFCPROPERTYSINGLEVALUE('Mandatory',$,IFCBOOLEAN(.T.),$);
#2605=IFCPROPERTYSET('RbuVyTW9xl37AbO$xhGfkv',#6,'OPS_Milestone',$,(#2603,#2604));
#2606=IFCRELDEFINESBYPROPERTIES('Y1PLNjxXBN61qnHXD7WP3B',#6,$,$,(#110),#2605);
#2607=IFCPROPERTYSINGLEVALUE('MilestoneKind',$,IFCLABEL('FINISH'),$);
#2608=IFCPROPERTYSET('j9qxALjVp5NxNRe1GV$xzh',#6,'OPS_Milestone',$,(#2607));
#2609=IFCRELDEFINESBYPROPERTIES('cRWNujzlVvZPWD5lafQp09',#6,$,$,(#172),#2608);
#2610=IFCPROPERTYSINGLEVALUE('MilestoneKind',$,IFCLABEL('FINISH'),$);
#2611=IFCPROPERTYSET('U1nDd5MPVb5$SJTlS9YnfX',#6,'OPS_Milestone',$,(#2610));
#2612=IFCRELDEFINESBYPROPERTIES('N3ljzhy1WRbXsxylTZqRZN',#6,$,$,(#230),#2611);
#2613=IFCPROPERTYSINGLEVALUE('MilestoneKind',$,IFCLABEL('FINISH'),$);
#2614=IFCPROPERTYSET('7h2rR1tNGDkd4fe$ORc7FV',#6,'OPS_Milestone',$,(#2613));
#2615=IFCRELDEFINESBYPROPERTIES('0H9DXNev8XMFX50VxHR$6x',#6,$,$,(#288),#2614);
#2616=IFCPROPERTYSINGLEVALUE('MilestoneKind',$,IFCLABEL('FINISH'),$);
#2617=IFCPROPERTYSINGLEVALUE('Mandatory',$,IFCBOOLEAN(.T.),$);
#2618=IFCPROPERTYSET('T$95gx$Pxbp9njbFqnFhkB',#6,'OPS_Milestone',$,(#2616,#2617));
#2619=IFCRELDEFINESBYPROPERTIES('gz$ZaJA$uVgnBPg$3pYL6b',#6,$,$,(#386),#2618);
#2620=IFCPROPERTYSINGLEVALUE('MilestoneKind',$,IFCLABEL('FINISH'),$);
#2621=IFCPROPERTYSINGLEVALUE('Mandatory',$,IFCBOOLEAN(.T.),$);
#2622=IFCPROPERTYSET('sD$rvvnv6zcXczDHNfk5Vz',#6,'OPS_Milestone',$,(#2620,#2621));
#2623=IFCRELDEFINESBYPROPERTIES('Hf8n3hS$M5HJIxGXebYndv',#6,$,$,(#404),#2622);
#2624=IFCPROPERTYSINGLEVALUE('MilestoneKind',$,IFCLABEL('FINISH'),$);
#2625=IFCPROPERTYSINGLEVALUE('Mandatory',$,IFCBOOLEAN(.T.),$);
#2626=IFCPROPERTYSET('6HR$2Ph12tAZDH3loFRFd7',#6,'OPS_Milestone',$,(#2624,#2625));
#2627=IFCRELDEFINESBYPROPERTIES('prVh9TV7eP$Z7jnV1V7peB',#6,$,$,(#422),#2626);
#2628=IFCPROPERTYSINGLEVALUE('MilestoneKind',$,IFCLABEL('FINISH'),$);
#2629=IFCPROPERTYSINGLEVALUE('Mandatory',$,IFCBOOLEAN(.T.),$);
#2630=IFCPROPERTYSET('Ob8nfHuvwlePyNe$iDULoR',#6,'OPS_Milestone',$,(#2628,#2629));
#2631=IFCRELDEFINESBYPROPERTIES('V3Cxo1c7ev3v6DDFlhfZDp',#6,$,$,(#516),#2630);
#2632=IFCPROPERTYSINGLEVALUE('MilestoneKind',$,IFCLABEL('START'),$);
#2633=IFCPROPERTYSET('TXZfG7MPljCZfRu$r9MNcl',#6,'OPS_Milestone',$,(#2632));
#2634=IFCRELDEFINESBYPROPERTIES('gTh$o$o91rLlx5u$oFLX47',#6,$,$,(#520),#2633);
#2635=IFCPROPERTYSINGLEVALUE('MilestoneKind',$,IFCLABEL('FINISH'),$);
#2636=IFCPROPERTYSINGLEVALUE('Mandatory',$,IFCBOOLEAN(.T.),$);
#2637=IFCPROPERTYSET('FhTfKthlzn4hYT5lepLXOh',#6,'OPS_Milestone',$,(#2635,#2636));
#2638=IFCRELDEFINESBYPROPERTIES('gvyZq7$dfnPraPoVG15Vyh',#6,$,$,(#538),#2637);
#2639=IFCPROPERTYSINGLEVALUE('MilestoneKind',$,IFCLABEL('FINISH'),$);
#2640=IFCPROPERTYSINGLEVALUE('Mandatory',$,IFCBOOLEAN(.T.),$);
#2641=IFCPROPERTYSET('ZVL1o3JV3329vXN$6pTN6x',#6,'OPS_Milestone',$,(#2639,#2640));
#2642=IFCRELDEFINESBYPROPERTIES('MTpdRxlv8$AZHtWVLTxV4d',#6,$,$,(#542),#2641);
#2643=IFCPROPERTYSINGLEVALUE('MilestoneKind',$,IFCLABEL('FINISH'),$);
#2644=IFCPROPERTYSINGLEVALUE('Mandatory',$,IFCBOOLEAN(.T.),$);
#2645=IFCPROPERTYSET('ur69_dxX1tfT3PYXn9wdHB',#6,'OPS_Milestone',$,(#2643,#2644));
#2646=IFCRELDEFINESBYPROPERTIES('$D2XO5MPfFXzDTXVW9Q7$N',#6,$,$,(#544),#2645);
#2647=IFCPROPERTYSINGLEVALUE('MilestoneKind',$,IFCLABEL('FINISH'),$);
#2648=IFCPROPERTYSINGLEVALUE('Mandatory',$,IFCBOOLEAN(.T.),$);
#2649=IFCPROPERTYSET('nh5X43qXvzOdaPIXc74ZbX',#6,'OPS_Milestone',$,(#2647,#2648));
#2650=IFCRELDEFINESBYPROPERTIES('g7ah93bFolZPKx0XtzVb37',#6,$,$,(#546),#2649);
#2651=IFCPROPERTYSINGLEVALUE('MilestoneKind',$,IFCLABEL('FINISH'),$);
#2652=IFCPROPERTYSINGLEVALUE('Mandatory',$,IFCBOOLEAN(.T.),$);
#2653=IFCPROPERTYSET('zFz9QJcVb1VRnJ5nsR2lNZ',#6,'OPS_Milestone',$,(#2651,#2652));
#2654=IFCRELDEFINESBYPROPERTIES('ApvT4Vg1IBfZH9mVgrKJYn',#6,$,$,(#554),#2653);
#2655=IFCPROPERTYSINGLEVALUE('MilestoneKind',$,IFCLABEL('START'),$);
#2656=IFCPROPERTYSET('oPgzshBlR$Pj_dYXdBKxJT',#6,'OPS_Milestone',$,(#2655));
#2657=IFCRELDEFINESBYPROPERTIES('7L_BdfnPrzGVoLYFJx39qT',#6,$,$,(#556),#2656);
#2658=IFCPROPERTYSINGLEVALUE('Notes',$,IFCTEXT('[{"id":"note-mssof93gb2p5554","text":"Check kitchen appliance delivery with the supplier","done":false}]'),$);
#2659=IFCPROPERTYSET('zps7LN0tv9U5$XbnKpwjMD',#6,'OPS_TaskNotes',$,(#2658));
#2660=IFCRELDEFINESBYPROPERTIES('gP09w3S1_38NpHzlwf2BCZ',#6,$,$,(#432),#2659);
#2661=IFCPROPERTYSINGLEVALUE('Notes',$,IFCTEXT('[{"id":"note-mssof950xnw4562","text":"Moisture readings taken on walls","done":true}]'),$);
#2662=IFCPROPERTYSET('ANk5UN9NwFiRNvEFEDAzrz',#6,'OPS_TaskNotes',$,(#2661));
#2663=IFCRELDEFINESBYPROPERTIES('Fhb1AlXvG3etfd6$afgZ1j',#6,$,$,(#446),#2662);
#2664=IFCPROPERTYSINGLEVALUE('Baselines',$,IFCTEXT('[{"id":"baseline-mssofb4635ar1076","name":"Contract","createdAt":"2026-08-14T08:19:53.480Z","tasks":[{"taskId":"task-mssof8e5rxe0359","start":"2027-03-01","finish":"2027-03-01","duration":0,"isMilestone":true,"milestoneKind":"START"},{"taskId":"task-mssof8e75qi1361","start":"2027-03-01","finish":"2027-03-03","duration":3,"isMilestone":false},{"taskId":"task-mssof8e892m7362","start":"2027-03-04","finish":"2027-03-17","duration":10,"isMilestone":false},{"taskId":"task-mssof8eak7xj363","start":"2027-03-11","finish":"2027-03-15","duration":3,"isMilestone":false},{"taskId":"task-mssof8ebr1v3364","start":"2027-03-18","finish":"2027-03-23","duration":4,"isMilestone":false},{"taskId":"task-mssof8ecgora365","start":"2027-03-24","finish":"2027-03-25","duration":2,"isMilestone":false},{"taskId":"task-mssof8eezzh7366","start":"2027-03-30","finish":"2027-04-02","duration":4,"isMilestone":false},{"taskId":"task-mssof8efil6y367","start":"2027-04-05","finish":"2027-04-09","duration":5,"isMilestone":false},{"taskId":"task-mssof8eg8lqz368","start":"2027-04-09","finish":"2027-04-09","duration":0,"isMilestone":true,"milestoneKind":"FINISH"},{"taskId":"task-mssof8ejiiyx370","start":"2027-04-12","finish":"2027-04-13","duration":2,"isMilestone":false},{"taskId":"task-mssof8el2gwm371","start":"2027-04-14","finish":"2027-04-21","duration":6,"isMilestone":false},{"taskId":"task-mssof8em9yfo372","start":"2027-04-22","finish":"2027-04-29","duration":5,"isMilestone":false},{"taskId":"task-mssof8eo06fb373","start":"2027-04-30","finish":"2027-05-07","duration":4,"isMilestone":false},{"taskId":"task-mssof8eqg2ul374","start":"2027-05-10","finish":"2027-05-12","duration":3,"isMilestone":false},{"taskId":"task-mssof8ercc24375","start":"2027-05-13T07:00","finish":"2027-05-13T15:00","duration":5,"isMilestone":false},{"taskId":"task-mssof8et82u3376","start":"2027-05-14T07:00","finish":"2027-05-14T13:00","duration":5,"isMilestone":false},{"taskId":"task-mssof8eva9t6377","start":"2027-05-14T13:00","finish":"2027-05-18T13:00","duration":5,"isMilestone":false},{"taskId":"task-mssof8ex33by378","start":"2027-05-18T13:00","finish":"2027-05-19T09:00","duration":5,"isMilestone":false},{"taskId":"task-mssof8f0wjrz379","start":"2027-05-10","finish":"2027-05-12","duration":3,"isMilestone":false},{"taskId":"task-mssof8f1xio3380","start":"2027-05-13T07:00","finish":"2027-05-13T15:00","duration":5,"isMilestone":false},{"taskId":"task-mssof8f3j7ty381","start":"2027-05-14T07:00","finish":"2027-05-14T13:00","duration":5,"isMilestone":false},{"taskId":"task-mssof8f5pjnp382","start":"2027-05-14T13:00","finish":"2027-05-18T13:00","duration":5,"isMilestone":false},{"taskId":"task-mssof8f6meg7383","start":"2027-05-18T13:00","finish":"2027-05-19T09:00","duration":5,"isMilestone":false},{"taskId":"task-mssof8f8nzih384","start":"2027-05-10","finish":"2027-05-12","duration":3,"isMilestone":false},{"taskId":"task-mssof8fadf1z385","start":"2027-05-13T07:00","finish":"2027-05-13T15:00","duration":5,"isMilestone":false},{"taskId":"task-mssof8fce5ff386","start":"2027-05-14T07:00","finish":"2027-05-14T13:00","duration":5,"isMilestone":false},{"taskId":"task-mssof8ffm7ui387","start":"2027-05-14T13:00","finish":"2027-05-18T13:00","duration":5,"isMilestone":false},{"taskId":"task-mssof8fhdjnf388","start":"2027-05-18T13:00","finish":"2027-05-19T09:00","duration":5,"isMilestone":false},{"taskId":"task-mssof8fj4jgq389","start":"2027-05-20","finish":"2027-05-24","duration":3,"isMilestone":false},{"taskId":"task-mssof8fls9d4390","start":"2027-05-25","finish":"2027-05-27","duration":3,"isMilestone":false},{"taskId":"task-mssof8fo2lyp391","start":"2027-05-28","finish":"2027-06-03","duration":5,"isMilestone":false},{"taskId":"task-mssof8fpi1xf392","start":"2027-06-04","finish":"2027-06-07","duration":2,"isMilestone":false},{"taskId":"task-mssof8fr78ti393","start":"2027-06-07","finish":"2027-06-07","duration":0,"isMilestone":true,"milestoneKind":"FINISH"},{"taskId":"task-mssof8fu3wfp395","start":"2027-06-08","finish":"2027-06-10","duration":3,"isMilestone":false},{"taskId":"task-mssof8fzhvrt397","start":"2027-06-11","finish":"2027-06-16","duration":4,"isMilestone":false},{"taskId":"task-mssof8g2jzvs398","start":"2027-06-17","finish":"2027-06-22","duration":4,"isMilestone":false},{"taskId":"task-mssof8g593zw399","start":"2027-06-21","finish":"2027-06-23","duration":3,"isMilestone":false},{"taskId":"task-mssof8g83ury400","start":"2027-06-24","finish":"2027-06-29","duration":4,"isMilestone":false},{"taskId":"task-mssof8gbd4f6401","start":"2027-06-28","finish":"2027-06-30","duration":3,"isMilestone":false},{"taskId":"task-mssof8gegcd0402","start":"2027-07-01","finish":"2027-07-06","duration":4,"isMilestone":false},{"taskId":"task-mssof8ghsmw1403","start":"2027-07-05","finish":"2027-07-07","duration":3,"isMilestone":false},{"taskId":"task-mssof8gkd4ht404","start":"2027-07-08","finish":"2027-07-13","duration":4,"isMilestone":false},{"taskId":"task-mssof8gnto8h405","start":"2027-07-12","finish":"2027-07-14","duration":3,"isMilestone":false},{"taskId":"task-mssof8gsyeyy406","start":"2027-07-15","finish":"2027-07-20","duration":4,"isMilestone":false},{"taskId":"task-mssof8gw4s1x407","start":"2027-07-19","finish":"2027-07-21","duration":3,"isMilestone":false},{"taskId":"task-mssof8h0032f408","start":"2027-07-22","finish":"2027-08-17","duration":4,"isMilestone":false},{"taskId":"task-mssof8h4kde4409","start":"2027-08-16","finish":"2027-08-18","duration":3,"isMilestone":false},{"taskId":"task-mssof8h91w95410","start":"2027-08-19","finish":"2027-08-24","duration":4,"isMilestone":false},{"taskId":"task-mssof8hcbslf411","start":"2027-08-23","finish":"2027-08-25","duration":3,"isMilestone":false},{"taskId":"task-mssof8hjto8f412","start":"2027-08-26","finish":"2027-08-31","duration":4,"isMilestone":false},{"taskId":"task-mssof8hlo20l413","start":"2027-08-30","finish":"2027-09-01","duration":3,"isMilestone":false},{"taskId":"task-mssof8hpdfxt414","start":"2027-09-02","finish":"2027-09-07","duration":4,"isMilestone":false},{"taskId":"task-mssof8hu42l6415","start":"2027-09-06","finish":"2027-09-08","duration":3,"isMilestone":false},{"taskId":"task-mssof8hyqabz416","start":"2027-09-09","finish":"2027-09-14","duration":4,"isMilestone":false},{"taskId":"task-mssof8i13zzn417","start":"2027-09-13","finish":"2027-09-15","duration":3,"isMilestone":false},{"taskId":"task-mssof8i41ldj418","start":"2027-09-16","finish":"2027-09-21","duration":4,"isMilestone":false},{"taskId":"task-mssof8i8hmzo419","start":"2027-09-20","finish":"2027-09-22","duration":3,"isMilestone":false},{"taskId":"task-mssof8ib4cj4420","start":"2027-09-23","finish":"2027-09-28","duration":4,"isMilestone":false},{"taskId":"task-mssof8ieg5ut421","start":"2027-09-27","finish":"2027-09-29","duration":3,"isMilestone":false},{"taskId":"task-mssof8illl6q422","start":"2027-06-11","finish":"2027-08-20","duration":36,"isMilestone":false},{"taskId":"task-mssof8irn066423","start":"2027-09-30","finish":"2027-10-06","duration":5,"isMilestone":false},{"taskId":"task-mssof8iz8z6v424","start":"2027-10-06","finish":"2027-10-06","duration":0,"isMilestone":true,"milestoneKind":"FINISH"},{"taskId":"task-mssof8jabucv426","start":"2027-06-11","finish":"2027-06-16","duration":4,"isMilestone":false},{"taskId":"task-mssof8jesfse427","start":"2027-06-17","finish":"2027-06-22","duration":4,"isMilestone":false},{"taskId":"task-mssof8jh5q43428","start":"2027-06-21","finish":"2027-06-23","duration":3,"isMilestone":false},{"taskId":"task-mssof8jle0aa429","start":"2027-06-24","finish":"2027-06-29","duration":4,"isMilestone":false},{"taskId":"task-mssof8joxhay430","start":"2027-06-28","finish":"2027-06-30","duration":3,"isMilestone":false},{"taskId":"task-mssof8jscde9431","start":"2027-07-01","finish":"2027-07-06","duration":4,"isMilestone":false},{"taskId":"task-mssof8jw04l2432","start":"2027-07-05","finish":"2027-07-07","duration":3,"isMilestone":false},{"taskId":"task-mssof8k1dg2s433","start":"2027-07-08","finish":"2027-07-13","duration":4,"isMilestone":false},{"taskId":"task-mssof8k4sq03434","start":"2027-07-12","finish":"2027-07-14","duration":3,"isMilestone":false},{"taskId":"task-mssof8kbzl7r435","start":"2027-07-15","finish":"2027-07-20","duration":4,"isMilestone":false},{"taskId":"task-mssof8kfdqnq436","start":"2027-07-19","finish":"2027-07-21","duration":3,"isMilestone":false},{"taskId":"task-mssof8kjsnn5437","start":"2027-07-22","finish":"2027-08-17","duration":4,"isMilestone":false},{"taskId":"task-mssof8knsrx9438","start":"2027-08-16","finish":"2027-08-18","duration":3,"isMilestone":false},{"taskId":"task-mssof8ks3zty439","start":"2027-08-19","finish":"2027-08-24","duration":4,"isMilestone":false},{"taskId":"task-mssof8kwftac440","start":"2027-08-23","finish":"2027-08-25","duration":3,"isMilestone":false},{"taskId":"task-mssof8l0xjte441","start":"2027-08-26","finish":"2027-08-31","duration":4,"isMilestone":false},{"taskId":"task-mssof8l5ln4e442","start":"2027-08-30","finish":"2027-09-01","duration":3,"isMilestone":false},{"taskId":"task-mssof8l9dm2u443","start":"2027-09-02","finish":"2027-09-07","duration":4,"isMilestone":false},{"taskId":"task-mssof8lep25q444","start":"2027-09-06","finish":"2027-09-08","duration":3,"isMilestone":false},{"taskId":"task-mssof8libhi8445","start":"2027-09-09","finish":"2027-09-14","duration":4,"isMilestone":false},{"taskId":"task-mssof8lnrcy9446","start":"2027-09-13","finish":"2027-09-15","duration":3,"isMilestone":false},{"taskId":"task-mssof8lrh5op447","start":"2027-09-16","finish":"2027-09-21","duration":4,"isMilestone":false},{"taskId":"task-mssof8lvlkwn448","start":"2027-09-20","finish":"2027-09-22","duration":3,"isMilestone":false},{"taskId":"task-mssof8m0d1kp449","start":"2027-09-23","finish":"2027-09-28","duration":4,"isMilestone":false},{"taskId":"task-mssof8m441vl450","start":"2027-09-27","finish":"2027-09-29","duration":3,"isMilestone":false},{"taskId":"task-mssof8m9wdd2451","start":"2027-06-11","finish":"2027-08-20","duration":36,"isMilestone":false},{"taskId":"task-mssof8mdtxln452","start":"2027-09-30","finish":"2027-10-06","duration":5,"isMilestone":false},{"taskId":"task-mssof8mih0y5453","start":"2027-10-06","finish":"2027-10-06","duration":0,"isMilestone":true,"milestoneKind":"FINISH"},{"taskId":"task-mssof8muqo5f455","start":"2027-06-11","finish":"2027-06-16","duration":4,"isMilestone":false},{"taskId":"task-mssof8mzi39l456","start":"2027-06-17","finish":"2027-06-22","duration":4,"isMilestone":false},{"taskId":"task-mssof8n4dcwx457","start":"2027-06-21","finish":"2027-06-23","duration":3,"isMilestone":false},{"taskId":"task-mssof8nai3r9458","start":"2027-06-24","finish":"2027-06-29","duration":4,"isMilestone":false},{"taskId":"task-mssof8nfvjrd459","start":"2027-06-28","finish":"2027-06-30","duration":3,"isMilestone":false},{"taskId":"task-mssof8nkea4l460","start":"2027-07-01","finish":"2027-07-06","duration":4,"isMilestone":false},{"taskId":"task-mssof8np0rof461","start":"2027-07-05","finish":"2027-07-07","duration":3,"isMilestone":false},{"taskId":"task-mssof8ntx7rm462","start":"2027-07-08","finish":"2027-07-13","duration":4,"isMilestone":false},{"taskId":"task-mssof8nyd00z463","start":"2027-07-12","finish":"2027-07-14","duration":3,"isMilestone":false},{"taskId":"task-mssof8o3q8yg464","start":"2027-07-15","finish":"2027-07-20","duration":4,"isMilestone":false},{"taskId":"task-mssof8o7lv20465","start":"2027-07-19","finish":"2027-07-21","duration":3,"isMilestone":false},{"taskId":"task-mssof8odjbkb466","start":"2027-07-22","finish":"2027-08-17","duration":4,"isMilestone":false},{"taskId":"task-mssof8oi4amb467","start":"2027-08-16","finish":"2027-08-18","duration":3,"isMilestone":false},{"taskId":"task-mssof8onlp94468","start":"2027-08-19","finish":"2027-08-24","duration":4,"isMilestone":false},{"taskId":"task-mssof8osexgg469","start":"2027-08-23","finish":"2027-08-25","duration":3,"isMilestone":false},{"taskId":"task-mssof8oxnj04470","start":"2027-08-26","finish":"2027-08-31","duration":4,"isMilestone":false},{"taskId":"task-mssof8p2i4s6471","start":"2027-08-30","finish":"2027-09-01","duration":3,"isMilestone":false},{"taskId":"task-mssof8p77fqe472","start":"2027-09-02","finish":"2027-09-07","duration":4,"isMilestone":false},{"taskId":"task-mssof8pgrges473","start":"2027-09-06","finish":"2027-09-08","duration":3,"isMilestone":false},{"taskId":"task-mssof8pkqcdb474","start":"2027-09-09","finish":"2027-09-14","duration":4,"isMilestone":false},{"taskId":"task-mssof8ppc8tw475","start":"2027-09-13","finish":"2027-09-15","duration":3,"isMilestone":false},{"taskId":"task-mssof8ptdyee476","start":"2027-09-16","finish":"2027-09-21","duration":4,"isMilestone":false},{"taskId":"task-mssof8pzmdn3477","start":"2027-09-20","finish":"2027-09-22","duration":3,"isMilestone":false},{"taskId":"task-mssof8q3avx2478","start":"2027-09-23","finish":"2027-09-28","duration":4,"isMilestone":false},{"taskId":"task-mssof8q8e8p8479","start":"2027-09-27","finish":"2027-09-29","duration":3,"isMilestone":false},{"taskId":"task-mssof8qdq4ty480","start":"2027-06-11","finish":"2027-08-20","duration":36,"isMilestone":false},{"taskId":"task-mssof8qikyqe481","start":"2027-09-30","finish":"2027-10-06","duration":5,"isMilestone":false},{"taskId":"task-mssof8qnxoev482","start":"2027-10-06","finish":"2027-10-06","duration":0,"isMilestone":true,"milestoneKind":"FINISH"},{"taskId":"task-mssof8qsq7m3483","start":"2027-06-11","finish":"2027-10-06","duration":69,"isMilestone":false},{"taskId":"task-mssof8qu1vlb484","start":"2027-10-07","finish":"2027-10-08","duration":2,"isMilestone":false},{"taskId":"task-mssof8r9cn75487","start":"2027-10-07","finish":"2027-10-11","duration":3,"isMilestone":false},{"taskId":"task-mssof8rexcpw488","start":"2027-10-12","finish":"2027-10-21","duration":8,"isMilestone":false},{"taskId":"task-mssof8rj36o9489","start":"2027-10-22","finish":"2027-11-04","duration":10,"isMilestone":false},{"taskId":"task-mssof8ro11t6490","start":"2027-11-05","finish":"2027-11-12","duration":6,"isMilestone":false},{"taskId":"task-mssof8rxzqhh491","start":"2027-10-07","finish":"2027-10-13","duration":5,"isMilestone":false},{"taskId":"task-mssof8s3fdwz492","start":"2027-10-14","finish":"2027-10-20","duration":5,"isMilestone":false},{"taskId":"task-mssof8sb3rqg493","start":"2027-11-15","finish":"2027-11-19","duration":5,"isMilestone":false},{"taskId":"task-mssof8sgp2ss494","start":"2027-10-21","finish":"2027-10-25","duration":3,"isMilestone":false},{"taskId":"task-mssof8sl6lmj495","start":"2027-11-22","finish":"2027-11-23","duration":2,"isMilestone":false},{"taskId":"task-mssof8sw3pqn497","start":"2027-10-07","finish":"2027-10-11","duration":3,"isMilestone":false},{"taskId":"task-mssof8t117e3498","start":"2027-10-12","finish":"2027-10-21","duration":8,"isMilestone":false},{"taskId":"task-mssof8t7vcyd499","start":"2027-10-22","finish":"2027-11-04","duration":10,"isMilestone":false},{"taskId":"task-mssof8tcervz500","start":"2027-11-05","finish":"2027-11-12","duration":6,"isMilestone":false},{"taskId":"task-mssof8thvf6b501","start":"2027-10-07","finish":"2027-10-13","duration":5,"isMilestone":false},{"taskId":"task-mssof8tn5cir502","start":"2027-10-14","finish":"2027-10-20","duration":5,"isMilestone":false},{"taskId":"task-mssof8tt6lax503","start":"2027-11-15","finish":"2027-11-19","duration":5,"isMilestone":false},{"taskId":"task-mssof8tyulyv504","start":"2027-10-21","finish":"2027-10-25","duration":3,"isMilestone":false},{"taskId":"task-mssof8u44haw505","start":"2027-11-22","finish":"2027-11-23","duration":2,"isMilestone":false},{"taskId":"task-mssof8uj8enz507","start":"2027-10-07","finish":"2027-10-11","duration":3,"isMilestone":false},{"taskId":"task-mssof8upus6n508","start":"2027-10-12","finish":"2027-10-21","duration":8,"isMilestone":false},{"taskId":"task-mssof8uvxrqa509","start":"2027-10-22","finish":"2027-11-04","duration":10,"isMilestone":false},{"taskId":"task-mssof8v1o5ru510","start":"2027-11-05","finish":"2027-11-12","duration":6,"isMilestone":false},{"taskId":"task-mssof8v7vyr3511","start":"2027-10-07","finish":"2027-10-13","duration":5,"isMilestone":false},{"taskId":"task-mssof8vdqk25512","start":"2027-10-14","finish":"2027-10-20","duration":5,"isMilestone":false},{"taskId":"task-mssof8vjl90p513","start":"2027-11-15","finish":"2027-11-19","duration":5,"isMilestone":false},{"taskId":"task-mssof8vpq641514","start":"2027-10-21","finish":"2027-10-25","duration":3,"isMilestone":false},{"taskId":"task-mssof8vv3r6l515","start":"2027-11-22","finish":"2027-11-23","duration":2,"isMilestone":false},{"taskId":"task-mssof8w1exf5516","start":"2027-11-24","finish":"2027-11-29","duration":4,"isMilestone":false},{"taskId":"task-mssof8w7qfbr517","start":"2027-06-04","finish":"2027-06-10","duration":5,"isMilestone":false},{"taskId":"task-mssof8wgnoz7519","start":"2027-11-30","finish":"2027-12-07","duration":6,"isMilestone":false},{"taskId":"task-mssof8wmbmas520","start":"2027-12-08","finish":"2027-12-13","duration":4,"isMilestone":false},{"taskId":"task-mssof8wt5i53521","start":"2027-12-14","finish":"2027-12-16","duration":3,"isMilestone":false},{"taskId":"task-mssof8x27ggk522","start":"2027-12-17","finish":"2027-12-22","duration":4,"isMilestone":false},{"taskId":"task-mssof8xeglwq524","start":"2027-11-24","finish":"2027-12-03","duration":8,"isMilestone":false},{"taskId":"task-mssof8xl5e6q525","start":"2027-11-26","finish":"2027-12-06","duration":7,"isMilestone":false},{"taskId":"task-mssof8xrugcv526","start":"2027-12-07","finish":"2027-12-13","duration":5,"isMilestone":false},{"taskId":"task-mssof8xxjxp6527","start":"2027-12-14","finish":"2027-12-20","duration":5,"isMilestone":false},{"taskId":"task-mssof8y39cmi528","start":"2027-12-21","finish":"2027-12-24","duration":4,"isMilestone":false},{"taskId":"task-mssof8y9iwl9529","start":"2027-12-27","finish":"2027-12-30","duration":4,"isMilestone":false},{"taskId":"task-mssof8yg1e3g530","start":"2027-12-31","finish":"2028-01-13","duration":10,"isMilestone":false},{"taskId":"task-mssof8yoavsh531","start":"2028-01-13","finish":"2028-01-13","duration":0,"isMilestone":true,"milestoneKind":"FINISH"},{"taskId":"task-mssof8z1s0pz533","start":"2027-11-24","finish":"2027-12-03","duration":8,"isMilestone":false},{"taskId":"task-mssof8z8gxr7534","start":"2027-11-26","finish":"2027-12-06","duration":7,"isMilestone":false},{"taskId":"task-mssof8zh3nzu535","start":"2027-12-07","finish":"2027-12-13","duration":5,"isMilestone":false},{"taskId":"task-mssof8zoejae536","start":"2027-12-14","finish":"2027-12-20","duration":5,"isMilestone":false},{"taskId":"task-mssof8zvcslb537","start":"2027-12-21","finish":"2027-12-24","duration":4,"isMilestone":false},{"taskId":"task-mssof9028vy4538","start":"2027-12-27","finish":"2027-12-30","duration":4,"isMilestone":false},{"taskId":"task-mssof9098wvt539","start":"2027-12-31","finish":"2028-01-13","duration":10,"isMilestone":false},{"taskId":"task-mssof90if5jx540","start":"2028-01-13","finish":"2028-01-13","duration":0,"isMilestone":true,"milestoneKind":"FINISH"},{"taskId":"task-mssof90w745w542","start":"2027-11-24","finish":"2027-12-03","duration":8,"isMilestone":false},{"taskId":"task-mssof9136poo543","start":"2027-11-26","finish":"2027-12-06","duration":7,"isMilestone":false},{"taskId":"task-mssof91a8det544","start":"2027-12-07","finish":"2027-12-13","duration":5,"isMilestone":false},{"taskId":"task-mssof91h0ecp545","start":"2027-12-14","finish":"2027-12-20","duration":5,"isMilestone":false},{"taskId":"task-mssof91o44ti546","start":"2027-12-21","finish":"2027-12-24","duration":4,"isMilestone":false},{"taskId":"task-mssof922tbqa547","start":"2027-12-27","finish":"2027-12-30","duration":4,"isMilestone":false},{"taskId":"task-mssof92agk63548","start":"2027-12-31","finish":"2028-01-13","duration":10,"isMilestone":false},{"taskId":"task-mssof92ks4en549","start":"2028-01-13","finish":"2028-01-13","duration":0,"isMilestone":true,"milestoneKind":"FINISH"},{"taskId":"task-mssof931gmor552","start":"2028-01-14","finish":"2028-01-31","duration":12,"isMilestone":false},{"taskId":"task-mssof9396czu553","start":"2028-02-01","finish":"2028-02-14","duration":10,"isMilestone":false},{"taskId":"task-mssof93gy3x0555","start":"2028-02-15","finish":"2028-02-24","duration":8,"isMilestone":false},{"taskId":"task-mssof93nciaj556","start":"2028-02-25","finish":"2028-03-06","duration":7,"isMilestone":false},{"taskId":"task-mssof93vkvbw557","start":"2028-03-07","finish":"2028-03-16","duration":8,"isMilestone":false},{"taskId":"task-mssof944k2cy558","start":"2028-03-17","finish":"2028-03-23","duration":5,"isMilestone":false},{"taskId":"task-mssof94cou6s559","start":"2028-03-24","finish":"2028-03-30","duration":5,"isMilestone":false},{"taskId":"task-mssof94j1mci560","start":"2028-03-31","finish":"2028-04-05","duration":4,"isMilestone":false},{"taskId":"task-mssof9501bdb563","start":"2028-01-14","finish":"2028-01-31","duration":12,"isMilestone":false},{"taskId":"task-mssof9571lie564","start":"2028-02-01","finish":"2028-02-14","duration":10,"isMilestone":false},{"taskId":"task-mssof95e6r0m565","start":"2028-02-15","finish":"2028-02-24","duration":8,"isMilestone":false},{"taskId":"task-mssof95m2wch566","start":"2028-02-25","finish":"2028-03-06","duration":7,"isMilestone":false},{"taskId":"task-mssof95tgvll567","start":"2028-03-07","finish":"2028-03-16","duration":8,"isMilestone":false},{"taskId":"task-mssof961gcvt568","start":"2028-03-17","finish":"2028-03-23","duration":5,"isMilestone":false},{"taskId":"task-mssof9683j1a569","start":"2028-03-24","finish":"2028-03-30","duration":5,"isMilestone":false},{"taskId":"task-mssof96gj1t2570","start":"2028-03-31","finish":"2028-04-05","duration":4,"isMilestone":false},{"taskId":"task-mssof96wch1w572","start":"2028-01-14","finish":"2028-01-31","duration":12,"isMilestone":false},{"taskId":"task-mssof9740vat573","start":"2028-02-01","finish":"2028-02-14","duration":10,"isMilestone":false},{"taskId":"task-mssof97gn2eu574","start":"2028-02-15","finish":"2028-02-24","duration":8,"isMilestone":false},{"taskId":"task-mssof97oeovm575","start":"2028-02-25","finish":"2028-03-06","duration":7,"isMilestone":false},{"taskId":"task-mssof97v4n5c576","start":"2028-03-07","finish":"2028-03-16","duration":8,"isMilestone":false},{"taskId":"task-mssof983u43b577","start":"2028-03-17","finish":"2028-03-23","duration":5,"isMilestone":false},{"taskId":"task-mssof98bbv2m578","start":"2028-03-24","finish":"2028-03-30","duration":5,"isMilestone":false},{"taskId":"task-mssof98jx2yh579","start":"2028-03-31","finish":"2028-04-05","duration":4,"isMilestone":false},{"taskId":"task-mssof98raav0580","start":"2027-11-30","finish":"2027-12-07","duration":6,"isMilestone":false},{"taskId":"task-mssof98zdr6v581","start":"2027-12-08","finish":"2027-12-13","duration":4,"isMilestone":false},{"taskId":"task-mssof99711fh582","start":"2027-12-08","finish":"2027-12-13","duration":4,"isMilestone":false},{"taskId":"task-mssof99g7f1h583","start":"2027-12-14","finish":"2027-12-20","duration":5,"isMilestone":false},{"taskId":"task-mssof99olnht584","start":"2027-12-21","finish":"2027-12-24","duration":4,"isMilestone":false},{"taskId":"task-mssof9a0cvnc585","start":"2027-12-27","finish":"2027-12-28","duration":2,"isMilestone":false},{"taskId":"task-mssof9a9k9gg586","start":"2027-12-29","finish":"2027-12-31","duration":3,"isMilestone":false},{"taskId":"task-mssof9arg1yc588","start":"2027-06-11","finish":"2027-07-22","duration":30,"isMilestone":false},{"taskId":"task-mssof9b1xwnw589","start":"2027-07-23","finish":"2027-09-15","duration":24,"isMilestone":false},{"taskId":"task-mssof9ba54lf590","start":"2027-09-16","finish":"2027-10-15","duration":22,"isMilestone":false},{"taskId":"task-mssof9bkgqro591","start":"2027-10-18","finish":"2027-11-08","duration":16,"isMilestone":false},{"taskId":"task-mssof9bux10x592","start":"2027-11-09","finish":"2027-11-30","duration":16,"isMilestone":false},{"taskId":"task-mssof9c4nvv4593","start":"2027-12-01","finish":"2027-12-14","duration":10,"isMilestone":false},{"taskId":"task-mssof9cer6oa594","start":"2027-12-15","finish":"2027-12-28","duration":10,"isMilestone":false},{"taskId":"task-mssof9cncc2a595","start":"2027-12-29","finish":"2028-01-17","duration":14,"isMilestone":false},{"taskId":"task-mssof9dhcnn7596","start":"2028-01-18","finish":"2028-01-31","duration":10,"isMilestone":false},{"taskId":"task-mssof9dv262a597","start":"2028-02-01","finish":"2028-02-16","duration":12,"isMilestone":false},{"taskId":"task-mssof9e4l2qg598","start":"2028-02-16","finish":"2028-02-16","duration":0,"isMilestone":true,"milestoneKind":"FINISH"},{"taskId":"task-mssof9ed26ab599","start":"2028-02-17","finish":"2028-02-22","duration":4,"isMilestone":false},{"taskId":"task-mssof9emquyo600","start":"2028-02-23","finish":"2028-02-23","duration":0,"isMilestone":true,"milestoneKind":"START"},{"taskId":"task-mssof9ewif8m601","start":"2028-02-21","finish":"2028-02-23","duration":3,"isMilestone":false},{"taskId":"task-mssof9f8mgd1602","start":"2028-02-23","finish":"2028-02-28","duration":4,"isMilestone":false},{"taskId":"task-mssof9fh4ecp603","start":"2028-02-29","finish":"2028-03-07","duration":6,"isMilestone":false},{"taskId":"task-mssof9ftvnss605","start":"2028-03-08","finish":"2028-03-10","duration":3,"isMilestone":false},{"taskId":"task-mssof9g70uid606","start":"2028-03-08","finish":"2028-03-14","duration":5,"isMilestone":false},{"taskId":"task-mssof9gg5hnc607","start":"2028-03-15","finish":"2028-03-17","duration":3,"isMilestone":false},{"taskId":"task-mssof9gquh3p608","start":"2028-03-20","finish":"2028-03-21","duration":2,"isMilestone":false},{"taskId":"task-mssof9h0z4qo609","start":"2028-03-22","finish":"2028-03-22","duration":1,"isMilestone":false},{"taskId":"task-mssof9hbu0cc610","start":"2028-03-22","finish":"2028-03-22","duration":0,"isMilestone":true,"milestoneKind":"FINISH"},{"taskId":"task-mssof9hyvp91612","start":"2028-04-05","finish":"2028-04-05","duration":0,"isMilestone":true,"milestoneKind":"FINISH"},{"taskId":"task-mssof9i9mgo4613","start":"2028-04-05","finish":"2028-04-05","duration":0,"isMilestone":true,"milestoneKind":"FINISH"},{"taskId":"task-mssof9ikdemc614","start":"2028-04-05","finish":"2028-04-05","duration":0,"isMilestone":true,"milestoneKind":"FINISH"},{"taskId":"task-mssof9j57cj9615","start":"2028-03-23","finish":"2028-03-27","duration":3,"isMilestone":false},{"taskId":"task-mssof9jumb8e616","start":"2028-03-31","finish":"2028-04-03","duration":2,"isMilestone":false},{"taskId":"task-mssof9k6zkyw617","start":"2028-03-28","finish":"2028-03-30","duration":3,"isMilestone":false},{"taskId":"task-mssof9kghwge618","start":"2028-04-03","finish":"2028-04-03","duration":0,"isMilestone":true,"milestoneKind":"FINISH"},{"taskId":"task-mssof9kqxcg1619","start":"2028-04-04","finish":"2028-04-04","duration":0,"isMilestone":true,"milestoneKind":"START"},{"taskId":"task-mssof9l0z68a620","start":"2028-04-04","finish":"2028-04-04","duration":1,"isMilestone":false}],"projectEnd":"2028-04-05","projectDuration":267},{"id":"baseline-mssofb5nqht41080","name":"Re-baseline (variation order)","createdAt":"2026-08-14T08:19:53.533Z","tasks":[{"taskId":"task-mssof8e5rxe0359","start":"2027-03-01","finish":"2027-03-01","duration":0,"isMilestone":true,"milestoneKind":"START"},{"taskId":"task-mssof8e75qi1361","start":"2027-03-01","finish":"2027-03-03","duration":3,"isMilestone":false},{"taskId":"task-mssof8e892m7362","start":"2027-03-04","finish":"2027-03-17","duration":10,"isMilestone":false},{"taskId":"task-mssof8eak7xj363","start":"2027-03-11","finish":"2027-03-15","duration":3,"isMilestone":false},{"taskId":"task-mssof8ebr1v3364","start":"2027-03-18","finish":"2027-03-23","duration":4,"isMilestone":false},{"taskId":"task-mssof8ecgora365","start":"2027-03-24","finish":"2027-03-25","duration":2,"isMilestone":false},{"taskId":"task-mssof8eezzh7366","start":"2027-03-30","finish":"2027-04-02","duration":4,"isMilestone":false},{"taskId":"task-mssof8efil6y367","start":"2027-04-05","finish":"2027-04-09","duration":5,"isMilestone":false},{"taskId":"task-mssof8eg8lqz368","start":"2027-04-09","finish":"2027-04-09","duration":0,"isMilestone":true,"milestoneKind":"FINISH"},{"taskId":"task-mssof8ejiiyx370","start":"2027-04-12","finish":"2027-04-13","duration":2,"isMilestone":false},{"taskId":"task-mssof8el2gwm371","start":"2027-04-14","finish":"2027-04-21","duration":6,"isMilestone":false},{"taskId":"task-mssof8em9yfo372","start":"2027-04-22","finish":"2027-04-29","duration":5,"isMilestone":false},{"taskId":"task-mssof8eo06fb373","start":"2027-04-30","finish":"2027-05-07","duration":4,"isMilestone":false},{"taskId":"task-mssof8eqg2ul374","start":"2027-05-10","finish":"2027-05-12","duration":3,"isMilestone":false},{"taskId":"task-mssof8ercc24375","start":"2027-05-13T07:00","finish":"2027-05-13T15:00","duration":5,"isMilestone":false},{"taskId":"task-mssof8et82u3376","start":"2027-05-14T07:00","finish":"2027-05-14T13:00","duration":5,"isMilestone":false},{"taskId":"task-mssof8eva9t6377","start":"2027-05-14T13:00","finish":"2027-05-18T13:00","duration":5,"isMilestone":false},{"taskId":"task-mssof8ex33by378","start":"2027-05-18T13:00","finish":"2027-05-19T09:00","duration":5,"isMilestone":false},{"taskId":"task-mssof8f0wjrz379","start":"2027-05-10","finish":"2027-05-12","duration":3,"isMilestone":false},{"taskId":"task-mssof8f1xio3380","start":"2027-05-13T07:00","finish":"2027-05-13T15:00","duration":5,"isMilestone":false},{"taskId":"task-mssof8f3j7ty381","start":"2027-05-14T07:00","finish":"2027-05-14T13:00","duration":5,"isMilestone":false},{"taskId":"task-mssof8f5pjnp382","start":"2027-05-14T13:00","finish":"2027-05-18T13:00","duration":5,"isMilestone":false},{"taskId":"task-mssof8f6meg7383","start":"2027-05-18T13:00","finish":"2027-05-19T09:00","duration":5,"isMilestone":false},{"taskId":"task-mssof8f8nzih384","start":"2027-05-10","finish":"2027-05-12","duration":3,"isMilestone":false},{"taskId":"task-mssof8fadf1z385","start":"2027-05-13T07:00","finish":"2027-05-13T15:00","duration":5,"isMilestone":false},{"taskId":"task-mssof8fce5ff386","start":"2027-05-14T07:00","finish":"2027-05-14T13:00","duration":5,"isMilestone":false},{"taskId":"task-mssof8ffm7ui387","start":"2027-05-14T13:00","finish":"2027-05-18T13:00","duration":5,"isMilestone":false},{"taskId":"task-mssof8fhdjnf388","start":"2027-05-18T13:00","finish":"2027-05-19T09:00","duration":5,"isMilestone":false},{"taskId":"task-mssof8fj4jgq389","start":"2027-05-20","finish":"2027-05-24","duration":3,"isMilestone":false},{"taskId":"task-mssof8fls9d4390","start":"2027-05-25","finish":"2027-05-27","duration":3,"isMilestone":false},{"taskId":"task-mssof8fo2lyp391","start":"2027-05-28","finish":"2027-06-03","duration":5,"isMilestone":false},{"taskId":"task-mssof8fpi1xf392","start":"2027-06-04","finish":"2027-06-07","duration":2,"isMilestone":false},{"taskId":"task-mssof8fr78ti393","start":"2027-06-07","finish":"2027-06-07","duration":0,"isMilestone":true,"milestoneKind":"FINISH"},{"taskId":"task-mssof8fu3wfp395","start":"2027-06-08","finish":"2027-06-10","duration":3,"isMilestone":false},{"taskId":"task-mssof8fzhvrt397","start":"2027-06-11","finish":"2027-06-16","duration":4,"isMilestone":false},{"taskId":"task-mssof8g2jzvs398","start":"2027-06-17","finish":"2027-06-22","duration":4,"isMilestone":false},{"taskId":"task-mssof8g593zw399","start":"2027-06-21","finish":"2027-06-23","duration":3,"isMilestone":false},{"taskId":"task-mssof8g83ury400","start":"2027-06-24","finish":"2027-06-29","duration":4,"isMilestone":false},{"taskId":"task-mssof8gbd4f6401","start":"2027-06-28","finish":"2027-06-30","duration":3,"isMilestone":false},{"taskId":"task-mssof8gegcd0402","start":"2027-07-01","finish":"2027-07-06","duration":4,"isMilestone":false},{"taskId":"task-mssof8ghsmw1403","start":"2027-07-05","finish":"2027-07-07","duration":3,"isMilestone":false},{"taskId":"task-mssof8gkd4ht404","start":"2027-07-08","finish":"2027-07-13","duration":4,"isMilestone":false},{"taskId":"task-mssof8gnto8h405","start":"2027-07-12","finish":"2027-07-14","duration":3,"isMilestone":false},{"taskId":"task-mssof8gsyeyy406","start":"2027-07-15","finish":"2027-07-20","duration":4,"isMilestone":false},{"taskId":"task-mssof8gw4s1x407","start":"2027-07-19","finish":"2027-07-21","duration":3,"isMilestone":false},{"taskId":"task-mssof8h0032f408","start":"2027-07-22","finish":"2027-08-17","duration":4,"isMilestone":false},{"taskId":"task-mssof8h4kde4409","start":"2027-08-16","finish":"2027-08-18","duration":3,"isMilestone":false},{"taskId":"task-mssof8h91w95410","start":"2027-08-19","finish":"2027-08-24","duration":4,"isMilestone":false},{"taskId":"task-mssof8hcbslf411","start":"2027-08-23","finish":"2027-08-25","duration":3,"isMilestone":false},{"taskId":"task-mssof8hjto8f412","start":"2027-08-26","finish":"2027-08-31","duration":4,"isMilestone":false},{"taskId":"task-mssof8hlo20l413","start":"2027-08-30","finish":"2027-09-01","duration":3,"isMilestone":false},{"taskId":"task-mssof8hpdfxt414","start":"2027-09-02","finish":"2027-09-07","duration":4,"isMilestone":false},{"taskId":"task-mssof8hu42l6415","start":"2027-09-06","finish":"2027-09-08","duration":3,"isMilestone":false},{"taskId":"task-mssof8hyqabz416","start":"2027-09-09","finish":"2027-09-14","duration":4,"isMilestone":false},{"taskId":"task-mssof8i13zzn417","start":"2027-09-13","finish":"2027-09-15","duration":3,"isMilestone":false},{"taskId":"task-mssof8i41ldj418","start":"2027-09-16","finish":"2027-09-21","duration":4,"isMilestone":false},{"taskId":"task-mssof8i8hmzo419","start":"2027-09-20","finish":"2027-09-22","duration":3,"isMilestone":false},{"taskId":"task-mssof8ib4cj4420","start":"2027-09-23","finish":"2027-09-28","duration":4,"isMilestone":false},{"taskId":"task-mssof8ieg5ut421","start":"2027-09-27","finish":"2027-09-29","duration":3,"isMilestone":false},{"taskId":"task-mssof8illl6q422","start":"2027-06-11","finish":"2027-08-20","duration":36,"isMilestone":false},{"taskId":"task-mssof8irn066423","start":"2027-09-30","finish":"2027-10-06","duration":5,"isMilestone":false},{"taskId":"task-mssof8iz8z6v424","start":"2027-10-06","finish":"2027-10-06","duration":0,"isMilestone":true,"milestoneKind":"FINISH"},{"taskId":"task-mssof8jabucv426","start":"2027-06-11","finish":"2027-06-16","duration":4,"isMilestone":false},{"taskId":"task-mssof8jesfse427","start":"2027-06-17","finish":"2027-06-22","duration":4,"isMilestone":false},{"taskId":"task-mssof8jh5q43428","start":"2027-06-21","finish":"2027-06-23","duration":3,"isMilestone":false},{"taskId":"task-mssof8jle0aa429","start":"2027-06-24","finish":"2027-06-29","duration":4,"isMilestone":false},{"taskId":"task-mssof8joxhay430","start":"2027-06-28","finish":"2027-06-30","duration":3,"isMilestone":false},{"taskId":"task-mssof8jscde9431","start":"2027-07-01","finish":"2027-07-06","duration":4,"isMilestone":false},{"taskId":"task-mssof8jw04l2432","start":"2027-07-05","finish":"2027-07-07","duration":3,"isMilestone":false},{"taskId":"task-mssof8k1dg2s433","start":"2027-07-08","finish":"2027-07-13","duration":4,"isMilestone":false},{"taskId":"task-mssof8k4sq03434","start":"2027-07-12","finish":"2027-07-14","duration":3,"isMilestone":false},{"taskId":"task-mssof8kbzl7r435","start":"2027-07-15","finish":"2027-07-20","duration":4,"isMilestone":false},{"taskId":"task-mssof8kfdqnq436","start":"2027-07-19","finish":"2027-07-21","duration":3,"isMilestone":false},{"taskId":"task-mssof8kjsnn5437","start":"2027-07-22","finish":"2027-08-17","duration":4,"isMilestone":false},{"taskId":"task-mssof8knsrx9438","start":"2027-08-16","finish":"2027-08-18","duration":3,"isMilestone":false},{"taskId":"task-mssof8ks3zty439","start":"2027-08-19","finish":"2027-08-24","duration":4,"isMilestone":false},{"taskId":"task-mssof8kwftac440","start":"2027-08-23","finish":"2027-08-25","duration":3,"isMilestone":false},{"taskId":"task-mssof8l0xjte441","start":"2027-08-26","finish":"2027-08-31","duration":4,"isMilestone":false},{"taskId":"task-mssof8l5ln4e442","start":"2027-08-30","finish":"2027-09-01","duration":3,"isMilestone":false},{"taskId":"task-mssof8l9dm2u443","start":"2027-09-02","finish":"2027-09-07","duration":4,"isMilestone":false},{"taskId":"task-mssof8lep25q444","start":"2027-09-06","finish":"2027-09-08","duration":3,"isMilestone":false},{"taskId":"task-mssof8libhi8445","start":"2027-09-09","finish":"2027-09-14","duration":4,"isMilestone":false},{"taskId":"task-mssof8lnrcy9446","start":"2027-09-13","finish":"2027-09-15","duration":3,"isMilestone":false},{"taskId":"task-mssof8lrh5op447","start":"2027-09-16","finish":"2027-09-21","duration":4,"isMilestone":false},{"taskId":"task-mssof8lvlkwn448","start":"2027-09-20","finish":"2027-09-22","duration":3,"isMilestone":false},{"taskId":"task-mssof8m0d1kp449","start":"2027-09-23","finish":"2027-09-28","duration":4,"isMilestone":false},{"taskId":"task-mssof8m441vl450","start":"2027-09-27","finish":"2027-09-29","duration":3,"isMilestone":false},{"taskId":"task-mssof8m9wdd2451","start":"2027-06-11","finish":"2027-08-20","duration":36,"isMilestone":false},{"taskId":"task-mssof8mdtxln452","start":"2027-09-30","finish":"2027-10-06","duration":5,"isMilestone":false},{"taskId":"task-mssof8mih0y5453","start":"2027-10-06","finish":"2027-10-06","duration":0,"isMilestone":true,"milestoneKind":"FINISH"},{"taskId":"task-mssof8muqo5f455","start":"2027-06-11","finish":"2027-06-16","duration":4,"isMilestone":false},{"taskId":"task-mssof8mzi39l456","start":"2027-06-17","finish":"2027-06-22","duration":4,"isMilestone":false},{"taskId":"task-mssof8n4dcwx457","start":"2027-06-21","finish":"2027-06-23","duration":3,"isMilestone":false},{"taskId":"task-mssof8nai3r9458","start":"2027-06-24","finish":"2027-06-29","duration":4,"isMilestone":false},{"taskId":"task-mssof8nfvjrd459","start":"2027-06-28","finish":"2027-06-30","duration":3,"isMilestone":false},{"taskId":"task-mssof8nkea4l460","start":"2027-07-01","finish":"2027-07-06","duration":4,"isMilestone":false},{"taskId":"task-mssof8np0rof461","start":"2027-07-05","finish":"2027-07-07","duration":3,"isMilestone":false},{"taskId":"task-mssof8ntx7rm462","start":"2027-07-08","finish":"2027-07-13","duration":4,"isMilestone":false},{"taskId":"task-mssof8nyd00z463","start":"2027-07-12","finish":"2027-07-14","duration":3,"isMilestone":false},{"taskId":"task-mssof8o3q8yg464","start":"2027-07-15","finish":"2027-07-20","duration":4,"isMilestone":false},{"taskId":"task-mssof8o7lv20465","start":"2027-07-19","finish":"2027-07-21","duration":3,"isMilestone":false},{"taskId":"task-mssof8odjbkb466","start":"2027-07-22","finish":"2027-08-17","duration":4,"isMilestone":false},{"taskId":"task-mssof8oi4amb467","start":"2027-08-16","finish":"2027-08-18","duration":3,"isMilestone":false},{"taskId":"task-mssof8onlp94468","start":"2027-08-19","finish":"2027-08-24","duration":4,"isMilestone":false},{"taskId":"task-mssof8osexgg469","start":"2027-08-23","finish":"2027-08-25","duration":3,"isMilestone":false},{"taskId":"task-mssof8oxnj04470","start":"2027-08-26","finish":"2027-08-31","duration":4,"isMilestone":false},{"taskId":"task-mssof8p2i4s6471","start":"2027-08-30","finish":"2027-09-01","duration":3,"isMilestone":false},{"taskId":"task-mssof8p77fqe472","start":"2027-09-02","finish":"2027-09-07","duration":4,"isMilestone":false},{"taskId":"task-mssof8pgrges473","start":"2027-09-06","finish":"2027-09-08","duration":3,"isMilestone":false},{"taskId":"task-mssof8pkqcdb474","start":"2027-09-09","finish":"2027-09-14","duration":4,"isMilestone":false},{"taskId":"task-mssof8ppc8tw475","start":"2027-09-13","finish":"2027-09-15","duration":3,"isMilestone":false},{"taskId":"task-mssof8ptdyee476","start":"2027-09-16","finish":"2027-09-21","duration":4,"isMilestone":false},{"taskId":"task-mssof8pzmdn3477","start":"2027-09-20","finish":"2027-09-22","duration":3,"isMilestone":false},{"taskId":"task-mssof8q3avx2478","start":"2027-09-23","finish":"2027-09-28","duration":4,"isMilestone":false},{"taskId":"task-mssof8q8e8p8479","start":"2027-09-27","finish":"2027-09-29","duration":3,"isMilestone":false},{"taskId":"task-mssof8qdq4ty480","start":"2027-06-11","finish":"2027-08-20","duration":36,"isMilestone":false},{"taskId":"task-mssof8qikyqe481","start":"2027-09-30","finish":"2027-10-06","duration":5,"isMilestone":false},{"taskId":"task-mssof8qnxoev482","start":"2027-10-06","finish":"2027-10-06","duration":0,"isMilestone":true,"milestoneKind":"FINISH"},{"taskId":"task-mssof8qsq7m3483","start":"2027-06-11","finish":"2027-10-06","duration":69,"isMilestone":false},{"taskId":"task-mssof8qu1vlb484","start":"2027-10-07","finish":"2027-10-08","duration":2,"isMilestone":false},{"taskId":"task-mssof8r9cn75487","start":"2027-10-07","finish":"2027-10-11","duration":3,"isMilestone":false},{"taskId":"task-mssof8rexcpw488","start":"2027-10-12","finish":"2027-10-21","duration":8,"isMilestone":false},{"taskId":"task-mssof8rj36o9489","start":"2027-10-22","finish":"2027-11-04","duration":10,"isMilestone":false},{"taskId":"task-mssof8ro11t6490","start":"2027-11-05","finish":"2027-11-12","duration":6,"isMilestone":false},{"taskId":"task-mssof8rxzqhh491","start":"2027-10-07","finish":"2027-10-13","duration":5,"isMilestone":false},{"taskId":"task-mssof8s3fdwz492","start":"2027-10-14","finish":"2027-10-20","duration":5,"isMilestone":false},{"taskId":"task-mssof8sb3rqg493","start":"2027-11-15","finish":"2027-11-19","duration":5,"isMilestone":false},{"taskId":"task-mssof8sgp2ss494","start":"2027-10-21","finish":"2027-10-25","duration":3,"isMilestone":false},{"taskId":"task-mssof8sl6lmj495","start":"2027-11-22","finish":"2027-11-23","duration":2,"isMilestone":false},{"taskId":"task-mssof8sw3pqn497","start":"2027-10-07","finish":"2027-10-11","duration":3,"isMilestone":false},{"taskId":"task-mssof8t117e3498","start":"2027-10-12","finish":"2027-10-21","duration":8,"isMilestone":false},{"taskId":"task-mssof8t7vcyd499","start":"2027-10-22","finish":"2027-11-04","duration":10,"isMilestone":false},{"taskId":"task-mssof8tcervz500","start":"2027-11-05","finish":"2027-11-12","duration":6,"isMilestone":false},{"taskId":"task-mssof8thvf6b501","start":"2027-10-07","finish":"2027-10-13","duration":5,"isMilestone":false},{"taskId":"task-mssof8tn5cir502","start":"2027-10-14","finish":"2027-10-20","duration":5,"isMilestone":false},{"taskId":"task-mssof8tt6lax503","start":"2027-11-15","finish":"2027-11-19","duration":5,"isMilestone":false},{"taskId":"task-mssof8tyulyv504","start":"2027-10-21","finish":"2027-10-25","duration":3,"isMilestone":false},{"taskId":"task-mssof8u44haw505","start":"2027-11-22","finish":"2027-11-23","duration":2,"isMilestone":false},{"taskId":"task-mssof8uj8enz507","start":"2027-10-07","finish":"2027-10-11","duration":3,"isMilestone":false},{"taskId":"task-mssof8upus6n508","start":"2027-10-12","finish":"2027-10-21","duration":8,"isMilestone":false},{"taskId":"task-mssof8uvxrqa509","start":"2027-10-22","finish":"2027-11-04","duration":10,"isMilestone":false},{"taskId":"task-mssof8v1o5ru510","start":"2027-11-05","finish":"2027-11-12","duration":6,"isMilestone":false},{"taskId":"task-mssof8v7vyr3511","start":"2027-10-07","finish":"2027-10-13","duration":5,"isMilestone":false},{"taskId":"task-mssof8vdqk25512","start":"2027-10-14","finish":"2027-10-20","duration":5,"isMilestone":false},{"taskId":"task-mssof8vjl90p513","start":"2027-11-15","finish":"2027-11-19","duration":5,"isMilestone":false},{"taskId":"task-mssof8vpq641514","start":"2027-10-21","finish":"2027-10-25","duration":3,"isMilestone":false},{"taskId":"task-mssof8vv3r6l515","start":"2027-11-22","finish":"2027-11-23","duration":2,"isMilestone":false},{"taskId":"task-mssof8w1exf5516","start":"2027-11-24","finish":"2027-11-29","duration":4,"isMilestone":false},{"taskId":"task-mssof8w7qfbr517","start":"2027-06-04","finish":"2027-06-10","duration":5,"isMilestone":false},{"taskId":"task-mssof8wgnoz7519","start":"2027-11-30","finish":"2027-12-07","duration":6,"isMilestone":false},{"taskId":"task-mssof8wmbmas520","start":"2027-12-08","finish":"2027-12-13","duration":4,"isMilestone":false},{"taskId":"task-mssof8wt5i53521","start":"2027-12-14","finish":"2027-12-16","duration":3,"isMilestone":false},{"taskId":"task-mssof8x27ggk522","start":"2027-12-17","finish":"2027-12-22","duration":4,"isMilestone":false},{"taskId":"task-mssof8xeglwq524","start":"2027-11-24","finish":"2027-12-03","duration":8,"isMilestone":false},{"taskId":"task-mssof8xl5e6q525","start":"2027-11-26","finish":"2027-12-06","duration":7,"isMilestone":false},{"taskId":"task-mssof8xrugcv526","start":"2027-12-07","finish":"2027-12-13","duration":5,"isMilestone":false},{"taskId":"task-mssof8xxjxp6527","start":"2027-12-14","finish":"2027-12-20","duration":5,"isMilestone":false},{"taskId":"task-mssof8y39cmi528","start":"2027-12-21","finish":"2027-12-24","duration":4,"isMilestone":false},{"taskId":"task-mssof8y9iwl9529","start":"2027-12-27","finish":"2027-12-30","duration":4,"isMilestone":false},{"taskId":"task-mssof8yg1e3g530","start":"2027-12-31","finish":"2028-01-13","duration":10,"isMilestone":false},{"taskId":"task-mssof8yoavsh531","start":"2028-01-13","finish":"2028-01-13","duration":0,"isMilestone":true,"milestoneKind":"FINISH"},{"taskId":"task-mssof8z1s0pz533","start":"2027-11-24","finish":"2027-12-03","duration":8,"isMilestone":false},{"taskId":"task-mssof8z8gxr7534","start":"2027-11-26","finish":"2027-12-06","duration":7,"isMilestone":false},{"taskId":"task-mssof8zh3nzu535","start":"2027-12-07","finish":"2027-12-13","duration":5,"isMilestone":false},{"taskId":"task-mssof8zoejae536","start":"2027-12-14","finish":"2027-12-20","duration":5,"isMilestone":false},{"taskId":"task-mssof8zvcslb537","start":"2027-12-21","finish":"2027-12-24","duration":4,"isMilestone":false},{"taskId":"task-mssof9028vy4538","start":"2027-12-27","finish":"2027-12-30","duration":4,"isMilestone":false},{"taskId":"task-mssof9098wvt539","start":"2027-12-31","finish":"2028-01-13","duration":10,"isMilestone":false},{"taskId":"task-mssof90if5jx540","start":"2028-01-13","finish":"2028-01-13","duration":0,"isMilestone":true,"milestoneKind":"FINISH"},{"taskId":"task-mssof90w745w542","start":"2027-11-24","finish":"2027-12-03","duration":8,"isMilestone":false},{"taskId":"task-mssof9136poo543","start":"2027-11-26","finish":"2027-12-06","duration":7,"isMilestone":false},{"taskId":"task-mssof91a8det544","start":"2027-12-07","finish":"2027-12-13","duration":5,"isMilestone":false},{"taskId":"task-mssof91h0ecp545","start":"2027-12-14","finish":"2027-12-20","duration":5,"isMilestone":false},{"taskId":"task-mssof91o44ti546","start":"2027-12-21","finish":"2027-12-24","duration":4,"isMilestone":false},{"taskId":"task-mssof922tbqa547","start":"2027-12-27","finish":"2027-12-30","duration":4,"isMilestone":false},{"taskId":"task-mssof92agk63548","start":"2027-12-31","finish":"2028-01-13","duration":10,"isMilestone":false},{"taskId":"task-mssof92ks4en549","start":"2028-01-13","finish":"2028-01-13","duration":0,"isMilestone":true,"milestoneKind":"FINISH"},{"taskId":"task-mssof931gmor552","start":"2028-01-14","finish":"2028-02-03","duration":15,"isMilestone":false},{"taskId":"task-mssof9396czu553","start":"2028-02-04","finish":"2028-02-17","duration":10,"isMilestone":false},{"taskId":"task-mssof93gy3x0555","start":"2028-02-18","finish":"2028-02-29","duration":8,"isMilestone":false},{"taskId":"task-mssof93nciaj556","start":"2028-03-01","finish":"2028-03-09","duration":7,"isMilestone":false},{"taskId":"task-mssof93vkvbw557","start":"2028-03-10","finish":"2028-03-21","duration":8,"isMilestone":false},{"taskId":"task-mssof944k2cy558","start":"2028-03-22","finish":"2028-03-28","duration":5,"isMilestone":false},{"taskId":"task-mssof94cou6s559","start":"2028-03-29","finish":"2028-04-04","duration":5,"isMilestone":false},{"taskId":"task-mssof94j1mci560","start":"2028-04-05","finish":"2028-04-10","duration":4,"isMilestone":false},{"taskId":"task-mssof9501bdb563","start":"2028-01-14","finish":"2028-02-03","duration":15,"isMilestone":false},{"taskId":"task-mssof9571lie564","start":"2028-02-04","finish":"2028-02-17","duration":10,"isMilestone":false},{"taskId":"task-mssof95e6r0m565","start":"2028-02-18","finish":"2028-02-29","duration":8,"isMilestone":false},{"taskId":"task-mssof95m2wch566","start":"2028-03-01","finish":"2028-03-09","duration":7,"isMilestone":false},{"taskId":"task-mssof95tgvll567","start":"2028-03-10","finish":"2028-03-21","duration":8,"isMilestone":false},{"taskId":"task-mssof961gcvt568","start":"2028-03-22","finish":"2028-03-28","duration":5,"isMilestone":false},{"taskId":"task-mssof9683j1a569","start":"2028-03-29","finish":"2028-04-04","duration":5,"isMilestone":false},{"taskId":"task-mssof96gj1t2570","start":"2028-04-05","finish":"2028-04-10","duration":4,"isMilestone":false},{"taskId":"task-mssof96wch1w572","start":"2028-01-14","finish":"2028-01-31","duration":12,"isMilestone":false},{"taskId":"task-mssof9740vat573","start":"2028-02-01","finish":"2028-02-14","duration":10,"isMilestone":false},{"taskId":"task-mssof97gn2eu574","start":"2028-02-15","finish":"2028-02-24","duration":8,"isMilestone":false},{"taskId":"task-mssof97oeovm575","start":"2028-02-25","finish":"2028-03-06","duration":7,"isMilestone":false},{"taskId":"task-mssof97v4n5c576","start":"2028-03-07","finish":"2028-03-16","duration":8,"isMilestone":false},{"taskId":"task-mssof983u43b577","start":"2028-03-17","finish":"2028-03-23","duration":5,"isMilestone":false},{"taskId":"task-mssof98bbv2m578","start":"2028-03-24","finish":"2028-03-30","duration":5,"isMilestone":false},{"taskId":"task-mssof98jx2yh579","start":"2028-03-31","finish":"2028-04-05","duration":4,"isMilestone":false},{"taskId":"task-mssof98raav0580","start":"2027-11-30","finish":"2027-12-07","duration":6,"isMilestone":false},{"taskId":"task-mssof98zdr6v581","start":"2027-12-08","finish":"2027-12-13","duration":4,"isMilestone":false},{"taskId":"task-mssof99711fh582","start":"2027-12-08","finish":"2027-12-13","duration":4,"isMilestone":false},{"taskId":"task-mssof99g7f1h583","start":"2027-12-14","finish":"2027-12-20","duration":5,"isMilestone":false},{"taskId":"task-mssof99olnht584","start":"2027-12-21","finish":"2027-12-24","duration":4,"isMilestone":false},{"taskId":"task-mssof9a0cvnc585","start":"2027-12-27","finish":"2027-12-28","duration":2,"isMilestone":false},{"taskId":"task-mssof9a9k9gg586","start":"2027-12-29","finish":"2027-12-31","duration":3,"isMilestone":false},{"taskId":"task-mssof9arg1yc588","start":"2027-06-11","finish":"2027-07-22","duration":30,"isMilestone":false},{"taskId":"task-mssof9b1xwnw589","start":"2027-07-23","finish":"2027-09-15","duration":24,"isMilestone":false},{"taskId":"task-mssof9ba54lf590","start":"2027-09-16","finish":"2027-10-15","duration":22,"isMilestone":false},{"taskId":"task-mssof9bkgqro591","start":"2027-10-18","finish":"2027-11-08","duration":16,"isMilestone":false},{"taskId":"task-mssof9bux10x592","start":"2027-11-09","finish":"2027-11-30","duration":16,"isMilestone":false},{"taskId":"task-mssof9c4nvv4593","start":"2027-12-01","finish":"2027-12-14","duration":10,"isMilestone":false},{"taskId":"task-mssof9cer6oa594","start":"2027-12-15","finish":"2027-12-28","duration":10,"isMilestone":false},{"taskId":"task-mssof9cncc2a595","start":"2027-12-29","finish":"2028-01-17","duration":14,"isMilestone":false},{"taskId":"task-mssof9dhcnn7596","start":"2028-01-18","finish":"2028-01-31","duration":10,"isMilestone":false},{"taskId":"task-mssof9dv262a597","start":"2028-02-01","finish":"2028-02-16","duration":12,"isMilestone":false},{"taskId":"task-mssof9e4l2qg598","start":"2028-02-16","finish":"2028-02-16","duration":0,"isMilestone":true,"milestoneKind":"FINISH"},{"taskId":"task-mssof9ed26ab599","start":"2028-02-17","finish":"2028-02-22","duration":4,"isMilestone":false},{"taskId":"task-mssof9emquyo600","start":"2028-02-23","finish":"2028-02-23","duration":0,"isMilestone":true,"milestoneKind":"START"},{"taskId":"task-mssof9ewif8m601","start":"2028-02-21","finish":"2028-02-23","duration":3,"isMilestone":false},{"taskId":"task-mssof9f8mgd1602","start":"2028-02-23","finish":"2028-02-28","duration":4,"isMilestone":false},{"taskId":"task-mssof9fh4ecp603","start":"2028-02-29","finish":"2028-03-07","duration":6,"isMilestone":false},{"taskId":"task-mssof9ftvnss605","start":"2028-03-08","finish":"2028-03-10","duration":3,"isMilestone":false},{"taskId":"task-mssof9g70uid606","start":"2028-03-08","finish":"2028-03-14","duration":5,"isMilestone":false},{"taskId":"task-mssof9gg5hnc607","start":"2028-03-15","finish":"2028-03-17","duration":3,"isMilestone":false},{"taskId":"task-mssof9gquh3p608","start":"2028-03-20","finish":"2028-03-21","duration":2,"isMilestone":false},{"taskId":"task-mssof9h0z4qo609","start":"2028-03-22","finish":"2028-03-22","duration":1,"isMilestone":false},{"taskId":"task-mssof9hbu0cc610","start":"2028-03-22","finish":"2028-03-22","duration":0,"isMilestone":true,"milestoneKind":"FINISH"},{"taskId":"task-mssof9hyvp91612","start":"2028-04-10","finish":"2028-04-10","duration":0,"isMilestone":true,"milestoneKind":"FINISH"},{"taskId":"task-mssof9i9mgo4613","start":"2028-04-10","finish":"2028-04-10","duration":0,"isMilestone":true,"milestoneKind":"FINISH"},{"taskId":"task-mssof9ikdemc614","start":"2028-04-05","finish":"2028-04-05","duration":0,"isMilestone":true,"milestoneKind":"FINISH"},{"taskId":"task-mssof9j57cj9615","start":"2028-03-23","finish":"2028-03-27","duration":3,"isMilestone":false},{"taskId":"task-mssof9jumb8e616","start":"2028-03-31","finish":"2028-04-03","duration":2,"isMilestone":false},{"taskId":"task-mssof9k6zkyw617","start":"2028-03-28","finish":"2028-03-30","duration":3,"isMilestone":false},{"taskId":"task-mssof9kghwge618","start":"2028-04-03","finish":"2028-04-03","duration":0,"isMilestone":true,"milestoneKind":"FINISH"},{"taskId":"task-mssof9kqxcg1619","start":"2028-04-04","finish":"2028-04-04","duration":0,"isMilestone":true,"milestoneKind":"START"},{"taskId":"task-mssof9l0z68a620","start":"2028-04-04","finish":"2028-04-04","duration":1,"isMilestone":false},{"taskId":"task-mssofb4a3nwi1077","start":"2027-06-08","finish":"2027-06-15","duration":6,"isMilestone":false}],"projectEnd":"2028-04-10","projectDuration":270}]'),$);
#2665=IFCPROPERTYSINGLEVALUE('TaskGuids',$,IFCTEXT('{"task-mssof8e5rxe0359":"wBgPvBmNc1gzxFZFkVnLE5","task-mssof8e75qi1361":"aZuFRXDnU70n$rUVRXRFb$","task-mssof8e892m7362":"zjYLfjTHRBdJAvYFB9A9SN","task-mssof8eak7xj363":"Qxqp1dUnAf3fVl91a5xHVd","task-mssof8ebr1v3364":"SZGPl1nvcVUfZtqF0vWPBP","task-mssof8ecgora365":"V$NRmPM$MRDt$rA$nR9rSt","task-mssof8eezzh7366":"uj5VSjIl9L3fT9yFb1H31N","task-mssof8efil6y367":"Hf8XKhxFS1XbPFXV0vunnR","task-mssof8eg8lqz368":"6rcfeT9NYp61i581EJk$kr","task-mssof8ejiiyx370":"qrnx2B8vMxFDKVN$s1Px$p","task-mssof8el2gwm371":"VzqxALBlfbp9Nv_nVpk5R1","task-mssof8em9yfo372":"X1HjR1d9L7G$OXplZ$pPzB","task-mssof8eo06fb373":"PXRlZfNN45tbfP2VLTzfAz","task-mssof8eqg2ul374":"6HpvJ3JVtBnhI5O$rJnZ$p","task-mssof8ercc24375":"wF7TGtiVVx9bjJlVPn93hp","task-mssof8et82u3376":"HRL1_dzl33Mnzbe$XDMZr7","task-mssof8eva9t6377":"K5nDxBd9jhHBibinkTaBuJ","task-mssof8ex33by378":"EBNjFLT1oHLlJ$ZnMByhMN","task-mssof8f0wjrz379":"CNk5IFS$I19znJLFZ1pPb$","task-mssof8f1xio3380":"FhxVCvv9HJCZ1XTHq30vr3","task-mssof8f3j7ty381":"nP6p7r0tZ1ATFdM1XFB1E5","task-mssof8f5pjnp382":"c$ljVpEtVxN5bhEF_RvbBz","task-mssof8f6meg7383":"wLM32ha$MxPBqhMHUrLH3d","task-mssof8f8nzih384":"s9QfO5sdFnKRVxWXXDobZt","task-mssof8fadf1z385":"IRrVWVL$EHbXcF$XULfTDp","task-mssof8fce5ff386":"uDfjPfndNF9R5FjnrNQp0t","task-mssof8ffm7ui387":"OxqxE$sdnnSJUzVVIzuFRX","task-mssof8fhdjnf388":"9fER0ld9Dbz76phH130v5r","task-mssof8fj4jgq389":"C9Y1knyHXdHJoV3HULFhgt","task-mssof8fls9d4390":"ovEn9Xg$sfpPCn9$9vSzzd","task-mssof8fo2lyp391":"rt2VGt41mzG$8tWV3HVD0f","task-mssof8fpi1xf392":"mt4T8rGfWRjNNRO$qF7peh","task-mssof8fr78ti393":"lRZfKtT1s9lBGbe1CZa3PL","task-mssof8fu3wfp395":"g7Kb0n31K9oByZ3nKJoX0f","task-mssof8fzhvrt397":"FvcNm7k933cV2ds197Cbdr","task-mssof8g2jzvs398":"2DIlb5NNEHx1KbqFKDEbFV","task-mssof8g593zw399":"IfO1Qjs$utVRxHN$IZKxVZ","task-mssof8g83ury400":"2DoF9$gPljSJInZnsxMZzh","task-mssof8gbd4f6401":"_J_rTRYFA97DadQ12fcpux","task-mssof8gegcd0402":"ivCxAHldPDsHtB2V7Xbnd7","task-mssof8ghsmw1403":"c1nphjA18VslXHVVsxYhw1","task-mssof8gkd4ht404":"SzyTW$7thJUxDFFXFNYhgN","task-mssof8gnto8h405":"h3Nb41UNWRjN5bKHiVTNsP","task-mssof8gsyeyy406":"6nNJFhBl73GVYfKlm1rFb1","task-mssof8gw4s1x407":"fTBXal097NkdSPUVRVZNUp","task-mssof8h0032f408":"X$7rzhaHRhZt7$3FeDDdBd","task-mssof8h4kde4409":"j5Ph9zhHnTQDmxKnopMTRX","task-mssof8h91w95410":"4lrnRV5V$91xBp9$5LmfYH","task-mssof8hcbslf411":"oPgzg5n7Y70n7VnXzJoXab","task-mssof8hjto8f412":"IbDdtzLHvNkPO1P1KXRn79","task-mssof8hlo20l413":"N7qpnn5FCZ_bbVbnql5Xux","task-mssof8hpdfxt414":"L7q5UxsdTp8NRL_F9PeXeT","task-mssof8hu42l6415":"PXDd7LSl3Hu7grkVYParSR","task-mssof8hyqabz416":"aVTfihz1CvWHpHzlkVVblH","task-mssof8i13zzn417":"xLQJt$UNedHjMLslaxpdjz","task-mssof8i41ldj418":"j9ijrPolnT6JYzt1a5pdxH","task-mssof8i8hmzo419":"f7CpvrOdrfgn$h2F3FTfA7","task-mssof8ib4cj4420":"4HZfCxlvy5dButmV29YF5H","task-mssof8ieg5ut421":"EhhlDHGNQVQX2Df17RA9ux","task-mssof8illl6q422":"6hsZ0l9fAfb1mhYn$1zfot","task-mssof8irn066423":"Erd3QpYNK9UxLTLHJ9Q7xB","task-mssof8iz8z6v424":"P1FpTtBlV7Dtt9yH5l3Ncl","task-mssof8jabucv426":"XTG7fHGfu$M3fvYnBNwJg9","task-mssof8jesfse427":"ZTWfaD67sLPjsPkV_fAzBZ","task-mssof8jh5q43428":"5lLHBzCXnHm$WJv$zj2HhJ","task-mssof8jle0aa429":"ovklDl8dbrlBSdQ$QTR1_X","task-mssof8joxhay430":"O37rFBfNu$2RPn$VU7WPTb","task-mssof8jscde9431":"O5C5o$UNWx9RJjHXFRd59F","task-mssof8jw04l2432":"0FR$6dEl$BJvs7MHMLOHrz","task-mssof8k1dg2s433":"EhR1QJA1arjvgfmVyBBFB7","task-mssof8k4sq03434":"nrlRSJwXXbbXsbu$A5A33d","task-mssof8kbzl7r435":"gP0tQNGN4nnp0T1XgFPJsP","task-mssof8kfdqnq436":"GdMzMbjnWbJf3PoVm$rFv9","task-mssof8kjsnn5437":"5LERyXwVTVUfLZxlmnhXKV","task-mssof8knsrx9438":"QRWNWXZlRh3fJ1LHPnvpKj","task-mssof8ks3zty439":"g3lJhNGNyx7hYfilG$Z9SR","task-mssof8kwftac440":"uhob8DffkBFLgrA1BppPDj","task-mssof8l0xjte441":"orNJFhhlbrnhAvgHARAt4P","task-mssof8l5ln4e442":"QxC56v_fgRBnnplXtdmf2$","task-mssof8l9dm2u443":"UZ0tIJ5Vrt_R99Cl6JtBql","task-mssof8lep25q444":"1FR12hiVXxdBaD91Jf6Jsv","task-mssof8libhi8445":"7nn5AB7tvfQVUzVVsR2HJX","task-mssof8lnrcy9446":"7lZfuBOv4Fdr8tmVElnT$p","task-mssof8lrh5op447":"vn7Z4TGfAfhlbLslO5YLUH","task-mssof8lvlkwn448":"4pgdT9z18993FJZHydGN6X","task-mssof8m0d1kp449":"OTrVyVcXvT4hY9mX69I$UH","task-mssof8m441vl450":"vL6phJYFEHrFzbWVL31x$D","task-mssof8m9wdd2451":"JRh1MVTlt19zrPoVClR1ER","task-mssof8mdtxln452":"8r6t_v9NSVzNHfilSbPxtn","task-mssof8mih0y5453":"AfQjfHOPTpOPWDTFIV7DOL","task-mssof8muqo5f455":"V$fbm9KXP7mXQFVXCz0vF$","task-mssof8mzi39l456":"H57BtXs$8tPjY981YrxVGl","task-mssof8n4dcwx457":"KvijdfP9LvmXInJnVnztax","task-mssof8nai3r9458":"t9s7T5EtHJiRrPQ1_bNh_T","task-mssof8nfvjrd459":"UZ09MXjnyFPB0T7$opoRPB","task-mssof8nkea4l460":"$np75ltNcDmVIxmVgL07DH","task-mssof8np0rof461":"eb09Ut5nynnDWppF13mNcr","task-mssof8ntx7rm462":"ivKjVJoHFZU5plxngryTrP","task-mssof8nyd00z463":"iv4rrvsPxnnp8nznWfI5rP","task-mssof8o3q8yg464":"3pgdvBGNst15rpN1pLvDqn","task-mssof8o7lv20465":"vHb1YRUnAfb$8tmVopobVv","task-mssof8odjbkb466":"qt6toTv9bLxX_JhFjt2l1t","task-mssof8oi4amb467":"T34B5FxFq70nZBQ$oHP5Dp","task-mssof8onlp94468":"STe$6TGf0B7Di5e$13unJZ","task-mssof8osexgg469":"yF9pZfvtNntbVRiF6fEbDn","task-mssof8oxnj04470":"eTrV4TWt9hZ9VRil0dqbpH","task-mssof8p2i4s6471":"YXBVCP5VdDw$8falVjk$2$","task-mssof8p77fqe472":"fZRHFnLlx5FDqn1VsRgfkh","task-mssof8pgrges473":"cxqxAB$vIB7pSdA1BDj7Dn","task-mssof8pkqcdb474":"ADlRiBd9px$ZbBA$T1pdDp","task-mssof8ppc8tw475":"_Jg3sF3$SL93npnXZTKx7f","task-mssof8ptdyee476":"UZ0tEXcX19t3VRaFF5ZfAv","task-mssof8pzmdn3477":"kN8n1ZGN_ZCxvDhHrJPxxl","task-mssof8q3avx2478":"8p9pDHOPZpWlRLEFYPCpeL","task-mssof8q8e8p8479":"O5SzkjpnQJypGL2n9vCRNz","task-mssof8qdq4ty480":"h7CpfJjnKJqThZRlwD5l9D","task-mssof8qikyqe481":"NviRyT8d5xHjY3v13pcpOz","task-mssof8qnxoev482":"pBVL17_NEn1TjVXV_9QvnX","task-mssof8qsq7m3483":"xn1rlx9fGDMnlzlXNN_B09","task-mssof8qu1vlb484":"h7S3kle7C3cXQ3LnzH9BqZ","task-mssof8r9cn75487":"d1XzEXwXNljfzvoFUBDPN1","task-mssof8rexcpw488":"Dv2X0lHdjhXbb1nV7bYn1J","task-mssof8rj36o9489":"C9AvjzrHZJSjkbSn9dGtSR","task-mssof8ro11t6490":"GdcJ5n31SBBFdnnV1$3fo5","task-mssof8rxzqhh491":"Dd6DLpUNSr5XsvIFiDwjYH","task-mssof8s3fdwz492":"G9aLNDdttL5V61JFr9k$6b","task-mssof8sb3rqg493":"Ib5nlxVdnnyD03JlRVr$kB","task-mssof8sgp2ss494":"Z34rJTlPdDUfPZP$ejFZtl","task-mssof8sl6lmj495":"8D9DdRs$yxV35nhHN9oVy7","task-mssof8sw3pqn497":"Ob09g5$PFZYxtL6lNNszrZ","task-mssof8t117e3498":"wHrFrPkHHVQVgrYXBfA3dB","task-mssof8t7vcyd499":"3jYLbRxVnH0nJJnVpB5X09","task-mssof8tcervz500":"PRWfe3JXjrDPqlRniVhXeh","task-mssof8thvf6b501":"AjR1sn31KJCTH9e$0Pyho5","task-mssof8tn5cir502":"AjztQJM1EnXzfPQ$2tUFLt","task-mssof8tt6lax503":"l5txgVB$CdaBG5ylFtI$_$","task-mssof8tyulyv504":"4FXhzPxXhPqZpl5Fops3PL","task-mssof8u44haw505":"L7Cx6vQ7SLFhkFDnR5gZhf","task-mssof8uj8enz507":"IfGPxLrHxlRVMtaFxheltD","task-mssof8upus6n508":"GNeHPx_f2zm$WDhHlB3f2z","task-mssof8uvxrqa509":"tNcJFB1vUpsHrpt1VDYh_Z","task-mssof8v1o5ru510":"ide1oXIlbXxVQzZlqTSBCF","task-mssof8v7vyr3511":"i7yTqbB$qZIhQZXVWNMTxn","task-mssof8vdqk25512":"l5fROTNNGjIL2Dd$qzmNkh","task-mssof8vjl90p513":"QbGPbxP9X7hl3vgHEDI5tH","task-mssof8vpq641514":"WXpdXfW9PjEr0TlVxLmt4L","task-mssof8vv3r6l515":"uD1rXDwv2tY5BjzlojoVmn","task-mssof8w1exf5516":"UXz9wTW9ZJKzLNaFR52r0f","task-mssof8w7qfbr517":"QxS3Ipl70rPjEhcHrNcDqn","task-mssof8wgnoz7519":"Jfe12v1P3FaBCBs$rpj7pH","task-mssof8wmbmas520":"aXDPj$cvmJY5hTbHAx_Bez","task-mssof8wt5i53521":"tDtDdxUf4Ff5j$RH_9cvX7","task-mssof8x27ggk522":"rD$rvdJn89Pj_7onMrS3Lp","task-mssof8xeglwq524":"nBVLvhKFoxvhUz$X0dS3Hl","task-mssof8xl5e6q525":"ZziJtVcXtr$xfxql_NgTd7","task-mssof8xrugcv526":"2pIHlVzHtLb1WpblAbMfgj","task-mssof8xxjxp6527":"sptpBTOPzzgnv1TnYdaBy7","task-mssof8y39cmi528":"$jYhRRTHJNZtjJd1JNERn$","task-mssof8y9iwl9529":"xnFxAhBldjwjcFXXOpZfAv","task-mssof8yg1e3g530":"0Fz9U95nqPSJARWVNNEbdr","task-mssof8yoavsh531":"9fkxQfOvCz2tL9u$dhOHVv","task-mssof8z1s0pz533":"5rIH7rOPjLfTDlrFpBb1sd","task-mssof8z8gxr7534":"wF9pzvXdR1t33bGXwN2ryv","task-mssof8zh3nzu535":"NP09QDYNy5tbJjd1n539Gl","task-mssof8zoejae536":"_pIlz779V57h2pFV5lLHPr","task-mssof8zvcslb537":"5LobOzBlPjwJUTRlwf_BKj","task-mssof9028vy4538":"YXL$UREHvf_9zRO1vX5l$f","task-mssof9098wvt539":"OxyZKhJXhvWHPTXXCz8$QH","task-mssof90if5jx540":"YTO1Yxgd7fAHXnjFzjk1_T","task-mssof90w745w542":"Gvwtgbh1gbbXEV5F25bnh9","task-mssof9136poo543":"bRWNy$2fUd4LMh_FN9gfEx","task-mssof91a8det544":"prlRmPg1_NEvQlDlZX7pSb","task-mssof91h0ecp545":"WVTfebElznKb5FblgHDPPP","task-mssof91o44ti546":"PV3tkpH7m3e93be1vVhXyL","task-mssof922tbqa547":"Zz4Br7MdhjQDunblYhnL_3","task-mssof92agk63548":"i51ZG7o99Vb18nxH8z1xT5","task-mssof92ks4en549":"Q5a3IjxVJhvDa7onwNA3bx","task-mssof931gmor552":"Er1Bd9bnYd4hMLwHPF15NV","task-mssof9396czu553":"8jztUNndzlWl1XjH5lzfwx","task-mssof93gy3x0555":"Ev_XiNFP7f29npN$HvWdDj","task-mssof93nciaj556":"FBtDNpvtpdPBavAHuLOHhj","task-mssof93vkvbw557":"ttwtsBv9znaJw$TnEjI1s7","task-mssof944k2cy558":"Y3az2LincVsHthgHQTjvpl","task-mssof94cou6s559":"sJ5XCx9fqdSjEhUFJ55Hz7","task-mssof94j1mci560":"6BIlxr$vkBtzVxWVNfk5tF","task-mssof9501bdb563":"LZBV4Zmf8tXR71DnZXfZNX","task-mssof9571lie564":"ZTWNezRFwHGVoVrnLP07R5","task-mssof95e6r0m565":"orP3kHuPDPHJU9mXK$nZtF","task-mssof95m2wch566":"sf_BL9y1W5FpChAlSbdxr7","task-mssof95tgvll567":"rJhHDHuP3nSjkRSHDvel9j","task-mssof961gcvt568":"b$VzcNuPvtY5$VbnODDd7f","task-mssof9683j1a569":"ov2XKhhHhpMnD3DlRbMN2T","task-mssof96gj1t2570":"xBU$oXYnQJCTPzzHMheXGH","task-mssof96wch1w572":"PXTf0lfN0hR1ClLnZXnhER","task-mssof9740vat573":"2pQNexUNaVLHplrFDBxVWP","task-mssof97gn2eu574":"FdUh$PoHzl0nf7oFQ74hwX","task-mssof97oeovm575":"ZZeHDluvwlWll9e$LTT9Wv","task-mssof97v4n5c576":"G9S3c9y1q3AHLzN1w9gN_$","task-mssof983u43b577":"HxNbW19fifsl3dYVNJ9r4r","task-mssof98bbv2m578":"0H$rt$_fobD9htGVuBK5lB","task-mssof98jx2yh579":"XT09cpwv6HOPmhgHAbstiD","task-mssof98raav0580":"STWNGNmNGpkdqFf$7bMfUH","task-mssof98zdr6v581":"1njP$vgPlD8vUfalF55H75","task-mssof99711fh582":"EPYhVfWtzz61Ch6ljtoXOT","task-mssof99g7f1h583":"XTmPrZOdbXb$unRlwpbnfX","task-mssof99olnht584":"GfuFXDItFHWlthQH1VNZlr","task-mssof9a0cvnc585":"2pcfmPIlPpYfJ$ZFQPu1YD","task-mssof9a9k9gg586":"GPgzYNldJBpPqLMl6f_rab","task-mssof9arg1yc588":"JNOHTftf_TSrCBA$FxhVSt","task-mssof9b1xwnw589":"2H9pJ$MPXbrnlzlXhTb$QB","task-mssof9ba54lf590":"NPe$EXUFIVLlHNqFS9gfkP","task-mssof9bkgqro591":"WXJ7r7MdfFvhYT5l0v8FxF","task-mssof9bux10x592":"T34Zy12fgdHj_D$Vopcpux","task-mssof9c4nvv4593":"bxiRajkHb1$xj1zFOJ9reB","task-mssof9cer6oa594":"xLYLPxI9jhtzTrUVND39KV","task-mssof9cncc2a595":"Q5S3kDdtb17DadkXQzdJQB","task-mssof9dhcnn7596":"zDA7vv$Pp7rFlzv$LdeXCZ","task-mssof9dv262a597":"HfWfGPoHljq5DnHVHBxV09","task-mssof9e4l2qg598":"ix7BDjbVj9NThzd1Bp39eZ","task-mssof9ed26ab599":"id8Fj3bFArj7o$f$B9c7T9","task-mssof9emquyo600":"99QN8jpFgvjffxiH4rzfgJ","task-mssof9ewif8m601":"sf6D1d_nCTMz9NWVTVPjgt","task-mssof9f8mgd1602":"Y$ljPtRF6nKzFpVXKXZfUn","task-mssof9fh4ecp603":"aTe$QDc7aht3H3v$HP4ZPP","task-mssof9ftvnss605":"ORe$UbUnk$nhcF1VI307Hn","task-mssof9g70uid606":"nhb1kF4$iDe9DzplxrS35h","task-mssof9gg5hnc607":"ObOHZtZ1Upw1Wj1Xu3FLw$","task-mssof9gquh3p608":"7FvZiNlP$fR1OVpHznr$UD","task-mssof9h0z4qo609":"YVDdnl1763MFzbe$1ZKx79","task-mssof9hbu0cc610":"ZXbHfpd9pbJfH9e$iVxlrT","task-mssof9hyvp91612":"ttU1kFy$G3WHRrIXAxMZXT","task-mssof9i9mgo4613":"CrtDRx7tXxvhoBs1DPaB4d","task-mssof9ikdemc614":"TV39U9RFg7DtjDDnPlZ9GV","task-mssof9j57cj9615":"fd09MXzHlVAHnvonoDwj2T","task-mssof9jumb8e616":"HtqxsFxFedfxDHBF9ZJvHH","task-mssof9k6zkyw617":"xFtDple7enibv1RlIzeXC3","task-mssof9kghwge618":"NvqxQfudFzQXA5Cn8zVRFV","task-mssof9kqxcg1619":"6Hb$kjZlzlOtB7AlOpxlBT","task-mssof9l0z68a620":"IbBXW$lvmTCxBpf1zpkxbV","task-mssofb4a3nwi1077":"$JI5YfffmzWlJ1DFJtQ7tD"}'),$);
#2666=IFCPROPERTYSINGLEVALUE('ActiveBaselineId',$,IFCTEXT('baseline-mssofb4635ar1076'),$);
#2667=IFCPROPERTYSET('XXh1w34HTJCTF7clPLWdrv',#6,'OPS_Baselines',$,(#2664,#2665,#2666));
#2668=IFCRELDEFINESBYPROPERTIES('Oz1Z43KV$BzN1$1VwJtr4B',#6,$,$,(#37),#2667);
#2669=IFCPROPERTYSINGLEVALUE('SchedulingOptions',$,IFCTEXT('{"nearCriticalThreshold":3,"floatPaths":{"enabled":true,"method":"FREE_FLOAT","maxPaths":8}}'),$);
#2670=IFCPROPERTYSET('spnx2BGNQ1Qp4tKnwf2BOr',#6,'OPS_SchedulingOptions',$,(#2669));
#2671=IFCRELDEFINESBYPROPERTIES('HtqxALBHJh1xJXd$lh1xdP',#6,$,$,(#37),#2670);
ENDSEC;
END-ISO-10303-21;
