ISO-10303-21;
HEADER;
FILE_DESCRIPTION(('ViewDefinition [SchedulingView]'),'2;1');
FILE_NAME('De Vaart Apartment Complex.ifc','2026-07-28T13:22:48',('Project director'),('Randstad Construction Group BV'),'Open Planner Studio 0.1','Open Planner Studio','');
FILE_SCHEMA(('IFC4X3'));
ENDSEC;
DATA;
#1=IFCPERSON($,'Project director',$,$,$,$,$,$);
#2=IFCORGANIZATION($,'Randstad Construction Group BV',$,$,$);
#3=IFCPERSONANDORGANIZATION(#1,#2,$);
#4=IFCORGANIZATION($,'OpenAEC Foundation',$,$,$);
#5=IFCAPPLICATION(#4,'0.1','Open Planner Studio','OPS');
#6=IFCOWNERHISTORY(#3,#5,$,.NOCHANGE.,$,$,$,1785244968);
#7=IFCSIUNIT(*,.LENGTHUNIT.,$,.METRE.);
#8=IFCSIUNIT(*,.TIMEUNIT.,$,.SECOND.);
#9=IFCUNITASSIGNMENT((#7,#8));
#10=IFCCARTESIANPOINT((0.,0.,0.));
#11=IFCAXIS2PLACEMENT3D(#10,$,$);
#12=IFCGEOMETRICREPRESENTATIONCONTEXT($,'Plan',3,1.0E-05,#11,$);
#13=IFCPROJECT('2DU1_PRXddaJgBQ$EJk1YH',#6,'De Vaart Apartment Complex','Apartment complex of three towers on one plot, with the car park/site works delivered by a subcontractor — the "kitchen sink" showcase that carries every advanced feature.',$,$,$,(#12),#9);
#14=IFCTIMEPERIOD('07:00:00','16:00:00');
#15=IFCRECURRENCEPATTERN(.WEEKLY.,$,(1,2,3,4,5),$,$,$,$,(#14));
#16=IFCWORKTIME('Standaard werkweek',.PREDICTED.,$,#15,$,$);
#17=IFCWORKTIME('New Year''s Day',.PREDICTED.,$,$,'2027-01-01','2027-01-01');
#18=IFCWORKTIME('Good Friday',.PREDICTED.,$,$,'2027-03-26','2027-03-26');
#19=IFCWORKTIME('Easter',.PREDICTED.,$,$,'2027-03-28','2027-03-29');
#20=IFCWORKTIME('King''s Day',.PREDICTED.,$,$,'2027-04-27','2027-04-27');
#21=IFCWORKTIME('Liberation Day',.PREDICTED.,$,$,'2027-05-05','2027-05-05');
#22=IFCWORKTIME('Ascension Day',.PREDICTED.,$,$,'2027-05-06','2027-05-06');
#23=IFCWORKTIME('Whitsun',.PREDICTED.,$,$,'2027-05-16','2027-05-17');
#24=IFCWORKTIME('Christmas',.PREDICTED.,$,$,'2027-12-25','2027-12-26');
#25=IFCWORKTIME('Construction holiday (northern region)',.PREDICTED.,$,$,'2027-07-26','2027-08-15');
#26=IFCWORKTIME('New Year''s Day',.PREDICTED.,$,$,'2028-01-01','2028-01-01');
#27=IFCWORKTIME('Good Friday',.PREDICTED.,$,$,'2028-04-14','2028-04-14');
#28=IFCWORKTIME('Easter',.PREDICTED.,$,$,'2028-04-16','2028-04-17');
#29=IFCWORKTIME('King''s Day',.PREDICTED.,$,$,'2028-04-27','2028-04-27');
#30=IFCWORKTIME('Liberation Day',.PREDICTED.,$,$,'2028-05-05','2028-05-05');
#31=IFCWORKTIME('Ascension Day',.PREDICTED.,$,$,'2028-05-25','2028-05-25');
#32=IFCWORKTIME('Whitsun',.PREDICTED.,$,$,'2028-06-04','2028-06-05');
#33=IFCWORKTIME('Christmas',.PREDICTED.,$,$,'2028-12-25','2028-12-26');
#34=IFCWORKTIME('Construction holiday (northern region)',.PREDICTED.,$,$,'2028-07-24','2028-08-13');
#35=IFCWORKCALENDAR('_HlbW$VPl1Yxnv_nBDbFBd',#6,'Construction calendar NL (LARGE)','Standard construction calendar: Mon-Fri 07:00-16:00',$,(#16),(#17,#18,#19,#20,#21,#22,#23,#24,#25,#26,#27,#28,#29,#30,#31,#32,#33,#34),.FIRSTSHIFT.);
#36=IFCWORKPLAN('wL_Bhfmf4HDtX5GXy7iJ6V',#6,'De Vaart Apartment Complex','Apartment complex of three towers on one plot, with the car park/site works delivered by a subcontractor — the "kitchen sink" showcase that carries every advanced feature.',$,$,'2026-07-28T13:22:48',$,$,$,$,$,'2027-03-01T07:00:00','2027-05-19T09:00',.PLANNED.);
#37=IFCWORKSCHEDULE('T3Cp1PkH$Nj7ohInexcDKJ',#6,'Bouwplanning v1.0',$,$,$,'2026-07-28T13:22:48',$,$,$,$,$,'2027-03-01T07:00:00','2027-05-19T09:00',.PLANNED.);
#38=IFCWORKSCHEDULE('mvU$QpI9XvzvUZJn7xk55H',#6,'Contract',$,$,$,'2026-07-28T13:22:47.353Z',$,$,$,$,$,$,'2028-04-05T07:00:00',.BASELINE.);
#39=IFCWORKSCHEDULE('JfuFzLa$_9wjoBUVTTix1p',#6,'Re-baseline (variation order)',$,$,$,'2026-07-28T13:22:47.417Z',$,$,$,$,$,$,'2028-04-10T07:00:00',.BASELINE.);
#40=IFCRELAGGREGATES('X$Ph9TPtbVDd8te$ftI1sz',#6,$,$,#36,(#37,#38,#39));
#41=IFCTASKTIME('Start of Apartment Complex project Time',.PREDICTED.,$,.WORKTIME.,'P0Y0M0D','2027-03-01T07:00:00','2027-03-01T07:00:00','2027-03-01T07:00:00','2027-03-01T07:00:00','2027-03-01T07:00:00','2027-03-01T07:00:00','P0Y0M0D','P0Y0M0D',.F.,'2027-06-10T07:00:00',$,'2027-03-01T07:00:00','2027-03-01T07:00:00','P0Y0M0D',1.0);
#42=IFCTASK('HRJvrPYn_tAT5RileDB1_1',#6,'Start of Apartment Complex project',$,$,'1',$,$,$,.T.,$,#41,.CONSTRUCTION.);
#43=IFCTASKTIME('1. Preparation & site clearance Time',.PREDICTED.,$,.WORKTIME.,'P0Y0M5D','2027-03-01T07:00:00','2027-03-05T07:00:00','2027-03-01T07:00:00','2027-04-09T07:00:00','2027-03-01T07:00:00','2027-04-09T07:00:00','P0Y0M0D','P0Y0M0D',.F.,$,$,$,$,$,0.0);
#44=IFCTASK('FPk5_r8vgxlJoX3HMhGNgt',#6,'1. Preparation & site clearance',$,$,'2',$,$,$,.F.,$,#43,.LOGISTIC.);
#45=IFCTASKTIME('CPT soundings & soil investigation Time',.PREDICTED.,$,.WORKTIME.,'P0Y0M3D','2027-03-01T07:00:00','2027-03-03T07:00:00','2027-03-01T07:00:00','2027-03-03T07:00:00','2027-03-01T07:00:00','2027-03-03T07:00:00','P0Y0M0D','P0Y0M0D',.F.,'2027-06-10T07:00:00',$,'2027-03-01T07:00:00','2027-03-03T07:00:00','P0Y0M0D',1.0);
#46=IFCTASK('vHb$Y9BHpxN59Bg1rf2rO3',#6,'CPT soundings & soil investigation',$,$,'2.1',$,$,$,.F.,$,#45,.LOGISTIC.);
#47=IFCTASKTIME('Obtain building permit Time',.PREDICTED.,$,.WORKTIME.,'P0Y0M10D','2027-03-01T07:00:00','2027-03-12T07:00:00','2027-03-04T07:00:00','2027-03-17T07:00:00','2027-03-04T07:00:00','2027-03-17T07:00:00','P0Y0M0D','P0Y0M0D',.F.,'2027-06-10T07:00:00',$,'2027-03-04T07:00:00','2027-03-17T07:00:00','P0Y0M0D',1.0);
#48=IFCTASK('_FxXyXIlH$Mz7Vf$wjl3bx',#6,'Obtain building permit',$,$,'2.2',$,$,$,.F.,$,#47,.LOGISTIC.);
#49=IFCTASKTIME('Municipal road closure (permitted closure period) Time',.PREDICTED.,$,.WORKTIME.,'P0Y0M3D','2027-03-01T07:00:00','2027-03-03T07:00:00','2027-03-11T07:00:00','2027-03-15T07:00:00','2027-03-11T07:00:00','2027-03-15T07:00:00','P0Y0M2D','P0Y0M0D',.F.,'2027-06-10T07:00:00',$,'2027-03-11T07:00:00','2027-03-15T07:00:00','P0Y0M0D',1.0);
#50=IFCTASK('FvAvlbzHDxdrqnN$DLPJo5',#6,'Municipal road closure (permitted closure period)','Hard pin (P6 Mandatory Start): the permitted closure date is fixed by the municipality and overrides the network logic.',$,'2.3',$,$,$,.F.,$,#49,.ATTENDANCE.);
#51=IFCTASKTIME('Construct site road Time',.PREDICTED.,$,.WORKTIME.,'P0Y0M4D','2027-03-01T07:00:00','2027-03-04T07:00:00','2027-03-18T07:00:00','2027-03-23T07:00:00','2027-03-18T07:00:00','2027-03-23T07:00:00','P0Y0M0D','P0Y0M0D',.F.,'2027-06-10T07:00:00',$,'2027-03-18T07:00:00','2027-03-23T07:00:00','P0Y0M0D',1.0);
#52=IFCTASK('kf8VCvnvcVgFhf4nHP4hwX',#6,'Construct site road',$,$,'2.4',$,$,$,.F.,$,#51,.LOGISTIC.);
#53=IFCTASKTIME('Place site huts Time',.PREDICTED.,$,.WORKTIME.,'P0Y0M2D','2027-03-01T07:00:00','2027-03-02T07:00:00','2027-03-24T07:00:00','2027-03-25T07:00:00','2027-03-24T07:00:00','2027-03-25T07:00:00','P0Y0M0D','P0Y0M0D',.F.,'2027-06-10T07:00:00',$,'2027-03-24T07:00:00','2027-03-25T07:00:00','P0Y0M0D',1.0);
#54=IFCTASK('R$fRiBfNKpOtFJLF5hmNEf',#6,'Place site huts',$,$,'2.5',$,$,$,.F.,$,#53,.LOGISTIC.);
#55=IFCTASKTIME('Install utility connections Time',.PREDICTED.,$,.WORKTIME.,'P0Y0M4D','2027-03-01T07:00:00','2027-03-04T07:00:00','2027-03-30T07:00:00','2027-04-02T07:00:00','2027-03-30T07:00:00','2027-04-02T07:00:00','P0Y0M0D','P0Y0M0D',.F.,'2027-06-10T07:00:00',$,'2027-03-30T07:00:00','2027-04-02T07:00:00','P0Y0M0D',1.0);
#56=IFCTASK('j5nD93DX9$7D03THqz07rZ',#6,'Install utility connections','Pinned (priority 1000): fixed connection date from the utility company, must not move.',$,'2.6',$,$,$,.F.,1000,#55,.LOGISTIC.);
#57=IFCTASKTIME('Install dewatering Time',.PREDICTED.,$,.WORKTIME.,'P0Y0M5D','2027-03-01T07:00:00','2027-03-05T07:00:00','2027-04-05T07:00:00','2027-04-09T07:00:00','2027-04-05T07:00:00','2027-04-09T07:00:00','P0Y0M0D','P0Y0M0D',.F.,'2027-06-10T07:00:00',$,'2027-04-05T07:00:00','2027-04-09T07:00:00','P0Y0M0D',1.0);
#58=IFCTASK('Y1Vzg$VP7TqZ9roVO56Jkh',#6,'Install dewatering',$,$,'2.7',$,$,$,.F.,$,#57,.CONSTRUCTION.);
#59=IFCTASKTIME('Site ready for construction Time',.PREDICTED.,$,.WORKTIME.,'P0Y0M0D','2027-03-01T07:00:00','2027-03-01T07:00:00','2027-04-09T07:00:00','2027-04-09T07:00:00','2027-04-09T07:00:00','2027-04-09T07:00:00','P0Y0M0D','P0Y0M0D',.F.,'2027-06-10T07:00:00',$,'2027-04-09T07:00:00','2027-04-09T07:00:00','P0Y0M0D',1.0);
#60=IFCTASK('3DIH5BvtjtVbjJXVglBFh9',#6,'Site ready for construction',$,$,'2.8',$,$,$,.T.,$,#59,.CONSTRUCTION.);
#61=IFCTASKTIME('2. Foundations & basement/car park Time',.PREDICTED.,$,.WORKTIME.,'P0Y0M5D','2027-03-01T07:00:00','2027-03-05T07:00:00','2027-04-12T07:00:00','2027-06-17T07:00:00','2027-04-12T07:00:00','2028-04-06T07:00:00','P0Y0M0D','P0Y0M0D',.F.,$,$,$,$,$,0.0);
#62=IFCTASK('sDVh5hJVFH87IbClk$LHxL',#6,'2. Foundations & basement/car park',$,$,'3',$,$,$,.F.,$,#61,.CONSTRUCTION.);
#63=IFCTASKTIME('Commission dewatering Time',.PREDICTED.,$,.WORKTIME.,'P0Y0M2D','2027-03-01T07:00:00','2027-03-02T07:00:00','2027-04-12T07:00:00','2027-04-13T07:00:00','2027-04-12T07:00:00','2027-04-13T07:00:00','P0Y0M0D','P0Y0M0D',.F.,'2027-06-10T07:00:00',$,'2027-04-12T07:00:00','2027-04-13T07:00:00','P0Y0M0D',1.0);
#64=IFCTASK('K5NRGvwvgdHJ_dkVk3WdbX',#6,'Commission dewatering',$,$,'3.1',$,$,$,.F.,$,#63,.CONSTRUCTION.);
#65=IFCTASKTIME('Excavation, building pit Time',.PREDICTED.,$,.WORKTIME.,'P0Y0M6D','2027-03-01T07:00:00','2027-03-08T07:00:00','2027-04-14T07:00:00','2027-04-21T07:00:00','2027-04-14T07:00:00','2027-04-21T07:00:00','P0Y0M0D','P0Y0M0D',.F.,'2027-06-10T07:00:00',$,'2027-04-14T07:00:00','2027-04-21T07:00:00','P0Y0M0D',1.0);
#66=IFCTASK('W$nptTHdZpOPK1jnNDZNot',#6,'Excavation, building pit',$,$,'3.2',$,$,$,.F.,$,#65,.CONSTRUCTION.);
#67=IFCTASKTIME('Install sheet piling Time',.PREDICTED.,$,.WORKTIME.,'P0Y0M5D','2027-03-01T07:00:00','2027-03-05T07:00:00','2027-04-22T07:00:00','2027-04-29T07:00:00','2027-04-22T07:00:00','2027-04-29T07:00:00','P0Y0M0D','P0Y0M0D',.F.,'2027-06-10T07:00:00',$,'2027-04-22T07:00:00','2027-04-29T07:00:00','P0Y0M0D',1.0);
#68=IFCTASK('NP0tgxVdvZi3NdM19Tpdpj',#6,'Install sheet piling',$,$,'3.3',$,$,$,.F.,$,#67,.CONSTRUCTION.);
#69=IFCTASKTIME('Pour foundation beams (shared) Time',.PREDICTED.,$,.WORKTIME.,'P0Y0M4D','2027-03-01T07:00:00','2027-03-04T07:00:00','2027-04-30T07:00:00','2027-05-07T07:00:00','2027-04-30T07:00:00','2027-05-07T07:00:00','P0Y0M0D','P0Y0M0D',.F.,'2027-06-10T07:00:00',$,'2027-04-30T07:00:00','2027-05-07T07:00:00','P0Y0M0D',1.0);
#70=IFCTASK('cxa3QfednnqTLZZFYBzNUH',#6,'Pour foundation beams (shared)',$,$,'3.4',$,$,$,.F.,$,#69,.CONSTRUCTION.);
#71=IFCTASKTIME('Basement earthworks — Tower A Time',.PREDICTED.,$,.WORKTIME.,'P0Y0M3D','2027-03-01T07:00:00','2027-03-03T07:00:00','2027-05-10T07:00:00','2027-05-12T07:00:00','2027-05-10T07:00:00','2027-05-12T07:00:00','P0Y0M0D','P0Y0M0D',.F.,'2027-06-10T07:00:00',$,'2027-05-10T07:00:00','2027-05-12T07:00:00','P0Y0M0D',1.0);
#72=IFCTASK('X3CxIHmNmpkduFrH3JgNIP',#6,'Basement earthworks — Tower A',$,$,'3.5',$,$,$,.F.,$,#71,.CONSTRUCTION.);
#73=IFCTASKTIME('Rebar fixing, basement floor — Tower A Time',.PREDICTED.,$,.WORKTIME.,'PT8H0M0S','2027-03-01T00:00:00','2027-05-13T15:00:00','2027-05-13T07:00:00','2027-05-13T15:00:00','2027-05-13T13:00:00','2027-05-14T13:00:00','P0Y0M0D','P0Y0M0.75D',.F.,'2027-06-10T00:00:00',$,'2027-05-13T07:00:00','2027-05-13T15:00:00','P0Y0M0D',1.0);
#74=IFCTASK('Q1XzETHPxlp9njDHPlhHvb',#6,'Rebar fixing, basement floor — Tower A',$,$,'3.6',$,$,$,.F.,$,#73,.CONSTRUCTION.);
#75=IFCTASKTIME('Pour basement floor — Tower A Time',.PREDICTED.,$,.WORKTIME.,'PT6H0M0S','2027-03-01T00:00:00','2027-05-14T13:00:00','2027-05-14T07:00:00','2027-05-14T13:00:00','2027-05-14T13:00:00','2027-05-18T11:00:00','P0Y0M0D','P0Y0M0.75D',.F.,'2027-06-10T00:00:00',$,'2027-05-14T07:00:00','2027-05-14T13:00:00','P0Y0M0D',1.0);
#76=IFCTASK('LvqxknKXd78fdzRFC3OX4L',#6,'Pour basement floor — Tower A',$,$,'3.7',$,$,$,.F.,$,#75,.CONSTRUCTION.);
#77=IFCTASKTIME('Rebar fixing, basement walls — Tower A Time',.PREDICTED.,$,.WORKTIME.,'PT8H0M0S','2027-03-01T00:00:00','2027-05-18T13:00:00','2027-05-14T13:00:00','2027-05-18T13:00:00','2027-05-18T11:00:00','2027-05-19T11:00:00','P0Y0M0D','P0Y0M0.75D',.F.,'2027-06-10T00:00:00',$,'2027-05-14T13:00:00','2027-05-18T13:00:00','P0Y0M0D',1.0);
#78=IFCTASK('TZuV8jh$wZAZ$VbFm1R1w1',#6,'Rebar fixing, basement walls — Tower A',$,$,'3.8',$,$,$,.F.,$,#77,.CONSTRUCTION.);
#79=IFCTASKTIME('Pour basement walls — Tower A Time',.PREDICTED.,$,.WORKTIME.,'PT4H0M0S','2027-03-01T00:00:00','2027-05-19T09:00:00','2027-05-18T13:00:00','2027-05-19T09:00:00','2027-05-19T11:00:00','2027-05-19T15:00:00','P0Y0M0D','P0Y0M0.75D',.F.,'2027-06-10T00:00:00',$,'2027-05-18T13:00:00','2027-05-19T09:00:00','P0Y0M0D',1.0);
#80=IFCTASK('l9KbSJklnl8vUNileRstmV',#6,'Pour basement walls — Tower A',$,$,'3.9',$,$,$,.F.,$,#79,.CONSTRUCTION.);
#81=IFCTASKTIME('Basement earthworks — Tower B Time',.PREDICTED.,$,.WORKTIME.,'P0Y0M3D','2027-03-01T07:00:00','2027-03-03T07:00:00','2027-05-10T07:00:00','2027-05-12T07:00:00','2027-05-10T07:00:00','2027-05-12T07:00:00','P0Y0M0D','P0Y0M0D',.F.,'2027-06-10T07:00:00',$,'2027-05-10T07:00:00','2027-05-12T07:00:00','P0Y0M0D',1.0);
#82=IFCTASK('A9oFB76vExnDuHlXbxERjX',#6,'Basement earthworks — Tower B',$,$,'3.10',$,$,$,.F.,$,#81,.CONSTRUCTION.);
#83=IFCTASKTIME('Rebar fixing, basement floor — Tower B Time',.PREDICTED.,$,.WORKTIME.,'PT8H0M0S','2027-03-01T00:00:00','2027-05-13T15:00:00','2027-05-13T07:00:00','2027-05-13T15:00:00','2027-05-13T13:00:00','2027-05-14T13:00:00','P0Y0M0D','P0Y0M0.75D',.F.,'2027-06-10T00:00:00',$,'2027-05-13T07:00:00','2027-05-13T15:00:00','P0Y0M0D',1.0);
#84=IFCTASK('8jb$gXr1ijSraJhn9d07$N',#6,'Rebar fixing, basement floor — Tower B',$,$,'3.11',$,$,$,.F.,$,#83,.CONSTRUCTION.);
#85=IFCTASKTIME('Pour basement floor — Tower B Time',.PREDICTED.,$,.WORKTIME.,'PT6H0M0S','2027-03-01T00:00:00','2027-05-14T13:00:00','2027-05-14T07:00:00','2027-05-14T13:00:00','2027-05-14T13:00:00','2027-05-18T11:00:00','P0Y0M0D','P0Y0M0.75D',.F.,'2027-06-10T00:00:00',$,'2027-05-14T07:00:00','2027-05-14T13:00:00','P0Y0M0D',1.0);
#86=IFCTASK('WXj7VjYn230F9f8$tTpd3r',#6,'Pour basement floor — Tower B',$,$,'3.12',$,$,$,.F.,$,#85,.CONSTRUCTION.);
#87=IFCTASKTIME('Rebar fixing, basement walls — Tower B Time',.PREDICTED.,$,.WORKTIME.,'PT8H0M0S','2027-03-01T00:00:00','2027-05-18T13:00:00','2027-05-14T13:00:00','2027-05-18T13:00:00','2027-05-18T11:00:00','2027-05-19T11:00:00','P0Y0M0D','P0Y0M0.75D',.F.,'2027-06-10T00:00:00',$,'2027-05-14T13:00:00','2027-05-18T13:00:00','P0Y0M0D',1.0);
#88=IFCTASK('R1fby1YNmDo7ErM$Ftc7tJ',#6,'Rebar fixing, basement walls — Tower B',$,$,'3.13',$,$,$,.F.,$,#87,.CONSTRUCTION.);
#89=IFCTASKTIME('Pour basement walls — Tower B Time',.PREDICTED.,$,.WORKTIME.,'PT4H0M0S','2027-03-01T00:00:00','2027-05-19T09:00:00','2027-05-18T13:00:00','2027-05-19T09:00:00','2027-05-19T11:00:00','2027-05-19T15:00:00','P0Y0M0D','P0Y0M0.75D',.F.,'2027-06-10T00:00:00',$,'2027-05-18T13:00:00','2027-05-19T09:00:00','P0Y0M0D',1.0);
#90=IFCTASK('Drn5kna1cpO9pZ$X_Nob5L',#6,'Pour basement walls — Tower B',$,$,'3.14',$,$,$,.F.,$,#89,.CONSTRUCTION.);
#91=IFCTASKTIME('Basement earthworks — Tower C Time',.PREDICTED.,$,.WORKTIME.,'P0Y0M3D','2027-03-01T07:00:00','2027-03-03T07:00:00','2027-05-10T07:00:00','2027-05-12T07:00:00','2027-05-10T07:00:00','2027-05-12T07:00:00','P0Y0M0D','P0Y0M0D',.F.,'2027-06-10T07:00:00',$,'2027-05-10T07:00:00','2027-05-12T07:00:00','P0Y0M0D',1.0);
#92=IFCTASK('$J_rPtbFgxXzBvslqTyTrv',#6,'Basement earthworks — Tower C',$,$,'3.15',$,$,$,.F.,$,#91,.CONSTRUCTION.);
#93=IFCTASKTIME('Rebar fixing, basement floor — Tower C Time',.PREDICTED.,$,.WORKTIME.,'PT8H0M0S','2027-03-01T00:00:00','2027-05-13T15:00:00','2027-05-13T07:00:00','2027-05-13T15:00:00','2027-05-13T13:00:00','2027-05-14T13:00:00','P0Y0M0D','P0Y0M0.75D',.F.,'2027-06-10T00:00:00',$,'2027-05-13T07:00:00','2027-05-13T15:00:00','P0Y0M0D',1.0);
#94=IFCTASK('3p2XqxvtJ97pmrc$AXTNAv',#6,'Rebar fixing, basement floor — Tower C',$,$,'3.16',$,$,$,.F.,$,#93,.CONSTRUCTION.);
#95=IFCTASKTIME('Pour basement floor — Tower C Time',.PREDICTED.,$,.WORKTIME.,'PT6H0M0S','2027-03-01T00:00:00','2027-05-14T13:00:00','2027-05-14T07:00:00','2027-05-14T13:00:00','2027-05-14T13:00:00','2027-05-18T11:00:00','P0Y0M0D','P0Y0M0.75D',.F.,'2027-06-10T00:00:00',$,'2027-05-14T07:00:00','2027-05-14T13:00:00','P0Y0M0D',1.0);
#96=IFCTASK('2jsZ4T87ArzfNxqFO5YLUJ',#6,'Pour basement floor — Tower C',$,$,'3.17',$,$,$,.F.,$,#95,.CONSTRUCTION.);
#97=IFCTASKTIME('Rebar fixing, basement walls — Tower C Time',.PREDICTED.,$,.WORKTIME.,'PT8H0M0S','2027-03-01T00:00:00','2027-05-18T13:00:00','2027-05-14T13:00:00','2027-05-18T13:00:00','2027-05-18T11:00:00','2027-05-19T11:00:00','P0Y0M0D','P0Y0M0.75D',.F.,'2027-06-10T00:00:00',$,'2027-05-14T13:00:00','2027-05-18T13:00:00','P0Y0M0D',1.0);
#98=IFCTASK('9tMdtz310LzfthMlQdWdpJ',#6,'Rebar fixing, basement walls — Tower C',$,$,'3.18',$,$,$,.F.,$,#97,.CONSTRUCTION.);
#99=IFCTASKTIME('Pour basement walls — Tower C Time',.PREDICTED.,$,.WORKTIME.,'PT4H0M0S','2027-03-01T00:00:00','2027-05-19T09:00:00','2027-05-18T13:00:00','2027-05-19T09:00:00','2027-05-19T11:00:00','2027-05-19T15:00:00','P0Y0M0D','P0Y0M0.75D',.F.,'2027-06-10T00:00:00',$,'2027-05-18T13:00:00','2027-05-19T09:00:00','P0Y0M0D',1.0);
#100=IFCTASK('Q1ljZRA1mJwJs5anHhHrOZ',#6,'Pour basement walls — Tower C',$,$,'3.19',$,$,$,.F.,$,#99,.CONSTRUCTION.);
#101=IFCTASKTIME('Basement sealing Time',.PREDICTED.,$,.WORKTIME.,'P0Y0M3D','2027-03-01T07:00:00','2027-03-03T07:00:00','2027-05-20T07:00:00','2027-05-24T07:00:00','2027-05-20T07:00:00','2027-05-24T07:00:00','P0Y0M0D','P0Y0M0D',.F.,'2027-06-10T07:00:00',$,'2027-05-20T07:00:00','2027-05-24T07:00:00','P0Y0M0D',1.0);
#102=IFCTASK('tD7TeTvtfH37APc1wJ1Job',#6,'Basement sealing',$,$,'3.20',$,$,$,.F.,$,#101,.CONSTRUCTION.);
#103=IFCTASKTIME('Backfill around basement Time',.PREDICTED.,$,.WORKTIME.,'P0Y0M3D','2027-03-01T07:00:00','2027-03-03T07:00:00','2027-05-25T07:00:00','2027-05-27T07:00:00','2027-05-25T07:00:00','2027-05-27T07:00:00','P0Y0M0D','P0Y0M0D',.F.,'2027-06-10T07:00:00',$,'2027-05-25T07:00:00','2027-05-27T07:00:00','P0Y0M0D',1.0);
#104=IFCTASK('CfwDZN79DvJfndA$lBDPfX',#6,'Backfill around basement',$,$,'3.21',$,$,$,.F.,$,#103,.CONSTRUCTION.);
#105=IFCTASKTIME('Pour parking deck (ground floor cover) Time',.PREDICTED.,$,.WORKTIME.,'P0Y0M5D','2027-03-01T07:00:00','2027-03-05T07:00:00','2027-05-28T07:00:00','2027-06-03T07:00:00','2027-05-28T07:00:00','2027-06-03T07:00:00','P0Y0M0D','P0Y0M0D',.F.,'2027-06-10T07:00:00',$,'2027-05-28T07:00:00','2027-06-03T07:00:00','P0Y0M0D',1.0);
#106=IFCTASK('rfsZ8DlvqTsTNRWVh3FL2T',#6,'Pour parking deck (ground floor cover)',$,$,'3.22',$,$,$,.F.,$,#105,.CONSTRUCTION.);
#107=IFCTASKTIME('Remove sheet piling Time',.PREDICTED.,$,.WORKTIME.,'P0Y0M2D','2027-03-01T07:00:00','2027-03-02T07:00:00','2027-06-04T07:00:00','2027-06-07T07:00:00','2027-06-04T07:00:00','2027-06-07T07:00:00','P0Y0M0D','P0Y0M0D',.F.,'2027-06-10T07:00:00',$,'2027-06-04T07:00:00','2027-06-07T07:00:00','P0Y0M0D',1.0);
#108=IFCTASK('RR09cDMP7tUx5xmXAbwd9l',#6,'Remove sheet piling',$,$,'3.23',$,$,$,.F.,$,#107,.CONSTRUCTION.);
#109=IFCTASKTIME('Basement watertight — inspection Time',.PREDICTED.,$,.WORKTIME.,'P0Y0M0D','2027-03-01T07:00:00','2027-03-01T07:00:00','2027-06-07T07:00:00','2027-06-07T07:00:00','2027-06-07T07:00:00','2027-06-07T07:00:00','P0Y0M0D','P0Y0M0D',.F.,'2027-06-10T07:00:00',$,'2027-06-07T07:00:00','2027-06-07T07:00:00','P0Y0M0D',1.0);
#110=IFCTASK('HN092PpnQjqTzPs$3FTfg9',#6,'Basement watertight — inspection',$,$,'3.24',$,$,$,.T.,$,#109,.CONSTRUCTION.);
#111=IFCTASKTIME('3. Structural works, towers A/B/C (parallel) Time',.PREDICTED.,$,.WORKTIME.,'P0Y0M5D','2027-03-01T07:00:00','2027-03-05T07:00:00','2027-06-08T07:00:00','2027-10-08T07:00:00','2027-06-08T07:00:00','2028-04-10T07:00:00','P0Y0M0D','P0Y0M0D',.T.,$,$,$,$,$,0.0);
#112=IFCTASK('G9SzQDk9N57hczTH4rxV8D',#6,'3. Structural works, towers A/B/C (parallel)',$,$,'4',$,$,$,.F.,$,#111,.CONSTRUCTION.);
#113=IFCTASKTIME('Erect tower crane Time',.PREDICTED.,$,.WORKTIME.,'P0Y0M3D','2027-03-01T07:00:00','2027-03-03T07:00:00','2027-06-08T07:00:00','2027-06-10T07:00:00','2027-06-08T07:00:00','2027-06-10T07:00:00','P0Y0M0D','P0Y0M0D',.F.,'2027-06-10T07:00:00',$,'2027-06-08T07:00:00','2027-06-10T07:00:00','P0Y0M0D',1.0);
#114=IFCTASK('qtIHfjpnM7rFzxqlIXVbbR',#6,'Erect tower crane',$,$,'4.1',$,$,$,.F.,$,#113,.LOGISTIC.);
#115=IFCTASKTIME('Structural works — Tower A Time',.PREDICTED.,$,.WORKTIME.,'P0Y0M5D','2027-03-01T07:00:00','2027-03-05T07:00:00','2027-06-11T07:00:00','2027-10-06T07:00:00','2027-06-11T07:00:00','2028-04-06T07:00:00','P0Y0M0D','P0Y0M0D',.T.,$,$,$,$,$,0.0);
#116=IFCTASK('SZO$27l7OvptJDzF4duFtl',#6,'Structural works — Tower A',$,$,'4.2',$,$,$,.F.,$,#115,.CONSTRUCTION.);
#117=IFCTASKTIME('Pour ground floor slab — Tower A Time',.PREDICTED.,$,.WORKTIME.,'P0Y0M4D','2027-03-01T07:00:00','2027-03-04T07:00:00','2027-06-11T07:00:00','2027-06-16T07:00:00','2027-06-11T07:00:00','2027-06-16T07:00:00','P0Y0M0D','P0Y0M0D',.T.,$,$,$,$,$,0.0);
#118=IFCTASK('vnd3MXr18$ATRr_VVJQvR5',#6,'Pour ground floor slab — Tower A',$,$,'4.2.1',$,$,$,.F.,$,#117,.CONSTRUCTION.);
#119=IFCTASKTIME('Walls, floor 1 — Tower A Time',.PREDICTED.,$,.WORKTIME.,'P0Y0M4D','2027-03-01T07:00:00','2027-03-04T07:00:00','2027-06-17T07:00:00','2027-06-22T07:00:00','2027-06-17T07:00:00','2027-06-22T07:00:00','P0Y0M0D','P0Y0M0D',.T.,$,$,$,$,$,0.0);
#120=IFCTASK('ivqDz7$PnZU51$f$FfEbXd',#6,'Walls, floor 1 — Tower A',$,$,'4.2.2',$,$,$,.F.,$,#119,.CONSTRUCTION.);
#121=IFCTASKTIME('Slab, floor 1 — Tower A Time',.PREDICTED.,$,.WORKTIME.,'P0Y0M3D','2027-03-01T07:00:00','2027-03-03T07:00:00','2027-06-21T07:00:00','2027-06-23T07:00:00','2027-06-21T07:00:00','2027-06-23T07:00:00','P0Y0M0D','P0Y0M0D',.T.,$,$,$,$,$,0.0);
#122=IFCTASK('qBlbezT$MRhH1XDHBpRnTb',#6,'Slab, floor 1 — Tower A',$,$,'4.2.3',$,$,$,.F.,$,#121,.CONSTRUCTION.);
#123=IFCTASKTIME('Walls, floor 2 — Tower A Time',.PREDICTED.,$,.WORKTIME.,'P0Y0M4D','2027-03-01T07:00:00','2027-03-04T07:00:00','2027-06-24T07:00:00','2027-06-29T07:00:00','2027-06-24T07:00:00','2027-06-29T07:00:00','P0Y0M0D','P0Y0M0D',.T.,$,$,$,$,$,0.0);
#124=IFCTASK('VT8XO5sPPDslx5WVnbXpSx',#6,'Walls, floor 2 — Tower A',$,$,'4.2.4',$,$,$,.F.,$,#123,.CONSTRUCTION.);
#125=IFCTASKTIME('Slab, floor 2 — Tower A Time',.PREDICTED.,$,.WORKTIME.,'P0Y0M3D','2027-03-01T07:00:00','2027-03-03T07:00:00','2027-06-28T07:00:00','2027-06-30T07:00:00','2027-06-28T07:00:00','2027-06-30T07:00:00','P0Y0M0D','P0Y0M0D',.T.,$,$,$,$,$,0.0);
#126=IFCTASK('pL3tYt3$GjQpCHrFVHnTrP',#6,'Slab, floor 2 — Tower A',$,$,'4.2.5',$,$,$,.F.,$,#125,.CONSTRUCTION.);
#127=IFCTASKTIME('Walls, floor 3 — Tower A Time',.PREDICTED.,$,.WORKTIME.,'P0Y0M4D','2027-03-01T07:00:00','2027-03-04T07:00:00','2027-07-01T07:00:00','2027-07-06T07:00:00','2027-07-01T07:00:00','2027-07-06T07:00:00','P0Y0M0D','P0Y0M0D',.T.,$,$,$,$,$,0.0);
#128=IFCTASK('Z$tx2r09jNjvYznX9z$xN$',#6,'Walls, floor 3 — Tower A',$,$,'4.2.6',$,$,$,.F.,$,#127,.CONSTRUCTION.);
#129=IFCTASKTIME('Slab, floor 3 — Tower A Time',.PREDICTED.,$,.WORKTIME.,'P0Y0M3D','2027-03-01T07:00:00','2027-03-03T07:00:00','2027-07-05T07:00:00','2027-07-07T07:00:00','2027-07-05T07:00:00','2027-07-07T07:00:00','P0Y0M0D','P0Y0M0D',.T.,$,$,$,$,$,0.0);
#130=IFCTASK('Dr9DnFjVfRptB7YFfjP5T5',#6,'Slab, floor 3 — Tower A',$,$,'4.2.7',$,$,$,.F.,$,#129,.CONSTRUCTION.);
#131=IFCTASKTIME('Walls, floor 4 — Tower A Time',.PREDICTED.,$,.WORKTIME.,'P0Y0M4D','2027-03-01T07:00:00','2027-03-04T07:00:00','2027-07-08T07:00:00','2027-07-13T07:00:00','2027-07-08T07:00:00','2027-07-13T07:00:00','P0Y0M0D','P0Y0M0D',.T.,$,$,$,$,$,0.0);
#132=IFCTASK('MZrXyTudDvJNj1BHfJFZ9n',#6,'Walls, floor 4 — Tower A',$,$,'4.2.8',$,$,$,.F.,$,#131,.CONSTRUCTION.);
#133=IFCTASKTIME('Slab, floor 4 — Tower A Time',.PREDICTED.,$,.WORKTIME.,'P0Y0M3D','2027-03-01T07:00:00','2027-03-03T07:00:00','2027-07-12T07:00:00','2027-07-14T07:00:00','2027-07-12T07:00:00','2027-07-14T07:00:00','P0Y0M0D','P0Y0M0D',.T.,$,$,$,$,$,0.0);
#134=IFCTASK('T1npFnbFERBF3xKluz1x3r',#6,'Slab, floor 4 — Tower A',$,$,'4.2.9',$,$,$,.F.,$,#133,.CONSTRUCTION.);
#135=IFCTASKTIME('Walls, floor 5 — Tower A Time',.PREDICTED.,$,.WORKTIME.,'P0Y0M4D','2027-03-01T07:00:00','2027-03-04T07:00:00','2027-07-15T07:00:00','2027-07-20T07:00:00','2027-07-15T07:00:00','2027-07-20T07:00:00','P0Y0M0D','P0Y0M0D',.T.,$,$,$,$,$,0.0);
#136=IFCTASK('PxqxkF41el0nhfSFp707Hn',#6,'Walls, floor 5 — Tower A',$,$,'4.2.10',$,$,$,.F.,$,#135,.CONSTRUCTION.);
#137=IFCTASKTIME('Slab, floor 5 — Tower A Time',.PREDICTED.,$,.WORKTIME.,'P0Y0M3D','2027-03-01T07:00:00','2027-03-03T07:00:00','2027-07-19T07:00:00','2027-07-21T07:00:00','2027-07-19T07:00:00','2027-07-21T07:00:00','P0Y0M0D','P0Y0M0D',.T.,$,$,$,$,$,0.0);
#138=IFCTASK('Ife$oZX7CdaB4tCHYhlBSt',#6,'Slab, floor 5 — Tower A',$,$,'4.2.11',$,$,$,.F.,$,#137,.CONSTRUCTION.);
#139=IFCTASKTIME('Walls, floor 6 — Tower A Time',.PREDICTED.,$,.WORKTIME.,'P0Y0M4D','2027-03-01T07:00:00','2027-03-04T07:00:00','2027-07-22T07:00:00','2027-08-17T07:00:00','2027-07-22T07:00:00','2027-08-17T07:00:00','P0Y0M0D','P0Y0M0D',.T.,$,$,$,$,$,0.0);
#140=IFCTASK('fvyZKfFd1r3f55e$KDULcL',#6,'Walls, floor 6 — Tower A',$,$,'4.2.12',$,$,$,.F.,$,#139,.CONSTRUCTION.);
#141=IFCTASKTIME('Slab, floor 6 — Tower A Time',.PREDICTED.,$,.WORKTIME.,'P0Y0M3D','2027-03-01T07:00:00','2027-03-03T07:00:00','2027-08-16T07:00:00','2027-08-18T07:00:00','2027-08-16T07:00:00','2027-08-18T07:00:00','P0Y0M0D','P0Y0M0D',.T.,$,$,$,$,$,0.0);
#142=IFCTASK('n7QNmvsPBf29npFX7RwPFR',#6,'Slab, floor 6 — Tower A',$,$,'4.2.13',$,$,$,.F.,$,#141,.CONSTRUCTION.);
#143=IFCTASKTIME('Walls, floor 7 — Tower A Time',.PREDICTED.,$,.WORKTIME.,'P0Y0M4D','2027-03-01T07:00:00','2027-03-04T07:00:00','2027-08-19T07:00:00','2027-08-24T07:00:00','2027-08-19T07:00:00','2027-08-24T07:00:00','P0Y0M0D','P0Y0M0D',.T.,$,$,$,$,$,0.0);
#144=IFCTASK('Fvcf4Xs$enypaJBn9zVRv5',#6,'Walls, floor 7 — Tower A',$,$,'4.2.14',$,$,$,.F.,$,#143,.CONSTRUCTION.);
#145=IFCTASKTIME('Slab, floor 7 — Tower A Time',.PREDICTED.,$,.WORKTIME.,'P0Y0M3D','2027-03-01T07:00:00','2027-03-03T07:00:00','2027-08-23T07:00:00','2027-08-25T07:00:00','2027-08-23T07:00:00','2027-08-25T07:00:00','P0Y0M0D','P0Y0M0D',.T.,$,$,$,$,$,0.0);
#146=IFCTASK('AJTNe3JXNbJf1XRnuTR$A3',#6,'Slab, floor 7 — Tower A',$,$,'4.2.15',$,$,$,.F.,$,#145,.CONSTRUCTION.);
#147=IFCTASKTIME('Walls, floor 8 — Tower A Time',.PREDICTED.,$,.WORKTIME.,'P0Y0M4D','2027-03-01T07:00:00','2027-03-04T07:00:00','2027-08-26T07:00:00','2027-08-31T07:00:00','2027-08-26T07:00:00','2027-08-31T07:00:00','P0Y0M0D','P0Y0M0D',.T.,$,$,$,$,$,0.0);
#148=IFCTASK('7rU1_vn7oRBnDZf$1XNZRV',#6,'Walls, floor 8 — Tower A',$,$,'4.2.16',$,$,$,.F.,$,#147,.CONSTRUCTION.);
#149=IFCTASKTIME('Slab, floor 8 — Tower A Time',.PREDICTED.,$,.WORKTIME.,'P0Y0M3D','2027-03-01T07:00:00','2027-03-03T07:00:00','2027-08-30T07:00:00','2027-09-01T07:00:00','2027-08-30T07:00:00','2027-09-01T07:00:00','P0Y0M0D','P0Y0M0D',.T.,$,$,$,$,$,0.0);
#150=IFCTASK('Q5S363iXjNhH37QlpLXRzv',#6,'Slab, floor 8 — Tower A',$,$,'4.2.17',$,$,$,.F.,$,#149,.CONSTRUCTION.);
#151=IFCTASKTIME('Walls, floor 9 — Tower A Time',.PREDICTED.,$,.WORKTIME.,'P0Y0M4D','2027-03-01T07:00:00','2027-03-04T07:00:00','2027-09-02T07:00:00','2027-09-07T07:00:00','2027-09-02T07:00:00','2027-09-07T07:00:00','P0Y0M0D','P0Y0M0D',.T.,$,$,$,$,$,0.0);
#152=IFCTASK('_pMP5hRFIVLHBpv$cvi5lL',#6,'Walls, floor 9 — Tower A',$,$,'4.2.18',$,$,$,.F.,$,#151,.CONSTRUCTION.);
#153=IFCTASKTIME('Slab, floor 9 — Tower A Time',.PREDICTED.,$,.WORKTIME.,'P0Y0M3D','2027-03-01T07:00:00','2027-03-03T07:00:00','2027-09-06T07:00:00','2027-09-08T07:00:00','2027-09-06T07:00:00','2027-09-08T07:00:00','P0Y0M0D','P0Y0M0D',.T.,$,$,$,$,$,0.0);
#154=IFCTASK('7rIH1vgdDPtbXRaFNN2BCZ',#6,'Slab, floor 9 — Tower A',$,$,'4.2.19',$,$,$,.F.,$,#153,.CONSTRUCTION.);
#155=IFCTASKTIME('Walls, floor 10 — Tower A Time',.PREDICTED.,$,.WORKTIME.,'P0Y0M4D','2027-03-01T07:00:00','2027-03-04T07:00:00','2027-09-09T07:00:00','2027-09-14T07:00:00','2027-09-09T07:00:00','2027-09-14T07:00:00','P0Y0M0D','P0Y0M0D',.T.,$,$,$,$,$,0.0);
#156=IFCTASK('C9gdnFjXvTibPFXVaNk59H',#6,'Walls, floor 10 — Tower A',$,$,'4.2.20',$,$,$,.F.,$,#155,.CONSTRUCTION.);
#157=IFCTASKTIME('Slab, floor 10 — Tower A Time',.PREDICTED.,$,.WORKTIME.,'P0Y0M3D','2027-03-01T07:00:00','2027-03-03T07:00:00','2027-09-13T07:00:00','2027-09-15T07:00:00','2027-09-13T07:00:00','2027-09-15T07:00:00','P0Y0M0D','P0Y0M0D',.T.,$,$,$,$,$,0.0);
#158=IFCTASK('TZWNWXTlzHWHfbmVSbfhw5',#6,'Slab, floor 10 — Tower A',$,$,'4.2.21',$,$,$,.F.,$,#157,.CONSTRUCTION.);
#159=IFCTASKTIME('Walls, floor 11 — Tower A Time',.PREDICTED.,$,.WORKTIME.,'P0Y0M4D','2027-03-01T07:00:00','2027-03-04T07:00:00','2027-09-16T07:00:00','2027-09-21T07:00:00','2027-09-16T07:00:00','2027-09-21T07:00:00','P0Y0M0D','P0Y0M0D',.T.,$,$,$,$,$,0.0);
#160=IFCTASK('Qb8Fh9CFGpIPO1P$qlT9eZ',#6,'Walls, floor 11 — Tower A',$,$,'4.2.22',$,$,$,.F.,$,#159,.CONSTRUCTION.);
#161=IFCTASKTIME('Slab, floor 11 — Tower A Time',.PREDICTED.,$,.WORKTIME.,'P0Y0M3D','2027-03-01T07:00:00','2027-03-03T07:00:00','2027-09-20T07:00:00','2027-09-22T07:00:00','2027-09-20T07:00:00','2027-09-22T07:00:00','P0Y0M0D','P0Y0M0D',.T.,$,$,$,$,$,0.0);
#162=IFCTASK('9D7TyVs1evZd0zTlqTa3n$',#6,'Slab, floor 11 — Tower A',$,$,'4.2.23',$,$,$,.F.,$,#161,.CONSTRUCTION.);
#163=IFCTASKTIME('Walls, floor 12 — Tower A Time',.PREDICTED.,$,.WORKTIME.,'P0Y0M4D','2027-03-01T07:00:00','2027-03-04T07:00:00','2027-09-23T07:00:00','2027-09-28T07:00:00','2027-09-23T07:00:00','2027-09-28T07:00:00','P0Y0M0D','P0Y0M0D',.T.,$,$,$,$,$,0.0);
#164=IFCTASK('1JYhtzjX9BNZ$$lXBpbnjz',#6,'Walls, floor 12 — Tower A',$,$,'4.2.24',$,$,$,.F.,$,#163,.CONSTRUCTION.);
#165=IFCTASKTIME('Slab, floor 12 — Tower A Time',.PREDICTED.,$,.WORKTIME.,'P0Y0M3D','2027-03-01T07:00:00','2027-03-03T07:00:00','2027-09-27T07:00:00','2027-09-29T07:00:00','2027-09-27T07:00:00','2027-09-29T07:00:00','P0Y0M0D','P0Y0M0D',.T.,$,$,$,$,$,0.0);
#166=IFCTASK('6FlR0H17ANb$aDd1yhXbjX',#6,'Slab, floor 12 — Tower A',$,$,'4.2.25',$,$,$,.F.,$,#165,.CONSTRUCTION.);
#167=IFCTASKTIME('Stair core & lift shaft — Tower A Time',.PREDICTED.,$,.WORKTIME.,'P0Y0M36D','2027-03-01T07:00:00','2027-04-19T07:00:00','2027-06-11T07:00:00','2027-08-20T07:00:00','2028-02-17T07:00:00','2028-04-06T07:00:00','P0Y0M33D','P0Y0M164D',.F.,$,$,$,$,$,0.0);
#168=IFCTASK('$FLH5hBlthjvUTzn4rhH7b',#6,'Stair core & lift shaft — Tower A',$,$,'4.2.26',$,$,$,.F.,$,#167,.CONSTRUCTION.);
#169=IFCTASKTIME('Install roof structure — Tower A Time',.PREDICTED.,$,.WORKTIME.,'P0Y0M5D','2027-03-01T07:00:00','2027-03-05T07:00:00','2027-09-30T07:00:00','2027-10-06T07:00:00','2027-09-30T07:00:00','2027-10-06T07:00:00','P0Y0M0D','P0Y0M0D',.T.,$,$,$,$,$,0.0);
#170=IFCTASK('sJLlzvP9b$XRXRyFldSrO3',#6,'Install roof structure — Tower A',$,$,'4.2.27',$,$,$,.F.,$,#169,.CONSTRUCTION.);
#171=IFCTASKTIME('Structural works complete — Tower A Time',.PREDICTED.,$,.WORKTIME.,'P0Y0M0D','2027-03-01T07:00:00','2027-03-01T07:00:00','2027-10-06T07:00:00','2027-10-06T07:00:00','2028-04-06T07:00:00','2028-04-06T07:00:00','P0Y0M0D','P0Y0M131D',.F.,$,$,$,$,$,0.0);
#172=IFCTASK('_l$rxlNfSLdJQ3Bn$1pP3B',#6,'Structural works complete — Tower A',$,$,'4.2.28',$,$,$,.T.,$,#171,.CONSTRUCTION.);
#173=IFCTASKTIME('Structural works — Tower B Time',.PREDICTED.,$,.WORKTIME.,'P0Y0M5D','2027-03-01T07:00:00','2027-03-05T07:00:00','2027-06-11T07:00:00','2027-10-06T07:00:00','2027-06-11T07:00:00','2028-04-06T07:00:00','P0Y0M0D','P0Y0M0D',.T.,$,$,$,$,$,0.0);
#174=IFCTASK('WXbHH1fNYpIdy9KlOjd5Lf',#6,'Structural works — Tower B',$,$,'4.3',$,$,$,.F.,$,#173,.CONSTRUCTION.);
#175=IFCTASKTIME('Pour ground floor slab — Tower B Time',.PREDICTED.,$,.WORKTIME.,'P0Y0M4D','2027-03-01T07:00:00','2027-03-04T07:00:00','2027-06-11T07:00:00','2027-06-16T07:00:00','2027-06-11T07:00:00','2027-06-16T07:00:00','P0Y0M0D','P0Y0M0D',.T.,$,$,$,$,$,0.0);
#176=IFCTASK('iPeHj1E9HjqxtBYVzj6dxn',#6,'Pour ground floor slab — Tower B',$,$,'4.3.1',$,$,$,.F.,$,#175,.CONSTRUCTION.);
#177=IFCTASKTIME('Walls, floor 1 — Tower B Time',.PREDICTED.,$,.WORKTIME.,'P0Y0M4D','2027-03-01T07:00:00','2027-03-04T07:00:00','2027-06-17T07:00:00','2027-06-22T07:00:00','2027-06-17T07:00:00','2027-06-22T07:00:00','P0Y0M0D','P0Y0M0D',.T.,$,$,$,$,$,0.0);
#178=IFCTASK('rjD73LKngbZd43XVgLOl9j',#6,'Walls, floor 1 — Tower B',$,$,'4.3.2',$,$,$,.F.,$,#177,.CONSTRUCTION.);
#179=IFCTASKTIME('Slab, floor 1 — Tower B Time',.PREDICTED.,$,.WORKTIME.,'P0Y0M3D','2027-03-01T07:00:00','2027-03-03T07:00:00','2027-06-21T07:00:00','2027-06-23T07:00:00','2027-06-21T07:00:00','2027-06-23T07:00:00','P0Y0M0D','P0Y0M0D',.T.,$,$,$,$,$,0.0);
#180=IFCTASK('qNULnH79Z$gzbXjHNpr$Mj',#6,'Slab, floor 1 — Tower B',$,$,'4.3.3',$,$,$,.F.,$,#179,.CONSTRUCTION.);
#181=IFCTASKTIME('Walls, floor 2 — Tower B Time',.PREDICTED.,$,.WORKTIME.,'P0Y0M4D','2027-03-01T07:00:00','2027-03-04T07:00:00','2027-06-24T07:00:00','2027-06-29T07:00:00','2027-06-24T07:00:00','2027-06-29T07:00:00','P0Y0M0D','P0Y0M0D',.T.,$,$,$,$,$,0.0);
#182=IFCTASK('wnd3kHWtrtU5zdoVCZarq3',#6,'Walls, floor 2 — Tower B',$,$,'4.3.4',$,$,$,.F.,$,#181,.CONSTRUCTION.);
#183=IFCTASKTIME('Slab, floor 2 — Tower B Time',.PREDICTED.,$,.WORKTIME.,'P0Y0M3D','2027-03-01T07:00:00','2027-03-03T07:00:00','2027-06-28T07:00:00','2027-06-30T07:00:00','2027-06-28T07:00:00','2027-06-30T07:00:00','P0Y0M0D','P0Y0M0D',.T.,$,$,$,$,$,0.0);
#184=IFCTASK('W$VzEZFdzn4hclzH2NYh_z',#6,'Slab, floor 2 — Tower B',$,$,'4.3.5',$,$,$,.F.,$,#183,.CONSTRUCTION.);
#185=IFCTASKTIME('Walls, floor 3 — Tower B Time',.PREDICTED.,$,.WORKTIME.,'P0Y0M4D','2027-03-01T07:00:00','2027-03-04T07:00:00','2027-07-01T07:00:00','2027-07-06T07:00:00','2027-07-01T07:00:00','2027-07-06T07:00:00','P0Y0M0D','P0Y0M0D',.T.,$,$,$,$,$,0.0);
#186=IFCTASK('NPuFFhxFSh7DWj1VeDxlR5',#6,'Walls, floor 3 — Tower B',$,$,'4.3.6',$,$,$,.F.,$,#185,.CONSTRUCTION.);
#187=IFCTASKTIME('Slab, floor 3 — Tower B Time',.PREDICTED.,$,.WORKTIME.,'P0Y0M3D','2027-03-01T07:00:00','2027-03-03T07:00:00','2027-07-05T07:00:00','2027-07-07T07:00:00','2027-07-05T07:00:00','2027-07-07T07:00:00','P0Y0M0D','P0Y0M0D',.T.,$,$,$,$,$,0.0);
#188=IFCTASK('2Jg3_La$QJK3VbanHBrFR$',#6,'Slab, floor 3 — Tower B',$,$,'4.3.7',$,$,$,.F.,$,#187,.CONSTRUCTION.);
#189=IFCTASKTIME('Walls, floor 4 — Tower B Time',.PREDICTED.,$,.WORKTIME.,'P0Y0M4D','2027-03-01T07:00:00','2027-03-04T07:00:00','2027-07-08T07:00:00','2027-07-13T07:00:00','2027-07-08T07:00:00','2027-07-13T07:00:00','P0Y0M0D','P0Y0M0D',.T.,$,$,$,$,$,0.0);
#190=IFCTASK('pPwphJA1CdCxXnTnA$NhEb',#6,'Walls, floor 4 — Tower B',$,$,'4.3.8',$,$,$,.F.,$,#189,.CONSTRUCTION.);
#191=IFCTASKTIME('Slab, floor 4 — Tower B Time',.PREDICTED.,$,.WORKTIME.,'P0Y0M3D','2027-03-01T07:00:00','2027-03-03T07:00:00','2027-07-12T07:00:00','2027-07-14T07:00:00','2027-07-12T07:00:00','2027-07-14T07:00:00','P0Y0M0D','P0Y0M0D',.T.,$,$,$,$,$,0.0);
#192=IFCTASK('8Lcj$ZOv0rtznD91HBT9Wd',#6,'Slab, floor 4 — Tower B',$,$,'4.3.9',$,$,$,.F.,$,#191,.CONSTRUCTION.);
#193=IFCTASKTIME('Walls, floor 5 — Tower B Time',.PREDICTED.,$,.WORKTIME.,'P0Y0M4D','2027-03-01T07:00:00','2027-03-04T07:00:00','2027-07-15T07:00:00','2027-07-20T07:00:00','2027-07-15T07:00:00','2027-07-20T07:00:00','P0Y0M0D','P0Y0M0D',.T.,$,$,$,$,$,0.0);
#194=IFCTASK('tJBn13iVn3o7E171AbwdlL',#6,'Walls, floor 5 — Tower B',$,$,'4.3.10',$,$,$,.F.,$,#193,.CONSTRUCTION.);
#195=IFCTASKTIME('Slab, floor 5 — Tower B Time',.PREDICTED.,$,.WORKTIME.,'P0Y0M3D','2027-03-01T07:00:00','2027-03-03T07:00:00','2027-07-19T07:00:00','2027-07-21T07:00:00','2027-07-19T07:00:00','2027-07-21T07:00:00','P0Y0M0D','P0Y0M0D',.T.,$,$,$,$,$,0.0);
#196=IFCTASK('xHZNyTuv6FSBKbKFcZ5XS5',#6,'Slab, floor 5 — Tower B',$,$,'4.3.11',$,$,$,.F.,$,#195,.CONSTRUCTION.);
#197=IFCTASKTIME('Walls, floor 6 — Tower B Time',.PREDICTED.,$,.WORKTIME.,'P0Y0M4D','2027-03-01T07:00:00','2027-03-04T07:00:00','2027-07-22T07:00:00','2027-08-17T07:00:00','2027-07-22T07:00:00','2027-08-17T07:00:00','P0Y0M0D','P0Y0M0D',.T.,$,$,$,$,$,0.0);
#198=IFCTASK('kxnD$PYFQjCxx50X5HzN23',#6,'Walls, floor 6 — Tower B',$,$,'4.3.12',$,$,$,.F.,$,#197,.CONSTRUCTION.);
#199=IFCTASKTIME('Slab, floor 6 — Tower B Time',.PREDICTED.,$,.WORKTIME.,'P0Y0M3D','2027-03-01T07:00:00','2027-03-03T07:00:00','2027-08-16T07:00:00','2027-08-18T07:00:00','2027-08-16T07:00:00','2027-08-18T07:00:00','P0Y0M0D','P0Y0M0D',.T.,$,$,$,$,$,0.0);
#200=IFCTASK('3FR$ctKFQJq5vJHXrjfh_X',#6,'Slab, floor 6 — Tower B',$,$,'4.3.13',$,$,$,.F.,$,#199,.CONSTRUCTION.);
#201=IFCTASKTIME('Walls, floor 7 — Tower B Time',.PREDICTED.,$,.WORKTIME.,'P0Y0M4D','2027-03-01T07:00:00','2027-03-04T07:00:00','2027-08-19T07:00:00','2027-08-24T07:00:00','2027-08-19T07:00:00','2027-08-24T07:00:00','P0Y0M0D','P0Y0M0D',.T.,$,$,$,$,$,0.0);
#202=IFCTASK('dV39gb5VJrT9Lfql_xhVeZ',#6,'Walls, floor 7 — Tower B',$,$,'4.3.14',$,$,$,.F.,$,#201,.CONSTRUCTION.);
#203=IFCTASKTIME('Slab, floor 7 — Tower B Time',.PREDICTED.,$,.WORKTIME.,'P0Y0M3D','2027-03-01T07:00:00','2027-03-03T07:00:00','2027-08-23T07:00:00','2027-08-25T07:00:00','2027-08-23T07:00:00','2027-08-25T07:00:00','P0Y0M0D','P0Y0M0D',.T.,$,$,$,$,$,0.0);
#204=IFCTASK('a$Phl$1PZ1IL2vUFrNYLUn',#6,'Slab, floor 7 — Tower B',$,$,'4.3.15',$,$,$,.F.,$,#203,.CONSTRUCTION.);
#205=IFCTASKTIME('Walls, floor 8 — Tower B Time',.PREDICTED.,$,.WORKTIME.,'P0Y0M4D','2027-03-01T07:00:00','2027-03-04T07:00:00','2027-08-26T07:00:00','2027-08-31T07:00:00','2027-08-26T07:00:00','2027-08-31T07:00:00','P0Y0M0D','P0Y0M0D',.T.,$,$,$,$,$,0.0);
#206=IFCTASK('N3ljhfOva115n7sHyBb$Mj',#6,'Walls, floor 8 — Tower B',$,$,'4.3.16',$,$,$,.F.,$,#205,.CONSTRUCTION.);
#207=IFCTASKTIME('Slab, floor 8 — Tower B Time',.PREDICTED.,$,.WORKTIME.,'P0Y0M3D','2027-03-01T07:00:00','2027-03-03T07:00:00','2027-08-30T07:00:00','2027-09-01T07:00:00','2027-08-30T07:00:00','2027-09-01T07:00:00','P0Y0M0D','P0Y0M0D',.T.,$,$,$,$,$,0.0);
#208=IFCTASK('Tz4BjZndd7etrdw$CHhHRb',#6,'Slab, floor 8 — Tower B',$,$,'4.3.17',$,$,$,.F.,$,#207,.CONSTRUCTION.);
#209=IFCTASKTIME('Walls, floor 9 — Tower B Time',.PREDICTED.,$,.WORKTIME.,'P0Y0M4D','2027-03-01T07:00:00','2027-03-04T07:00:00','2027-09-02T07:00:00','2027-09-07T07:00:00','2027-09-02T07:00:00','2027-09-07T07:00:00','P0Y0M0D','P0Y0M0D',.T.,$,$,$,$,$,0.0);
#210=IFCTASK('a3CpRbTlRL3fVH9$G$j7tp',#6,'Walls, floor 9 — Tower B',$,$,'4.3.18',$,$,$,.F.,$,#209,.CONSTRUCTION.);
#211=IFCTASKTIME('Slab, floor 9 — Tower B Time',.PREDICTED.,$,.WORKTIME.,'P0Y0M3D','2027-03-01T07:00:00','2027-03-03T07:00:00','2027-09-06T07:00:00','2027-09-08T07:00:00','2027-09-06T07:00:00','2027-09-08T07:00:00','P0Y0M0D','P0Y0M0D',.T.,$,$,$,$,$,0.0);
#212=IFCTASK('CrlbyZOvCTY5RhEnsRYnBP',#6,'Slab, floor 9 — Tower B',$,$,'4.3.19',$,$,$,.F.,$,#211,.CONSTRUCTION.);
#213=IFCTASKTIME('Walls, floor 10 — Tower B Time',.PREDICTED.,$,.WORKTIME.,'P0Y0M4D','2027-03-01T07:00:00','2027-03-04T07:00:00','2027-09-09T07:00:00','2027-09-14T07:00:00','2027-09-09T07:00:00','2027-09-14T07:00:00','P0Y0M0D','P0Y0M0D',.T.,$,$,$,$,$,0.0);
#214=IFCTASK('zDsv5l$7wnSJ6DjF3JEXiV',#6,'Walls, floor 10 — Tower B',$,$,'4.3.20',$,$,$,.F.,$,#213,.CONSTRUCTION.);
#215=IFCTASKTIME('Slab, floor 10 — Tower B Time',.PREDICTED.,$,.WORKTIME.,'P0Y0M3D','2027-03-01T07:00:00','2027-03-03T07:00:00','2027-09-13T07:00:00','2027-09-15T07:00:00','2027-09-13T07:00:00','2027-09-15T07:00:00','P0Y0M0D','P0Y0M0D',.T.,$,$,$,$,$,0.0);
#216=IFCTASK('AJrFVjwXPdyL6Xd1pdqbTN',#6,'Slab, floor 10 — Tower B',$,$,'4.3.21',$,$,$,.F.,$,#215,.CONSTRUCTION.);
#217=IFCTASKTIME('Walls, floor 11 — Tower B Time',.PREDICTED.,$,.WORKTIME.,'P0Y0M4D','2027-03-01T07:00:00','2027-03-04T07:00:00','2027-09-16T07:00:00','2027-09-21T07:00:00','2027-09-16T07:00:00','2027-09-21T07:00:00','P0Y0M0D','P0Y0M0D',.T.,$,$,$,$,$,0.0);
#218=IFCTASK('9JBFhNeP3T_RlTTFsbk$IL',#6,'Walls, floor 11 — Tower B',$,$,'4.3.22',$,$,$,.F.,$,#217,.CONSTRUCTION.);
#219=IFCTASKTIME('Slab, floor 11 — Tower B Time',.PREDICTED.,$,.WORKTIME.,'P0Y0M3D','2027-03-01T07:00:00','2027-03-03T07:00:00','2027-09-20T07:00:00','2027-09-22T07:00:00','2027-09-20T07:00:00','2027-09-22T07:00:00','P0Y0M0D','P0Y0M0D',.T.,$,$,$,$,$,0.0);
#220=IFCTASK('mP_rDDn7I19zTLQlfjXpSb',#6,'Slab, floor 11 — Tower B',$,$,'4.3.23',$,$,$,.F.,$,#219,.CONSTRUCTION.);
#221=IFCTASKTIME('Walls, floor 12 — Tower B Time',.PREDICTED.,$,.WORKTIME.,'P0Y0M4D','2027-03-01T07:00:00','2027-03-04T07:00:00','2027-09-23T07:00:00','2027-09-28T07:00:00','2027-09-23T07:00:00','2027-09-28T07:00:00','P0Y0M0D','P0Y0M0D',.T.,$,$,$,$,$,0.0);
#222=IFCTASK('kbz96zqVBtEBadg$dh0vdB',#6,'Walls, floor 12 — Tower B',$,$,'4.3.24',$,$,$,.F.,$,#221,.CONSTRUCTION.);
#223=IFCTASKTIME('Slab, floor 12 — Tower B Time',.PREDICTED.,$,.WORKTIME.,'P0Y0M3D','2027-03-01T07:00:00','2027-03-03T07:00:00','2027-09-27T07:00:00','2027-09-29T07:00:00','2027-09-27T07:00:00','2027-09-29T07:00:00','P0Y0M0D','P0Y0M0D',.T.,$,$,$,$,$,0.0);
#224=IFCTASK('8hM32P5VXdnD0ZN1$XHBS9',#6,'Slab, floor 12 — Tower B',$,$,'4.3.25',$,$,$,.F.,$,#223,.CONSTRUCTION.);
#225=IFCTASKTIME('Stair core & lift shaft — Tower B Time',.PREDICTED.,$,.WORKTIME.,'P0Y0M36D','2027-03-01T07:00:00','2027-04-19T07:00:00','2027-06-11T07:00:00','2027-08-20T07:00:00','2028-02-17T07:00:00','2028-04-06T07:00:00','P0Y0M33D','P0Y0M164D',.F.,$,$,$,$,$,0.0);
#226=IFCTASK('N7aL1dcV3z6$ytiF_xZNIL',#6,'Stair core & lift shaft — Tower B',$,$,'4.3.26',$,$,$,.F.,$,#225,.CONSTRUCTION.);
#227=IFCTASKTIME('Install roof structure — Tower B Time',.PREDICTED.,$,.WORKTIME.,'P0Y0M5D','2027-03-01T07:00:00','2027-03-05T07:00:00','2027-09-30T07:00:00','2027-10-06T07:00:00','2027-09-30T07:00:00','2027-10-06T07:00:00','P0Y0M0D','P0Y0M0D',.T.,$,$,$,$,$,0.0);
#228=IFCTASK('Dr9pr3CVZDOd89e1R5gTlh',#6,'Install roof structure — Tower B',$,$,'4.3.27',$,$,$,.F.,$,#227,.CONSTRUCTION.);
#229=IFCTASKTIME('Structural works complete — Tower B Time',.PREDICTED.,$,.WORKTIME.,'P0Y0M0D','2027-03-01T07:00:00','2027-03-01T07:00:00','2027-10-06T07:00:00','2027-10-06T07:00:00','2028-04-06T07:00:00','2028-04-06T07:00:00','P0Y0M0D','P0Y0M131D',.F.,$,$,$,$,$,0.0);
#230=IFCTASK('Z3ijLtqVjr3fbLQlnfwJgJ',#6,'Structural works complete — Tower B',$,$,'4.3.28',$,$,$,.T.,$,#229,.CONSTRUCTION.);
#231=IFCTASKTIME('Structural works — Tower C Time',.PREDICTED.,$,.WORKTIME.,'P0Y0M5D','2027-03-01T07:00:00','2027-03-05T07:00:00','2027-06-11T07:00:00','2027-10-06T07:00:00','2027-06-16T07:00:00','2028-04-06T07:00:00','P0Y0M0D','P0Y0M3D',.F.,$,$,$,$,$,0.0);
#232=IFCTASK('xLYhxLz$ipuf5xu$Ph8$Yp',#6,'Structural works — Tower C',$,$,'4.4',$,$,$,.F.,$,#231,.CONSTRUCTION.);
#233=IFCTASKTIME('Pour ground floor slab — Tower C Time',.PREDICTED.,$,.WORKTIME.,'P0Y0M4D','2027-03-01T07:00:00','2027-03-04T07:00:00','2027-06-11T07:00:00','2027-06-16T07:00:00','2027-06-16T07:00:00','2027-06-21T07:00:00','P0Y0M0D','P0Y0M3D',.F.,$,$,$,$,$,0.0);
#234=IFCTASK('rpvZy3KVzlm$OPkXsVJ7B3',#6,'Pour ground floor slab — Tower C',$,$,'4.4.1',$,$,$,.F.,$,#233,.CONSTRUCTION.);
#235=IFCTASKTIME('Walls, floor 1 — Tower C Time',.PREDICTED.,$,.WORKTIME.,'P0Y0M4D','2027-03-01T07:00:00','2027-03-04T07:00:00','2027-06-17T07:00:00','2027-06-22T07:00:00','2027-06-22T07:00:00','2027-06-25T07:00:00','P0Y0M0D','P0Y0M3D',.F.,$,$,$,$,$,0.0);
#236=IFCTASK('sJ3tUf$vEntRB7kFCFdJUl',#6,'Walls, floor 1 — Tower C',$,$,'4.4.2',$,$,$,.F.,$,#235,.CONSTRUCTION.);
#237=IFCTASKTIME('Slab, floor 1 — Tower C Time',.PREDICTED.,$,.WORKTIME.,'P0Y0M3D','2027-03-01T07:00:00','2027-03-03T07:00:00','2027-06-21T07:00:00','2027-06-23T07:00:00','2027-06-24T07:00:00','2027-06-28T07:00:00','P0Y0M0D','P0Y0M3D',.F.,$,$,$,$,$,0.0);
#238=IFCTASK('8BEF91w7YjIhQHLndHZ9S9',#6,'Slab, floor 1 — Tower C',$,$,'4.4.3',$,$,$,.F.,$,#237,.CONSTRUCTION.);
#239=IFCTASKTIME('Walls, floor 2 — Tower C Time',.PREDICTED.,$,.WORKTIME.,'P0Y0M4D','2027-03-01T07:00:00','2027-03-04T07:00:00','2027-06-24T07:00:00','2027-06-29T07:00:00','2027-06-29T07:00:00','2027-07-02T07:00:00','P0Y0M0D','P0Y0M3D',.F.,$,$,$,$,$,0.0);
#240=IFCTASK('aTOHfDl7mTC5PzZli1Vp09',#6,'Walls, floor 2 — Tower C',$,$,'4.4.4',$,$,$,.F.,$,#239,.CONSTRUCTION.);
#241=IFCTASKTIME('Slab, floor 2 — Tower C Time',.PREDICTED.,$,.WORKTIME.,'P0Y0M3D','2027-03-01T07:00:00','2027-03-03T07:00:00','2027-06-28T07:00:00','2027-06-30T07:00:00','2027-07-01T07:00:00','2027-07-05T07:00:00','P0Y0M0D','P0Y0M3D',.F.,$,$,$,$,$,0.0);
#242=IFCTASK('idmPhpUNiDmXgtKlODr$Yp',#6,'Slab, floor 2 — Tower C',$,$,'4.4.5',$,$,$,.F.,$,#241,.CONSTRUCTION.);
#243=IFCTASKTIME('Walls, floor 3 — Tower C Time',.PREDICTED.,$,.WORKTIME.,'P0Y0M4D','2027-03-01T07:00:00','2027-03-04T07:00:00','2027-07-01T07:00:00','2027-07-06T07:00:00','2027-07-06T07:00:00','2027-07-09T07:00:00','P0Y0M0D','P0Y0M3D',.F.,$,$,$,$,$,0.0);
#244=IFCTASK('8LMz2vtfCPSruHHXPF15Bd',#6,'Walls, floor 3 — Tower C',$,$,'4.4.6',$,$,$,.F.,$,#243,.CONSTRUCTION.);
#245=IFCTASKTIME('Slab, floor 3 — Tower C Time',.PREDICTED.,$,.WORKTIME.,'P0Y0M3D','2027-03-01T07:00:00','2027-03-03T07:00:00','2027-07-05T07:00:00','2027-07-07T07:00:00','2027-07-08T07:00:00','2027-07-12T07:00:00','P0Y0M0D','P0Y0M3D',.F.,$,$,$,$,$,0.0);
#246=IFCTASK('ndYLdxQ7enaJQHbFuzlrOL',#6,'Slab, floor 3 — Tower C',$,$,'4.4.7',$,$,$,.F.,$,#245,.CONSTRUCTION.);
#247=IFCTASKTIME('Walls, floor 4 — Tower C Time',.PREDICTED.,$,.WORKTIME.,'P0Y0M4D','2027-03-01T07:00:00','2027-03-04T07:00:00','2027-07-08T07:00:00','2027-07-13T07:00:00','2027-07-13T07:00:00','2027-07-16T07:00:00','P0Y0M0D','P0Y0M3D',.F.,$,$,$,$,$,0.0);
#248=IFCTASK('hPe$ozT$Md1ZZ9anJNcpyP',#6,'Walls, floor 4 — Tower C',$,$,'4.4.8',$,$,$,.F.,$,#247,.CONSTRUCTION.);
#249=IFCTASKTIME('Slab, floor 4 — Tower C Time',.PREDICTED.,$,.WORKTIME.,'P0Y0M3D','2027-03-01T07:00:00','2027-03-03T07:00:00','2027-07-12T07:00:00','2027-07-14T07:00:00','2027-07-15T07:00:00','2027-07-19T07:00:00','P0Y0M0D','P0Y0M3D',.F.,$,$,$,$,$,0.0);
#250=IFCTASK('$l1BHRL1cDmXUzd1DvGtCZ',#6,'Slab, floor 4 — Tower C',$,$,'4.4.9',$,$,$,.F.,$,#249,.CONSTRUCTION.);
#251=IFCTASKTIME('Walls, floor 5 — Tower C Time',.PREDICTED.,$,.WORKTIME.,'P0Y0M4D','2027-03-01T07:00:00','2027-03-04T07:00:00','2027-07-15T07:00:00','2027-07-20T07:00:00','2027-07-20T07:00:00','2027-07-23T07:00:00','P0Y0M0D','P0Y0M3D',.F.,$,$,$,$,$,0.0);
#252=IFCTASK('QV39wZ8dxbz7YTTnI$rn$j',#6,'Walls, floor 5 — Tower C',$,$,'4.4.10',$,$,$,.F.,$,#251,.CONSTRUCTION.);
#253=IFCTASKTIME('Slab, floor 5 — Tower C Time',.PREDICTED.,$,.WORKTIME.,'P0Y0M3D','2027-03-01T07:00:00','2027-03-03T07:00:00','2027-07-19T07:00:00','2027-07-21T07:00:00','2027-07-22T07:00:00','2027-08-16T07:00:00','P0Y0M0D','P0Y0M3D',.F.,$,$,$,$,$,0.0);
#254=IFCTASK('Er9pzvv979g3l3$X83lr0t',#6,'Slab, floor 5 — Tower C',$,$,'4.4.11',$,$,$,.F.,$,#253,.CONSTRUCTION.);
#255=IFCTASKTIME('Walls, floor 6 — Tower C Time',.PREDICTED.,$,.WORKTIME.,'P0Y0M4D','2027-03-01T07:00:00','2027-03-04T07:00:00','2027-07-22T07:00:00','2027-08-17T07:00:00','2027-08-17T07:00:00','2027-08-20T07:00:00','P0Y0M0D','P0Y0M3D',.F.,$,$,$,$,$,0.0);
#256=IFCTASK('fTjvVj6X5x$Zx5mXGldxTb',#6,'Walls, floor 6 — Tower C',$,$,'4.4.12',$,$,$,.F.,$,#255,.CONSTRUCTION.);
#257=IFCTASKTIME('Slab, floor 6 — Tower C Time',.PREDICTED.,$,.WORKTIME.,'P0Y0M3D','2027-03-01T07:00:00','2027-03-03T07:00:00','2027-08-16T07:00:00','2027-08-18T07:00:00','2027-08-19T07:00:00','2027-08-23T07:00:00','P0Y0M0D','P0Y0M3D',.F.,$,$,$,$,$,0.0);
#258=IFCTASK('QV5FFLBH$fJvwJd1HLdJsT',#6,'Slab, floor 6 — Tower C',$,$,'4.4.13',$,$,$,.F.,$,#257,.CONSTRUCTION.);
#259=IFCTASKTIME('Walls, floor 7 — Tower C Time',.PREDICTED.,$,.WORKTIME.,'P0Y0M4D','2027-03-01T07:00:00','2027-03-04T07:00:00','2027-08-19T07:00:00','2027-08-24T07:00:00','2027-08-24T07:00:00','2027-08-27T07:00:00','P0Y0M0D','P0Y0M3D',.F.,$,$,$,$,$,0.0);
#260=IFCTASK('sp7TKf79$hnLEBc1AxQD4B',#6,'Walls, floor 7 — Tower C',$,$,'4.4.14',$,$,$,.F.,$,#259,.CONSTRUCTION.);
#261=IFCTASKTIME('Slab, floor 7 — Tower C Time',.PREDICTED.,$,.WORKTIME.,'P0Y0M3D','2027-03-01T07:00:00','2027-03-03T07:00:00','2027-08-23T07:00:00','2027-08-25T07:00:00','2027-08-26T07:00:00','2027-08-30T07:00:00','P0Y0M0D','P0Y0M3D',.F.,$,$,$,$,$,0.0);
#262=IFCTASK('I9iJLtiFYDsHHtO1OJHz$f',#6,'Slab, floor 7 — Tower C',$,$,'4.4.15',$,$,$,.F.,$,#261,.CONSTRUCTION.);
#263=IFCTASKTIME('Walls, floor 8 — Tower C Time',.PREDICTED.,$,.WORKTIME.,'P0Y0M4D','2027-03-01T07:00:00','2027-03-04T07:00:00','2027-08-26T07:00:00','2027-08-31T07:00:00','2027-08-31T07:00:00','2027-09-03T07:00:00','P0Y0M0D','P0Y0M3D',.F.,$,$,$,$,$,0.0);
#264=IFCTASK('xBgdRxvtB3mVIxWVJt6P3r',#6,'Walls, floor 8 — Tower C',$,$,'4.4.16',$,$,$,.F.,$,#263,.CONSTRUCTION.);
#265=IFCTASKTIME('Slab, floor 8 — Tower C Time',.PREDICTED.,$,.WORKTIME.,'P0Y0M3D','2027-03-01T07:00:00','2027-03-03T07:00:00','2027-08-30T07:00:00','2027-09-01T07:00:00','2027-09-02T07:00:00','2027-09-06T07:00:00','P0Y0M0D','P0Y0M3D',.F.,$,$,$,$,$,0.0);
#266=IFCTASK('kRL$oTfNuV61CrEXyPeVKj',#6,'Slab, floor 8 — Tower C',$,$,'4.4.17',$,$,$,.F.,$,#265,.CONSTRUCTION.);
#267=IFCTASKTIME('Walls, floor 9 — Tower C Time',.PREDICTED.,$,.WORKTIME.,'P0Y0M4D','2027-03-01T07:00:00','2027-03-04T07:00:00','2027-09-02T07:00:00','2027-09-07T07:00:00','2027-09-07T07:00:00','2027-09-10T07:00:00','P0Y0M0D','P0Y0M3D',.F.,$,$,$,$,$,0.0);
#268=IFCTASK('BJxVW$VPTjC5lNaljfk5v9',#6,'Walls, floor 9 — Tower C',$,$,'4.4.18',$,$,$,.F.,$,#267,.CONSTRUCTION.);
#269=IFCTASKTIME('Slab, floor 9 — Tower C Time',.PREDICTED.,$,.WORKTIME.,'P0Y0M3D','2027-03-01T07:00:00','2027-03-03T07:00:00','2027-09-06T07:00:00','2027-09-08T07:00:00','2027-09-09T07:00:00','2027-09-13T07:00:00','P0Y0M0D','P0Y0M3D',.F.,$,$,$,$,$,0.0);
#270=IFCTASK('CtAvb$ff2tMznDHXdHBn5l',#6,'Slab, floor 9 — Tower C',$,$,'4.4.19',$,$,$,.F.,$,#269,.CONSTRUCTION.);
#271=IFCTASKTIME('Walls, floor 10 — Tower C Time',.PREDICTED.,$,.WORKTIME.,'P0Y0M4D','2027-03-01T07:00:00','2027-03-04T07:00:00','2027-09-09T07:00:00','2027-09-14T07:00:00','2027-09-14T07:00:00','2027-09-17T07:00:00','P0Y0M0D','P0Y0M3D',.F.,$,$,$,$,$,0.0);
#272=IFCTASK('d$9x2vXPrfcVcFf1zjcvPB',#6,'Walls, floor 10 — Tower C',$,$,'4.4.20',$,$,$,.F.,$,#271,.CONSTRUCTION.);
#273=IFCTASKTIME('Slab, floor 10 — Tower C Time',.PREDICTED.,$,.WORKTIME.,'P0Y0M3D','2027-03-01T07:00:00','2027-03-03T07:00:00','2027-09-13T07:00:00','2027-09-15T07:00:00','2027-09-16T07:00:00','2027-09-20T07:00:00','P0Y0M0D','P0Y0M3D',.F.,$,$,$,$,$,0.0);
#274=IFCTASK('8rsvPtBlvZypevAlK$Hzz7',#6,'Slab, floor 10 — Tower C',$,$,'4.4.21',$,$,$,.F.,$,#273,.CONSTRUCTION.);
#275=IFCTASKTIME('Walls, floor 11 — Tower C Time',.PREDICTED.,$,.WORKTIME.,'P0Y0M4D','2027-03-01T07:00:00','2027-03-04T07:00:00','2027-09-16T07:00:00','2027-09-21T07:00:00','2027-09-21T07:00:00','2027-09-24T07:00:00','P0Y0M0D','P0Y0M3D',.F.,$,$,$,$,$,0.0);
#276=IFCTASK('RVxnDJpnsB5Xo1f$Ldm9er',#6,'Walls, floor 11 — Tower C',$,$,'4.4.22',$,$,$,.F.,$,#275,.CONSTRUCTION.);
#277=IFCTASKTIME('Slab, floor 11 — Tower C Time',.PREDICTED.,$,.WORKTIME.,'P0Y0M3D','2027-03-01T07:00:00','2027-03-03T07:00:00','2027-09-20T07:00:00','2027-09-22T07:00:00','2027-09-23T07:00:00','2027-09-27T07:00:00','P0Y0M0D','P0Y0M3D',.F.,$,$,$,$,$,0.0);
#278=IFCTASK('T$Hj7v$dZXgnnpt1XD2re3',#6,'Slab, floor 11 — Tower C',$,$,'4.4.23',$,$,$,.F.,$,#277,.CONSTRUCTION.);
#279=IFCTASKTIME('Walls, floor 12 — Tower C Time',.PREDICTED.,$,.WORKTIME.,'P0Y0M4D','2027-03-01T07:00:00','2027-03-04T07:00:00','2027-09-23T07:00:00','2027-09-28T07:00:00','2027-09-28T07:00:00','2027-10-01T07:00:00','P0Y0M0D','P0Y0M3D',.F.,$,$,$,$,$,0.0);
#280=IFCTASK('ibrXy1gd9$PJsPA$Z$Z90t',#6,'Walls, floor 12 — Tower C',$,$,'4.4.24',$,$,$,.F.,$,#279,.CONSTRUCTION.);
#281=IFCTASKTIME('Slab, floor 12 — Tower C Time',.PREDICTED.,$,.WORKTIME.,'P0Y0M3D','2027-03-01T07:00:00','2027-03-03T07:00:00','2027-09-27T07:00:00','2027-09-29T07:00:00','2027-09-30T07:00:00','2027-10-04T07:00:00','P0Y0M0D','P0Y0M3D',.F.,$,$,$,$,$,0.0);
#282=IFCTASK('INeH9ZnPddqZthknSNQDSx',#6,'Slab, floor 12 — Tower C',$,$,'4.4.25',$,$,$,.F.,$,#281,.CONSTRUCTION.);
#283=IFCTASKTIME('Stair core & lift shaft — Tower C Time',.PREDICTED.,$,.WORKTIME.,'P0Y0M36D','2027-03-01T07:00:00','2027-04-19T07:00:00','2027-06-11T07:00:00','2027-08-20T07:00:00','2028-02-17T07:00:00','2028-04-06T07:00:00','P0Y0M33D','P0Y0M164D',.F.,$,$,$,$,$,0.0);
#284=IFCTASK('NTxFpp1dLpMn35yHJxZf65',#6,'Stair core & lift shaft — Tower C',$,$,'4.4.26',$,$,$,.F.,$,#283,.CONSTRUCTION.);
#285=IFCTASKTIME('Install roof structure — Tower C Time',.PREDICTED.,$,.WORKTIME.,'P0Y0M5D','2027-03-01T07:00:00','2027-03-05T07:00:00','2027-09-30T07:00:00','2027-10-06T07:00:00','2027-10-05T07:00:00','2027-10-11T07:00:00','P0Y0M0D','P0Y0M3D',.F.,$,$,$,$,$,0.0);
#286=IFCTASK('FLxXyXcXPjwj_7YF7bwPlB',#6,'Install roof structure — Tower C',$,$,'4.4.27',$,$,$,.F.,$,#285,.CONSTRUCTION.);
#287=IFCTASKTIME('Structural works complete — Tower C Time',.PREDICTED.,$,.WORKTIME.,'P0Y0M0D','2027-03-01T07:00:00','2027-03-01T07:00:00','2027-10-06T07:00:00','2027-10-06T07:00:00','2028-04-06T07:00:00','2028-04-06T07:00:00','P0Y0M0D','P0Y0M131D',.F.,$,$,$,$,$,0.0);
#288=IFCTASK('MdO1o1gdLpkdiRalfNcpGF',#6,'Structural works complete — Tower C',$,$,'4.4.28',$,$,$,.T.,$,#287,.CONSTRUCTION.);
#289=IFCTASKTIME('Structural works tower A (LOE) Time',.PREDICTED.,$,.WORKTIME.,'P0Y0M69D','2027-03-01T07:00:00','2027-03-05T07:00:00','2027-06-11T07:00:00','2027-10-06T07:00:00','2027-06-11T07:00:00','2027-10-06T07:00:00','P0Y0M0D','P0Y0M0D',.F.,$,$,$,$,$,0.0);
#290=IFCTASK('CLhHLp_fo5vLAPg$3jc7vb',#6,'Structural works tower A (LOE)',$,$,'4.2.29',$,$,$,.F.,$,#289,.CONSTRUCTION.);
#291=IFCTASKTIME('Dismantle tower crane Time',.PREDICTED.,$,.WORKTIME.,'P0Y0M2D','2027-03-01T07:00:00','2027-03-02T07:00:00','2027-10-07T07:00:00','2027-10-08T07:00:00','2028-04-07T07:00:00','2028-04-10T07:00:00','P0Y0M131D','P0Y0M131D',.F.,$,$,$,$,$,0.0);
#292=IFCTASK('a3yT8hqXbXrFDTN$tTrFJZ',#6,'Dismantle tower crane',$,$,'4.5',$,$,$,.F.,$,#291,.LOGISTIC.);
#293=IFCTASKTIME('4. Facade & roof Time',.PREDICTED.,$,.WORKTIME.,'P0Y0M5D','2027-03-01T07:00:00','2027-03-05T07:00:00','2027-06-10T07:00:00','2027-11-29T07:00:00','2027-06-10T07:00:00','2028-03-07T07:00:00','P0Y0M0D','P0Y0M0D',.T.,$,$,$,$,$,0.0);
#294=IFCTASK('xLQjT5c7a$$5ltu$Qdu1Up',#6,'4. Facade & roof',$,$,'5',$,$,$,.F.,$,#293,.CONSTRUCTION.);
#295=IFCTASKTIME('Facade & roof — Tower A Time',.PREDICTED.,$,.WORKTIME.,'P0Y0M5D','2027-03-01T07:00:00','2027-03-05T07:00:00','2027-10-07T07:00:00','2027-11-23T07:00:00','2027-10-07T07:00:00','2027-11-23T07:00:00','P0Y0M0D','P0Y0M0D',.T.,$,$,$,$,$,0.0);
#296=IFCTASK('bbeHdxUNC3kd0zZHydGfkh',#6,'Facade & roof — Tower A',$,$,'5.1',$,$,$,.F.,$,#295,.CONSTRUCTION.);
#297=IFCTASKTIME('Erect scaffolding — Tower A Time',.PREDICTED.,$,.WORKTIME.,'P0Y0M3D','2027-03-01T07:00:00','2027-03-03T07:00:00','2027-10-07T07:00:00','2027-10-11T07:00:00','2027-10-07T07:00:00','2027-10-11T07:00:00','P0Y0M0D','P0Y0M0D',.T.,$,$,$,$,$,0.0);
#298=IFCTASK('JtSh9T9fILhl7D5l8LOVmF',#6,'Erect scaffolding — Tower A',$,$,'5.1.1',$,$,$,.F.,$,#297,.LOGISTIC.);
#299=IFCTASKTIME('Apply facade insulation — Tower A Time',.PREDICTED.,$,.WORKTIME.,'P0Y0M8D','2027-03-01T07:00:00','2027-03-10T07:00:00','2027-10-12T07:00:00','2027-10-21T07:00:00','2027-10-12T07:00:00','2027-10-21T07:00:00','P0Y0M0D','P0Y0M0D',.T.,$,$,$,$,$,0.0);
#300=IFCTASK('J5lJBd2FKJaJEXjH1XfZ3L',#6,'Apply facade insulation — Tower A',$,$,'5.1.2',$,$,$,.F.,$,#299,.INSTALLATION.);
#301=IFCTASKTIME('Install facade cladding — Tower A Time',.PREDICTED.,$,.WORKTIME.,'P0Y0M10D','2027-03-01T07:00:00','2027-03-12T07:00:00','2027-10-22T07:00:00','2027-11-04T07:00:00','2027-10-22T07:00:00','2027-11-04T07:00:00','P0Y0M0D','P0Y0M0D',.T.,$,$,$,$,$,0.0);
#302=IFCTASK('Nz9xcj_FW5PrqLAHSx5l9J',#6,'Install facade cladding — Tower A',$,$,'5.1.3',$,$,$,.F.,$,#301,.INSTALLATION.);
#303=IFCTASKTIME('Install window frames — Tower A Time',.PREDICTED.,$,.WORKTIME.,'P0Y0M6D','2027-03-01T07:00:00','2027-03-08T07:00:00','2027-11-05T07:00:00','2027-11-12T07:00:00','2027-11-05T07:00:00','2027-11-12T07:00:00','P0Y0M0D','P0Y0M0D',.T.,$,$,$,$,$,0.0);
#304=IFCTASK('tfoR8rmfK9QDWJd$ft_lb5',#6,'Install window frames — Tower A',$,$,'5.1.4',$,$,$,.F.,$,#303,.INSTALLATION.);
#305=IFCTASKTIME('Apply roof insulation — Tower A Time',.PREDICTED.,$,.WORKTIME.,'P0Y0M5D','2027-03-01T07:00:00','2027-03-05T07:00:00','2027-10-07T07:00:00','2027-10-13T07:00:00','2027-11-03T07:00:00','2027-11-09T07:00:00','P0Y0M0D','P0Y0M19D',.F.,$,$,$,$,$,0.0);
#306=IFCTASK('V17rNH8dNnlJw$BHfj9ri1',#6,'Apply roof insulation — Tower A',$,$,'5.1.5',$,$,$,.F.,$,#305,.INSTALLATION.);
#307=IFCTASKTIME('Apply roofing — Tower A Time',.PREDICTED.,$,.WORKTIME.,'P0Y0M5D','2027-03-01T07:00:00','2027-03-05T07:00:00','2027-10-14T07:00:00','2027-10-20T07:00:00','2027-11-10T07:00:00','2027-11-16T07:00:00','P0Y0M0D','P0Y0M19D',.F.,$,$,$,$,$,0.0);
#308=IFCTASK('H5FDdb_F0Bvpu9e1K19ryP',#6,'Apply roofing — Tower A',$,$,'5.1.6',$,$,$,.F.,$,#307,.CONSTRUCTION.);
#309=IFCTASKTIME('Install balcony balustrades — Tower A Time',.PREDICTED.,$,.WORKTIME.,'P0Y0M5D','2027-03-01T07:00:00','2027-03-05T07:00:00','2027-11-15T07:00:00','2027-11-19T07:00:00','2027-11-15T07:00:00','2027-11-19T07:00:00','P0Y0M0D','P0Y0M0D',.T.,$,$,$,$,$,0.0);
#310=IFCTASK('VXbHNjbVBTCxz7sHW9I$o5',#6,'Install balcony balustrades — Tower A',$,$,'5.1.7',$,$,$,.F.,$,#309,.CONSTRUCTION.);
#311=IFCTASKTIME('Connect rainwater drainage — Tower A Time',.PREDICTED.,$,.WORKTIME.,'P0Y0M3D','2027-03-01T07:00:00','2027-03-03T07:00:00','2027-10-21T07:00:00','2027-10-25T07:00:00','2027-11-17T07:00:00','2027-11-19T07:00:00','P0Y0M19D','P0Y0M19D',.F.,$,$,$,$,$,0.0);
#312=IFCTASK('wBY1YRkHnnK3LfCnCz81cn',#6,'Connect rainwater drainage — Tower A',$,$,'5.1.8',$,$,$,.F.,$,#311,.INSTALLATION.);
#313=IFCTASKTIME('Strike scaffolding — Tower A Time',.PREDICTED.,$,.WORKTIME.,'P0Y0M2D','2027-03-01T07:00:00','2027-03-02T07:00:00','2027-11-22T07:00:00','2027-11-23T07:00:00','2027-11-22T07:00:00','2027-11-23T07:00:00','P0Y0M0D','P0Y0M0D',.T.,$,$,$,$,$,0.0);
#314=IFCTASK('tJhlZN9NgbBF7XXXcvijcF',#6,'Strike scaffolding — Tower A',$,$,'5.1.9',$,$,$,.F.,$,#313,.LOGISTIC.);
#315=IFCTASKTIME('Facade & roof — Tower B Time',.PREDICTED.,$,.WORKTIME.,'P0Y0M5D','2027-03-01T07:00:00','2027-03-05T07:00:00','2027-10-07T07:00:00','2027-11-23T07:00:00','2027-10-07T07:00:00','2027-11-23T07:00:00','P0Y0M0D','P0Y0M0D',.T.,$,$,$,$,$,0.0);
#316=IFCTASK('iRxF1zy1OPPBu9mXEl1j6X',#6,'Facade & roof — Tower B',$,$,'5.2',$,$,$,.F.,$,#315,.CONSTRUCTION.);
#317=IFCTASKTIME('Erect scaffolding — Tower B Time',.PREDICTED.,$,.WORKTIME.,'P0Y0M3D','2027-03-01T07:00:00','2027-03-03T07:00:00','2027-10-07T07:00:00','2027-10-11T07:00:00','2027-10-07T07:00:00','2027-10-11T07:00:00','P0Y0M0D','P0Y0M0D',.T.,$,$,$,$,$,0.0);
#318=IFCTASK('0l$rJ3jXrNQVAPUX9ZrnJ3',#6,'Erect scaffolding — Tower B',$,$,'5.2.1',$,$,$,.F.,$,#317,.LOGISTIC.);
#319=IFCTASKTIME('Apply facade insulation — Tower B Time',.PREDICTED.,$,.WORKTIME.,'P0Y0M8D','2027-03-01T07:00:00','2027-03-10T07:00:00','2027-10-12T07:00:00','2027-10-21T07:00:00','2027-10-12T07:00:00','2027-10-21T07:00:00','P0Y0M0D','P0Y0M0D',.T.,$,$,$,$,$,0.0);
#320=IFCTASK('6FVLBTedp5drm54Fn96dxF',#6,'Apply facade insulation — Tower B',$,$,'5.2.2',$,$,$,.F.,$,#319,.INSTALLATION.);
#321=IFCTASKTIME('Install facade cladding — Tower B Time',.PREDICTED.,$,.WORKTIME.,'P0Y0M10D','2027-03-01T07:00:00','2027-03-12T07:00:00','2027-10-22T07:00:00','2027-11-04T07:00:00','2027-10-22T07:00:00','2027-11-04T07:00:00','P0Y0M0D','P0Y0M0D',.T.,$,$,$,$,$,0.0);
#322=IFCTASK('iRxnnrP95nX3v$ZngnVbDn',#6,'Install facade cladding — Tower B',$,$,'5.2.3',$,$,$,.F.,$,#321,.INSTALLATION.);
#323=IFCTASKTIME('Install window frames — Tower B Time',.PREDICTED.,$,.WORKTIME.,'P0Y0M6D','2027-03-01T07:00:00','2027-03-08T07:00:00','2027-11-05T07:00:00','2027-11-12T07:00:00','2027-11-05T07:00:00','2027-11-12T07:00:00','P0Y0M0D','P0Y0M0D',.T.,$,$,$,$,$,0.0);
#324=IFCTASK('d1$Z41sPVdX3r72nVJoV09',#6,'Install window frames — Tower B',$,$,'5.2.4',$,$,$,.F.,$,#323,.INSTALLATION.);
#325=IFCTASKTIME('Apply roof insulation — Tower B Time',.PREDICTED.,$,.WORKTIME.,'P0Y0M5D','2027-03-01T07:00:00','2027-03-05T07:00:00','2027-10-07T07:00:00','2027-10-13T07:00:00','2027-11-03T07:00:00','2027-11-09T07:00:00','P0Y0M0D','P0Y0M19D',.F.,$,$,$,$,$,0.0);
#326=IFCTASK('9jDvTb2nuXE7c3rnDBxVWP',#6,'Apply roof insulation — Tower B',$,$,'5.2.5',$,$,$,.F.,$,#325,.INSTALLATION.);
#327=IFCTASKTIME('Apply roofing — Tower B Time',.PREDICTED.,$,.WORKTIME.,'P0Y0M5D','2027-03-01T07:00:00','2027-03-05T07:00:00','2027-10-14T07:00:00','2027-10-20T07:00:00','2027-11-10T07:00:00','2027-11-16T07:00:00','P0Y0M0D','P0Y0M19D',.F.,$,$,$,$,$,0.0);
#328=IFCTASK('SZe1kjJFqTEB03DHp7WP$J',#6,'Apply roofing — Tower B',$,$,'5.2.6',$,$,$,.F.,$,#327,.CONSTRUCTION.);
#329=IFCTASKTIME('Install balcony balustrades — Tower B Time',.PREDICTED.,$,.WORKTIME.,'P0Y0M5D','2027-03-01T07:00:00','2027-03-05T07:00:00','2027-11-15T07:00:00','2027-11-19T07:00:00','2027-11-15T07:00:00','2027-11-19T07:00:00','P0Y0M0D','P0Y0M0D',.T.,$,$,$,$,$,0.0);
#330=IFCTASK('0HvTyXA$yb3vcnv$AbwdLt',#6,'Install balcony balustrades — Tower B',$,$,'5.2.7',$,$,$,.F.,$,#329,.CONSTRUCTION.);
#331=IFCTASKTIME('Connect rainwater drainage — Tower B Time',.PREDICTED.,$,.WORKTIME.,'P0Y0M3D','2027-03-01T07:00:00','2027-03-03T07:00:00','2027-10-21T07:00:00','2027-10-25T07:00:00','2027-11-17T07:00:00','2027-11-19T07:00:00','P0Y0M19D','P0Y0M19D',.F.,$,$,$,$,$,0.0);
#332=IFCTASK('NPG7J3T1wH0FVR4FZZ4T5H',#6,'Connect rainwater drainage — Tower B',$,$,'5.2.8',$,$,$,.F.,$,#331,.INSTALLATION.);
#333=IFCTASKTIME('Strike scaffolding — Tower B Time',.PREDICTED.,$,.WORKTIME.,'P0Y0M2D','2027-03-01T07:00:00','2027-03-02T07:00:00','2027-11-22T07:00:00','2027-11-23T07:00:00','2027-11-22T07:00:00','2027-11-23T07:00:00','P0Y0M0D','P0Y0M0D',.T.,$,$,$,$,$,0.0);
#334=IFCTASK('GfmPH1lvqTorSPkVwjXpSx',#6,'Strike scaffolding — Tower B',$,$,'5.2.9',$,$,$,.F.,$,#333,.LOGISTIC.);
#335=IFCTASKTIME('Facade & roof — Tower C Time',.PREDICTED.,$,.WORKTIME.,'P0Y0M5D','2027-03-01T07:00:00','2027-03-05T07:00:00','2027-10-07T07:00:00','2027-11-23T07:00:00','2027-10-12T07:00:00','2027-11-26T07:00:00','P0Y0M0D','P0Y0M3D',.F.,$,$,$,$,$,0.0);
#336=IFCTASK('mvklDFS1st$5ZNmXcZzfgJ',#6,'Facade & roof — Tower C',$,$,'5.3',$,$,$,.F.,$,#335,.CONSTRUCTION.);
#337=IFCTASKTIME('Erect scaffolding — Tower C Time',.PREDICTED.,$,.WORKTIME.,'P0Y0M3D','2027-03-01T07:00:00','2027-03-03T07:00:00','2027-10-07T07:00:00','2027-10-11T07:00:00','2027-10-12T07:00:00','2027-10-14T07:00:00','P0Y0M0D','P0Y0M3D',.F.,$,$,$,$,$,0.0);
#338=IFCTASK('h7yZajkHfx1ZP3rFRVbFd7',#6,'Erect scaffolding — Tower C',$,$,'5.3.1',$,$,$,.F.,$,#337,.LOGISTIC.);
#339=IFCTASKTIME('Apply facade insulation — Tower C Time',.PREDICTED.,$,.WORKTIME.,'P0Y0M8D','2027-03-01T07:00:00','2027-03-10T07:00:00','2027-10-12T07:00:00','2027-10-21T07:00:00','2027-10-15T07:00:00','2027-10-26T07:00:00','P0Y0M0D','P0Y0M3D',.F.,$,$,$,$,$,0.0);
#340=IFCTASK('OT3tE3DXHpWHtrkXEHH3FX',#6,'Apply facade insulation — Tower C',$,$,'5.3.2',$,$,$,.F.,$,#339,.INSTALLATION.);
#341=IFCTASKTIME('Install facade cladding — Tower C Time',.PREDICTED.,$,.WORKTIME.,'P0Y0M10D','2027-03-01T07:00:00','2027-03-12T07:00:00','2027-10-22T07:00:00','2027-11-04T07:00:00','2027-10-27T07:00:00','2027-11-09T07:00:00','P0Y0M0D','P0Y0M3D',.F.,$,$,$,$,$,0.0);
#342=IFCTASK('AjJdZtpX$hlrytynFtI$wx',#6,'Install facade cladding — Tower C',$,$,'5.3.3',$,$,$,.F.,$,#341,.INSTALLATION.);
#343=IFCTASKTIME('Install window frames — Tower C Time',.PREDICTED.,$,.WORKTIME.,'P0Y0M6D','2027-03-01T07:00:00','2027-03-08T07:00:00','2027-11-05T07:00:00','2027-11-12T07:00:00','2027-11-10T07:00:00','2027-11-17T07:00:00','P0Y0M0D','P0Y0M3D',.F.,$,$,$,$,$,0.0);
#344=IFCTASK('7FfJpJbXZVE7gNmXMB4Ls3',#6,'Install window frames — Tower C',$,$,'5.3.4',$,$,$,.F.,$,#343,.INSTALLATION.);
#345=IFCTASKTIME('Apply roof insulation — Tower C Time',.PREDICTED.,$,.WORKTIME.,'P0Y0M5D','2027-03-01T07:00:00','2027-03-05T07:00:00','2027-10-07T07:00:00','2027-10-13T07:00:00','2027-11-08T07:00:00','2027-11-12T07:00:00','P0Y0M0D','P0Y0M22D',.F.,$,$,$,$,$,0.0);
#346=IFCTASK('INe1g1Fv_zmXErQ$MlzN6X',#6,'Apply roof insulation — Tower C',$,$,'5.3.5',$,$,$,.F.,$,#345,.INSTALLATION.);
#347=IFCTASKTIME('Apply roofing — Tower C Time',.PREDICTED.,$,.WORKTIME.,'P0Y0M5D','2027-03-01T07:00:00','2027-03-05T07:00:00','2027-10-14T07:00:00','2027-10-20T07:00:00','2027-11-15T07:00:00','2027-11-19T07:00:00','P0Y0M0D','P0Y0M22D',.F.,$,$,$,$,$,0.0);
#348=IFCTASK('Md8VqdL1U7GXoVxFEFLXW7',#6,'Apply roofing — Tower C',$,$,'5.3.6',$,$,$,.F.,$,#347,.CONSTRUCTION.);
#349=IFCTASKTIME('Install balcony balustrades — Tower C Time',.PREDICTED.,$,.WORKTIME.,'P0Y0M5D','2027-03-01T07:00:00','2027-03-05T07:00:00','2027-11-15T07:00:00','2027-11-19T07:00:00','2027-11-18T07:00:00','2027-11-24T07:00:00','P0Y0M0D','P0Y0M3D',.F.,$,$,$,$,$,0.0);
#350=IFCTASK('6lZfWVJFKDu7AP2X5BKJI7',#6,'Install balcony balustrades — Tower C',$,$,'5.3.7',$,$,$,.F.,$,#349,.CONSTRUCTION.);
#351=IFCTASKTIME('Connect rainwater drainage — Tower C Time',.PREDICTED.,$,.WORKTIME.,'P0Y0M3D','2027-03-01T07:00:00','2027-03-03T07:00:00','2027-10-21T07:00:00','2027-10-25T07:00:00','2027-11-22T07:00:00','2027-11-24T07:00:00','P0Y0M19D','P0Y0M22D',.F.,$,$,$,$,$,0.0);
#352=IFCTASK('odERKh31i9_bjphHRboXqH',#6,'Connect rainwater drainage — Tower C',$,$,'5.3.8',$,$,$,.F.,$,#351,.INSTALLATION.);
#353=IFCTASKTIME('Strike scaffolding — Tower C Time',.PREDICTED.,$,.WORKTIME.,'P0Y0M2D','2027-03-01T07:00:00','2027-03-02T07:00:00','2027-11-22T07:00:00','2027-11-23T07:00:00','2027-11-25T07:00:00','2027-11-26T07:00:00','P0Y0M0D','P0Y0M3D',.F.,$,$,$,$,$,0.0);
#354=IFCTASK('spfjrdwVPPSBOPEXuL8$Az',#6,'Strike scaffolding — Tower C',$,$,'5.3.9',$,$,$,.F.,$,#353,.LOGISTIC.);
#355=IFCTASKTIME('Facade cladding, main entrance Time',.PREDICTED.,$,.WORKTIME.,'P0Y0M4D','2027-03-01T07:00:00','2027-03-04T07:00:00','2027-11-24T07:00:00','2027-11-29T07:00:00','2028-03-02T07:00:00','2028-03-07T07:00:00','P0Y0M0D','P0Y0M71D',.F.,$,$,$,$,$,0.0);
#356=IFCTASK('Bj5X0F310BVRxnxlCTKJYn',#6,'Facade cladding, main entrance',$,$,'5.4',$,$,$,.F.,$,#355,.CONSTRUCTION.);
#357=IFCTASKTIME('Install parking deck canopy Time',.PREDICTED.,$,.WORKTIME.,'P0Y0M5D','2027-03-01T07:00:00','2027-03-05T07:00:00','2027-06-10T07:00:00','2027-06-16T07:00:00','2027-06-10T07:00:00','2027-06-16T07:00:00','P0Y0M0D','P0Y0M0D',.T.,$,$,$,$,$,0.0);
#358=IFCTASK('Pb8X8LSlB3WHn7EFML07rT',#6,'Install parking deck canopy',$,$,'5.5',$,$,$,.F.,$,#357,.CONSTRUCTION.);
#359=IFCTASKTIME('5. Building services (MEP) Time',.PREDICTED.,$,.WORKTIME.,'P0Y0M5D','2027-03-01T07:00:00','2027-03-05T07:00:00','2027-11-24T07:00:00','2028-01-13T07:00:00','2027-11-24T07:00:00','2028-04-10T07:00:00','P0Y0M0D','P0Y0M0D',.T.,$,$,$,$,$,0.0);
#360=IFCTASK('b$lJDJh$gP$Z37MH6twd7f',#6,'5. Building services (MEP)',$,$,'6',$,$,$,.F.,$,#359,.INSTALLATION.);
#361=IFCTASKTIME('Install heating plant room Time',.PREDICTED.,$,.WORKTIME.,'P0Y0M6D','2027-03-01T07:00:00','2027-03-08T07:00:00','2027-11-30T07:00:00','2027-12-07T07:00:00','2028-03-17T07:00:00','2028-03-24T07:00:00','P0Y0M0D','P0Y0M78D',.F.,$,$,$,$,$,0.0);
#362=IFCTASK('kxvr7dB1eHWlZtqFeR2lrz',#6,'Install heating plant room',$,$,'6.1',$,$,$,.F.,$,#361,.INSTALLATION.);
#363=IFCTASKTIME('Connect main electrical distribution board Time',.PREDICTED.,$,.WORKTIME.,'P0Y0M4D','2027-03-01T07:00:00','2027-03-04T07:00:00','2027-12-08T07:00:00','2027-12-13T07:00:00','2028-03-27T07:00:00','2028-03-30T07:00:00','P0Y0M0D','P0Y0M78D',.F.,$,$,$,$,$,0.0);
#364=IFCTASK('3lFxQJs$u$wJMrQ$gFNZ3L',#6,'Connect main electrical distribution board',$,$,'6.2',$,$,$,.F.,$,#363,.INSTALLATION.);
#365=IFCTASKTIME('Install & test emergency generator Time',.PREDICTED.,$,.WORKTIME.,'P0Y0M3D','2027-03-01T07:00:00','2027-03-03T07:00:00','2027-12-14T07:00:00','2027-12-16T07:00:00','2028-03-31T07:00:00','2028-04-04T07:00:00','P0Y0M0D','P0Y0M78D',.F.,$,$,$,$,$,0.0);
#366=IFCTASK('XTO1AnjXjL$xlNqFqn1xJ3',#6,'Install & test emergency generator',$,$,'6.3',$,$,$,.F.,$,#365,.INSTALLATION.);
#367=IFCTASKTIME('Fit out data centre server room Time',.PREDICTED.,$,.WORKTIME.,'P0Y0M4D','2027-03-01T07:00:00','2027-03-04T07:00:00','2027-12-17T07:00:00','2027-12-22T07:00:00','2028-04-05T07:00:00','2028-04-10T07:00:00','P0Y0M78D','P0Y0M78D',.F.,$,$,$,$,$,0.0);
#368=IFCTASK('xFfjVjg$cDu7cT71MHJv5L',#6,'Fit out data centre server room',$,$,'6.4',$,$,$,.F.,$,#367,.INSTALLATION.);
#369=IFCTASKTIME('Building services — Tower A Time',.PREDICTED.,$,.WORKTIME.,'P0Y0M5D','2027-03-01T07:00:00','2027-03-05T07:00:00','2027-11-24T07:00:00','2028-01-13T07:00:00','2027-11-24T07:00:00','2028-01-13T07:00:00','P0Y0M0D','P0Y0M0D',.T.,$,$,$,$,$,0.0);
#370=IFCTASK('M3NbK9pVr3O9Dzplv1nTRV',#6,'Building services — Tower A',$,$,'6.5',$,$,$,.F.,$,#369,.CONSTRUCTION.);
#371=IFCTASKTIME('Mechanical services — Tower A Time',.PREDICTED.,$,.WORKTIME.,'P0Y0M8D','2027-03-01T07:00:00','2027-03-10T07:00:00','2027-11-24T07:00:00','2027-12-03T07:00:00','2027-11-24T07:00:00','2027-12-03T07:00:00','P0Y0M0D','P0Y0M0D',.T.,$,$,$,$,$,0.0);
#372=IFCTASK('$FDvP9bnI$7DWppn7X39yB',#6,'Mechanical services — Tower A',$,$,'6.5.1',$,$,$,.F.,$,#371,.INSTALLATION.);
#373=IFCTASKTIME('Install electrical services — Tower A Time',.PREDICTED.,$,.WORKTIME.,'P0Y0M7D','2027-03-01T07:00:00','2027-03-09T07:00:00','2027-11-26T07:00:00','2027-12-06T07:00:00','2027-11-26T07:00:00','2027-12-06T07:00:00','P0Y0M0D','P0Y0M0D',.T.,$,$,$,$,$,0.0);
#374=IFCTASK('$F5VSl0tFzId0TVV8Tj7BT',#6,'Install electrical services — Tower A',$,$,'6.5.2',$,$,$,.F.,$,#373,.INSTALLATION.);
#375=IFCTASKTIME('Connect ventilation ductwork — Tower A Time',.PREDICTED.,$,.WORKTIME.,'P0Y0M5D','2027-03-01T07:00:00','2027-03-05T07:00:00','2027-12-07T07:00:00','2027-12-13T07:00:00','2027-12-07T07:00:00','2027-12-13T07:00:00','P0Y0M0D','P0Y0M0D',.T.,$,$,$,$,$,0.0);
#376=IFCTASK('oLTNmNWtVd$Z7JXVgHJvrZ',#6,'Connect ventilation ductwork — Tower A',$,$,'6.5.3',$,$,$,.F.,$,#375,.INSTALLATION.);
#377=IFCTASKTIME('Install sprinkler system — Tower A Time',.PREDICTED.,$,.WORKTIME.,'P0Y0M5D','2027-03-01T07:00:00','2027-03-05T07:00:00','2027-12-14T07:00:00','2027-12-20T07:00:00','2027-12-14T07:00:00','2027-12-20T07:00:00','P0Y0M0D','P0Y0M0D',.T.,$,$,$,$,$,0.0);
#378=IFCTASK('sfQJVDUf4x7LY3HX5hu$Qr',#6,'Install sprinkler system — Tower A',$,$,'6.5.4',$,$,$,.F.,$,#377,.INSTALLATION.);
#379=IFCTASKTIME('Install data/ICT cabling — Tower A Time',.PREDICTED.,$,.WORKTIME.,'P0Y0M4D','2027-03-01T07:00:00','2027-03-04T07:00:00','2027-12-21T07:00:00','2027-12-24T07:00:00','2027-12-21T07:00:00','2027-12-24T07:00:00','P0Y0M0D','P0Y0M0D',.T.,$,$,$,$,$,0.0);
#380=IFCTASK('ujLH1dYn2NAHvjnXdLuFHr',#6,'Install data/ICT cabling — Tower A',$,$,'6.5.5',$,$,$,.F.,$,#379,.INSTALLATION.);
#381=IFCTASKTIME('Install fire alarm system — Tower A Time',.PREDICTED.,$,.WORKTIME.,'P0Y0M4D','2027-03-01T07:00:00','2027-03-04T07:00:00','2027-12-27T07:00:00','2027-12-30T07:00:00','2027-12-27T07:00:00','2027-12-30T07:00:00','P0Y0M0D','P0Y0M0D',.T.,$,$,$,$,$,0.0);
#382=IFCTASK('G9a3wvMdJ915vDLHZXdJsz',#6,'Install fire alarm system — Tower A',$,$,'6.5.6',$,$,$,.F.,$,#381,.INSTALLATION.);
#383=IFCTASKTIME('Lift supply & installation — Tower A Time',.PREDICTED.,$,.WORKTIME.,'P0Y0M10D','2027-03-01T07:00:00','2027-03-12T07:00:00','2027-12-31T07:00:00','2028-01-13T07:00:00','2027-12-31T07:00:00','2028-01-13T07:00:00','P0Y0M0D','P0Y0M0D',.T.,$,$,$,$,$,0.0);
#384=IFCTASK('gzfRuLin_TSJMtSltdG9KD',#6,'Lift supply & installation — Tower A',$,$,'6.5.7',$,$,$,.F.,$,#383,.INSTALLATION.);
#385=IFCTASKTIME('Services commissioning inspection — Tower A Time',.PREDICTED.,$,.WORKTIME.,'P0Y0M0D','2027-03-01T07:00:00','2027-03-01T07:00:00','2028-01-13T07:00:00','2028-01-13T07:00:00','2028-01-13T07:00:00','2028-01-13T07:00:00','P0Y0M0D','P0Y0M0D',.T.,$,$,$,$,$,0.0);
#386=IFCTASK('3Fb$Qf0t1ht3r7EFMlxXSf',#6,'Services commissioning inspection — Tower A',$,$,'6.5.8',$,$,$,.T.,$,#385,.CONSTRUCTION.);
#387=IFCTASKTIME('Building services — Tower B Time',.PREDICTED.,$,.WORKTIME.,'P0Y0M5D','2027-03-01T07:00:00','2027-03-05T07:00:00','2027-11-24T07:00:00','2028-01-13T07:00:00','2027-11-24T07:00:00','2028-01-13T07:00:00','P0Y0M0D','P0Y0M0D',.T.,$,$,$,$,$,0.0);
#388=IFCTASK('1H9DvhKXXbZPunxleRAta9',#6,'Building services — Tower B',$,$,'6.6',$,$,$,.F.,$,#387,.CONSTRUCTION.);
#389=IFCTASKTIME('Mechanical services — Tower B Time',.PREDICTED.,$,.WORKTIME.,'P0Y0M8D','2027-03-01T07:00:00','2027-03-10T07:00:00','2027-11-24T07:00:00','2027-12-03T07:00:00','2027-11-24T07:00:00','2027-12-03T07:00:00','P0Y0M0D','P0Y0M0D',.T.,$,$,$,$,$,0.0);
#390=IFCTASK('0lNjXjolt$vD0zjHvRgf_$',#6,'Mechanical services — Tower B',$,$,'6.6.1',$,$,$,.F.,$,#389,.INSTALLATION.);
#391=IFCTASKTIME('Install electrical services — Tower B Time',.PREDICTED.,$,.WORKTIME.,'P0Y0M7D','2027-03-01T07:00:00','2027-03-09T07:00:00','2027-11-26T07:00:00','2027-12-06T07:00:00','2027-11-26T07:00:00','2027-12-06T07:00:00','P0Y0M0D','P0Y0M0D',.T.,$,$,$,$,$,0.0);
#392=IFCTASK('exSLTthHJt$5$XxnUL$57f',#6,'Install electrical services — Tower B',$,$,'6.6.2',$,$,$,.F.,$,#391,.INSTALLATION.);
#393=IFCTASKTIME('Connect ventilation ductwork — Tower B Time',.PREDICTED.,$,.WORKTIME.,'P0Y0M5D','2027-03-01T07:00:00','2027-03-05T07:00:00','2027-12-07T07:00:00','2027-12-13T07:00:00','2027-12-07T07:00:00','2027-12-13T07:00:00','P0Y0M0D','P0Y0M0D',.T.,$,$,$,$,$,0.0);
#394=IFCTASK('Oz1ZezJV$9FLUTRlYBhlzP',#6,'Connect ventilation ductwork — Tower B',$,$,'6.6.3',$,$,$,.F.,$,#393,.INSTALLATION.);
#395=IFCTASKTIME('Install sprinkler system — Tower B Time',.PREDICTED.,$,.WORKTIME.,'P0Y0M5D','2027-03-01T07:00:00','2027-03-05T07:00:00','2027-12-14T07:00:00','2027-12-20T07:00:00','2027-12-14T07:00:00','2027-12-20T07:00:00','P0Y0M0D','P0Y0M0D',.T.,$,$,$,$,$,0.0);
#396=IFCTASK('rp$rXpEt7fQVQFlXRxs3PB',#6,'Install sprinkler system — Tower B',$,$,'6.6.4',$,$,$,.F.,$,#395,.INSTALLATION.);
#397=IFCTASKTIME('Install data/ICT cabling — Tower B Time',.PREDICTED.,$,.WORKTIME.,'P0Y0M4D','2027-03-01T07:00:00','2027-03-04T07:00:00','2027-12-21T07:00:00','2027-12-24T07:00:00','2027-12-21T07:00:00','2027-12-24T07:00:00','P0Y0M0D','P0Y0M0D',.T.,$,$,$,$,$,0.0);
#398=IFCTASK('phBFVpYfiD8fJ1bHoHvbRx',#6,'Install data/ICT cabling — Tower B',$,$,'6.6.5',$,$,$,.F.,$,#397,.INSTALLATION.);
#399=IFCTASKTIME('Install fire alarm system — Tower B Time',.PREDICTED.,$,.WORKTIME.,'P0Y0M4D','2027-03-01T07:00:00','2027-03-04T07:00:00','2027-12-27T07:00:00','2027-12-30T07:00:00','2027-12-27T07:00:00','2027-12-30T07:00:00','P0Y0M0D','P0Y0M0D',.T.,$,$,$,$,$,0.0);
#400=IFCTASK('JN8Xe3RnEntbLfyHL7KxXZ',#6,'Install fire alarm system — Tower B',$,$,'6.6.6',$,$,$,.F.,$,#399,.INSTALLATION.);
#401=IFCTASKTIME('Lift supply & installation — Tower B Time',.PREDICTED.,$,.WORKTIME.,'P0Y0M10D','2027-03-01T07:00:00','2027-03-12T07:00:00','2027-12-31T07:00:00','2028-01-13T07:00:00','2027-12-31T07:00:00','2028-01-13T07:00:00','P0Y0M0D','P0Y0M0D',.T.,$,$,$,$,$,0.0);
#402=IFCTASK('ANoR0HnPZX6$0Zv$YBxXip',#6,'Lift supply & installation — Tower B',$,$,'6.6.7',$,$,$,.F.,$,#401,.INSTALLATION.);
#403=IFCTASKTIME('Services commissioning inspection — Tower B Time',.PREDICTED.,$,.WORKTIME.,'P0Y0M0D','2027-03-01T07:00:00','2027-03-01T07:00:00','2028-01-13T07:00:00','2028-01-13T07:00:00','2028-01-13T07:00:00','2028-01-13T07:00:00','P0Y0M0D','P0Y0M0D',.T.,$,$,$,$,$,0.0);
#404=IFCTASK('P5S3kjpnYvuvEBw$iJk$2$',#6,'Services commissioning inspection — Tower B',$,$,'6.6.8',$,$,$,.T.,$,#403,.CONSTRUCTION.);
#405=IFCTASKTIME('Building services — Tower C Time',.PREDICTED.,$,.WORKTIME.,'P0Y0M5D','2027-03-01T07:00:00','2027-03-05T07:00:00','2027-11-24T07:00:00','2028-01-13T07:00:00','2027-11-29T07:00:00','2028-01-18T07:00:00','P0Y0M0D','P0Y0M3D',.F.,$,$,$,$,$,0.0);
#406=IFCTASK('k5HJfnCXFlG1adoX0Pyhcn',#6,'Building services — Tower C',$,$,'6.7',$,$,$,.F.,$,#405,.CONSTRUCTION.);
#407=IFCTASKTIME('Mechanical services — Tower C Time',.PREDICTED.,$,.WORKTIME.,'P0Y0M8D','2027-03-01T07:00:00','2027-03-10T07:00:00','2027-11-24T07:00:00','2027-12-03T07:00:00','2027-11-29T07:00:00','2027-12-08T07:00:00','P0Y0M0D','P0Y0M3D',.F.,$,$,$,$,$,0.0);
#408=IFCTASK('yFnxwZ09$BT9r7oFI1LH75',#6,'Mechanical services — Tower C',$,$,'6.7.1',$,$,$,.F.,$,#407,.INSTALLATION.);
#409=IFCTASKTIME('Install electrical services — Tower C Time',.PREDICTED.,$,.WORKTIME.,'P0Y0M7D','2027-03-01T07:00:00','2027-03-09T07:00:00','2027-11-26T07:00:00','2027-12-06T07:00:00','2027-12-01T07:00:00','2027-12-09T07:00:00','P0Y0M0D','P0Y0M3D',.F.,$,$,$,$,$,0.0);
#410=IFCTASK('dRmd37tfS$Fh6DpFrD3tSt',#6,'Install electrical services — Tower C',$,$,'6.7.2',$,$,$,.F.,$,#409,.INSTALLATION.);
#411=IFCTASKTIME('Connect ventilation ductwork — Tower C Time',.PREDICTED.,$,.WORKTIME.,'P0Y0M5D','2027-03-01T07:00:00','2027-03-05T07:00:00','2027-12-07T07:00:00','2027-12-13T07:00:00','2027-12-10T07:00:00','2027-12-16T07:00:00','P0Y0M0D','P0Y0M3D',.F.,$,$,$,$,$,0.0);
#412=IFCTASK('JRpdNjRXjNR1K$LlDdiJUn',#6,'Connect ventilation ductwork — Tower C',$,$,'6.7.3',$,$,$,.F.,$,#411,.INSTALLATION.);
#413=IFCTASKTIME('Install sprinkler system — Tower C Time',.PREDICTED.,$,.WORKTIME.,'P0Y0M5D','2027-03-01T07:00:00','2027-03-05T07:00:00','2027-12-14T07:00:00','2027-12-20T07:00:00','2027-12-17T07:00:00','2027-12-23T07:00:00','P0Y0M0D','P0Y0M3D',.F.,$,$,$,$,$,0.0);
#414=IFCTASK('gvCDlV3lRXjvcHbnWfcpyB',#6,'Install sprinkler system — Tower C',$,$,'6.7.4',$,$,$,.F.,$,#413,.INSTALLATION.);
#415=IFCTASKTIME('Install data/ICT cabling — Tower C Time',.PREDICTED.,$,.WORKTIME.,'P0Y0M4D','2027-03-01T07:00:00','2027-03-04T07:00:00','2027-12-21T07:00:00','2027-12-24T07:00:00','2027-12-24T07:00:00','2027-12-29T07:00:00','P0Y0M0D','P0Y0M3D',.F.,$,$,$,$,$,0.0);
#416=IFCTASK('n72VWVDFU7mVcn$XMHhHNZ',#6,'Install data/ICT cabling — Tower C',$,$,'6.7.5',$,$,$,.F.,$,#415,.INSTALLATION.);
#417=IFCTASKTIME('Install fire alarm system — Tower C Time',.PREDICTED.,$,.WORKTIME.,'P0Y0M4D','2027-03-01T07:00:00','2027-03-04T07:00:00','2027-12-27T07:00:00','2027-12-30T07:00:00','2027-12-30T07:00:00','2028-01-04T07:00:00','P0Y0M0D','P0Y0M3D',.F.,$,$,$,$,$,0.0);
#418=IFCTASK('ezHJJ3Z1AtHBePIXkXt3tJ',#6,'Install fire alarm system — Tower C',$,$,'6.7.6',$,$,$,.F.,$,#417,.INSTALLATION.);
#419=IFCTASKTIME('Lift supply & installation — Tower C Time',.PREDICTED.,$,.WORKTIME.,'P0Y0M10D','2027-03-01T07:00:00','2027-03-12T07:00:00','2027-12-31T07:00:00','2028-01-13T07:00:00','2028-01-05T07:00:00','2028-01-18T07:00:00','P0Y0M0D','P0Y0M3D',.F.,$,$,$,$,$,0.0);
#420=IFCTASK('sDd3gbDFcpWHbBQ1YhHBWv',#6,'Lift supply & installation — Tower C',$,$,'6.7.7',$,$,$,.F.,$,#419,.INSTALLATION.);
#421=IFCTASKTIME('Services commissioning inspection — Tower C Time',.PREDICTED.,$,.WORKTIME.,'P0Y0M0D','2027-03-01T07:00:00','2027-03-01T07:00:00','2028-01-13T07:00:00','2028-01-13T07:00:00','2028-01-18T07:00:00','2028-01-18T07:00:00','P0Y0M0D','P0Y0M3D',.F.,$,$,$,$,$,0.0);
#422=IFCTASK('2n3tg$lvOlGVwphlFx5HfT',#6,'Services commissioning inspection — Tower C',$,$,'6.7.8',$,$,$,.T.,$,#421,.CONSTRUCTION.);
#423=IFCTASKTIME('6. Fit-out Time',.PREDICTED.,$,.WORKTIME.,'P0Y0M5D','2027-03-01T07:00:00','2027-03-05T07:00:00','2027-11-30T07:00:00','2028-04-10T07:00:00','2028-01-14T07:00:00','2028-04-10T07:00:00','P0Y0M0D','P0Y0M0D',.T.,$,$,$,$,$,0.0);
#424=IFCTASK('4HLHV9iFQX_tRVTlKVpdBd',#6,'6. Fit-out',$,$,'7',$,$,$,.F.,$,#423,.CONSTRUCTION.);
#425=IFCTASKTIME('Fit-out — Tower A Time',.PREDICTED.,$,.WORKTIME.,'P0Y0M5D','2027-03-01T07:00:00','2027-03-05T07:00:00','2028-01-14T07:00:00','2028-04-10T07:00:00','2028-01-14T07:00:00','2028-04-10T07:00:00','P0Y0M0D','P0Y0M0D',.T.,$,$,$,$,$,0.0);
#426=IFCTASK('ST8Ft1MdJN5XE1VXm1Z9a9',#6,'Fit-out — Tower A',$,$,'7.1',$,$,$,.F.,$,#425,.CONSTRUCTION.);
#427=IFCTASKTIME('Plastering — Tower A Time',.PREDICTED.,$,.WORKTIME.,'P0Y0M15D','2027-03-01T07:00:00','2027-03-16T07:00:00','2028-01-14T07:00:00','2028-02-03T07:00:00','2028-01-14T07:00:00','2028-02-03T07:00:00','P0Y0M0D','P0Y0M0D',.T.,$,$,$,$,$,0.0);
#428=IFCTASK('JbJv$TW9l1_btN0X7b2ltp',#6,'Plastering — Tower A',$,$,'7.1.1',$,$,$,.F.,$,#427,.CONSTRUCTION.);
#429=IFCTASKTIME('Tiling — Tower A Time',.PREDICTED.,$,.WORKTIME.,'P0Y0M10D','2027-03-01T07:00:00','2027-03-12T07:00:00','2028-02-04T07:00:00','2028-02-17T07:00:00','2028-02-04T07:00:00','2028-02-17T07:00:00','P0Y0M0D','P0Y0M0D',.T.,$,$,$,$,$,0.0);
#430=IFCTASK('1ltD5BffeFSJQzhnNN6JMN',#6,'Tiling — Tower A',$,$,'7.1.2',$,$,$,.F.,$,#429,.CONSTRUCTION.);
#431=IFCTASKTIME('Install kitchens — Tower A Time',.PREDICTED.,$,.WORKTIME.,'P0Y0M8D','2027-03-01T07:00:00','2027-03-10T07:00:00','2028-02-18T07:00:00','2028-02-29T07:00:00','2028-02-18T07:00:00','2028-02-29T07:00:00','P0Y0M0D','P0Y0M0D',.T.,$,$,$,$,$,0.0);
#432=IFCTASK('gd09ctS1QjSB4tKFIVXbF$',#6,'Install kitchens — Tower A',$,$,'7.1.3',$,$,$,.F.,$,#431,.CONSTRUCTION.);
#433=IFCTASKTIME('Install sanitary fittings — Tower A Time',.PREDICTED.,$,.WORKTIME.,'P0Y0M7D','2027-03-01T07:00:00','2027-03-09T07:00:00','2028-03-01T07:00:00','2028-03-09T07:00:00','2028-03-01T07:00:00','2028-03-09T07:00:00','P0Y0M0D','P0Y0M0D',.T.,$,$,$,$,$,0.0);
#434=IFCTASK('W$vBt$w7wTIhAb0XfpZNsZ',#6,'Install sanitary fittings — Tower A',$,$,'7.1.4',$,$,$,.F.,$,#433,.INSTALLATION.);
#435=IFCTASKTIME('Painting — Tower A Time',.PREDICTED.,$,.WORKTIME.,'P0Y0M8D','2027-03-01T07:00:00','2027-03-10T07:00:00','2028-03-10T07:00:00','2028-03-21T07:00:00','2028-03-10T07:00:00','2028-03-21T07:00:00','P0Y0M0D','P0Y0M0D',.T.,$,$,$,$,$,0.0);
#436=IFCTASK('8pd3ctCXLParWjf$2Rl3V7',#6,'Painting — Tower A',$,$,'7.1.5',$,$,$,.F.,$,#435,.CONSTRUCTION.);
#437=IFCTASKTIME('Floor finishes — Tower A Time',.PREDICTED.,$,.WORKTIME.,'P0Y0M5D','2027-03-01T07:00:00','2027-03-05T07:00:00','2028-03-22T07:00:00','2028-03-28T07:00:00','2028-03-22T07:00:00','2028-03-28T07:00:00','P0Y0M0D','P0Y0M0D',.T.,$,$,$,$,$,0.0);
#438=IFCTASK('MZj7RVh1kBlryz715HLHHl',#6,'Floor finishes — Tower A',$,$,'7.1.6',$,$,$,.F.,$,#437,.CONSTRUCTION.);
#439=IFCTASKTIME('Finish ceilings — Tower A Time',.PREDICTED.,$,.WORKTIME.,'P0Y0M5D','2027-03-01T07:00:00','2027-03-05T07:00:00','2028-03-29T07:00:00','2028-04-04T07:00:00','2028-03-29T07:00:00','2028-04-04T07:00:00','P0Y0M0D','P0Y0M0D',.T.,$,$,$,$,$,0.0);
#440=IFCTASK('Q1lJrvEtBZSr43f169oXyL',#6,'Finish ceilings — Tower A',$,$,'7.1.7',$,$,$,.F.,$,#439,.CONSTRUCTION.);
#441=IFCTASKTIME('Doors and ironmongery — Tower A Time',.PREDICTED.,$,.WORKTIME.,'P0Y0M4D','2027-03-01T07:00:00','2027-03-04T07:00:00','2028-04-05T07:00:00','2028-04-10T07:00:00','2028-04-05T07:00:00','2028-04-10T07:00:00','P0Y0M0D','P0Y0M0D',.T.,$,$,$,$,$,0.0);
#442=IFCTASK('JR3tQjUnoxFpiVFXJxDPzL',#6,'Doors and ironmongery — Tower A',$,$,'7.1.8',$,$,$,.F.,$,#441,.CONSTRUCTION.);
#443=IFCTASKTIME('Fit-out — Tower B Time',.PREDICTED.,$,.WORKTIME.,'P0Y0M5D','2027-03-01T07:00:00','2027-03-05T07:00:00','2028-01-14T07:00:00','2028-04-10T07:00:00','2028-01-14T07:00:00','2028-04-10T07:00:00','P0Y0M0D','P0Y0M0D',.T.,$,$,$,$,$,0.0);
#444=IFCTASK('NduXGfW9djY5rpP1yhdJ2Z',#6,'Fit-out — Tower B',$,$,'7.2',$,$,$,.F.,$,#443,.CONSTRUCTION.);
#445=IFCTASKTIME('Plastering — Tower B Time',.PREDICTED.,$,.WORKTIME.,'P0Y0M15D','2027-03-01T07:00:00','2027-03-16T07:00:00','2028-01-14T07:00:00','2028-02-03T07:00:00','2028-01-14T07:00:00','2028-02-03T07:00:00','P0Y0M0D','P0Y0M0D',.T.,$,$,$,$,$,0.0);
#446=IFCTASK('JNe1EXYFMdV3htu1kV7Di$',#6,'Plastering — Tower B',$,$,'7.2.1',$,$,$,.F.,$,#445,.CONSTRUCTION.);
#447=IFCTASKTIME('Tiling — Tower B Time',.PREDICTED.,$,.WORKTIME.,'P0Y0M10D','2027-03-01T07:00:00','2027-03-12T07:00:00','2028-02-04T07:00:00','2028-02-17T07:00:00','2028-02-04T07:00:00','2028-02-17T07:00:00','P0Y0M0D','P0Y0M0D',.T.,$,$,$,$,$,0.0);
#448=IFCTASK('gZxFdtz14RhHLzt18Bi51D',#6,'Tiling — Tower B',$,$,'7.2.2',$,$,$,.F.,$,#447,.CONSTRUCTION.);
#449=IFCTASKTIME('Install kitchens — Tower B Time',.PREDICTED.,$,.WORKTIME.,'P0Y0M8D','2027-03-01T07:00:00','2027-03-10T07:00:00','2028-02-18T07:00:00','2028-02-29T07:00:00','2028-02-18T07:00:00','2028-02-29T07:00:00','P0Y0M0D','P0Y0M0D',.T.,$,$,$,$,$,0.0);
#450=IFCTASK('N7CphpQv4nlJU391G$jvv5',#6,'Install kitchens — Tower B',$,$,'7.2.3',$,$,$,.F.,$,#449,.CONSTRUCTION.);
#451=IFCTASKTIME('Install sanitary fittings — Tower B Time',.PREDICTED.,$,.WORKTIME.,'P0Y0M7D','2027-03-01T07:00:00','2027-03-09T07:00:00','2028-03-01T07:00:00','2028-03-09T07:00:00','2028-03-01T07:00:00','2028-03-09T07:00:00','P0Y0M0D','P0Y0M0D',.T.,$,$,$,$,$,0.0);
#452=IFCTASK('xFvZirV7a17D03Ln7VhXWP',#6,'Install sanitary fittings — Tower B',$,$,'7.2.4',$,$,$,.F.,$,#451,.INSTALLATION.);
#453=IFCTASKTIME('Painting — Tower B Time',.PREDICTED.,$,.WORKTIME.,'P0Y0M8D','2027-03-01T07:00:00','2027-03-10T07:00:00','2028-03-10T07:00:00','2028-03-21T07:00:00','2028-03-10T07:00:00','2028-03-21T07:00:00','P0Y0M0D','P0Y0M0D',.T.,$,$,$,$,$,0.0);
#454=IFCTASK('T1$T4TmfI$nhEhglQPeXWv',#6,'Painting — Tower B',$,$,'7.2.5',$,$,$,.F.,$,#453,.CONSTRUCTION.);
#455=IFCTASKTIME('Floor finishes — Tower B Time',.PREDICTED.,$,.WORKTIME.,'P0Y0M5D','2027-03-01T07:00:00','2027-03-05T07:00:00','2028-03-22T07:00:00','2028-03-28T07:00:00','2028-03-22T07:00:00','2028-03-28T07:00:00','P0Y0M0D','P0Y0M0D',.T.,$,$,$,$,$,0.0);
#456=IFCTASK('J5HJhN87ALfTJ$zFKp2B0N',#6,'Floor finishes — Tower B',$,$,'7.2.6',$,$,$,.F.,$,#455,.CONSTRUCTION.);
#457=IFCTASKTIME('Finish ceilings — Tower B Time',.PREDICTED.,$,.WORKTIME.,'P0Y0M5D','2027-03-01T07:00:00','2027-03-05T07:00:00','2028-03-29T07:00:00','2028-04-04T07:00:00','2028-03-29T07:00:00','2028-04-04T07:00:00','P0Y0M0D','P0Y0M0D',.T.,$,$,$,$,$,0.0);
#458=IFCTASK('LPOl7LqXzZ2bTrc$sbA9at',#6,'Finish ceilings — Tower B',$,$,'7.2.7',$,$,$,.F.,$,#457,.CONSTRUCTION.);
#459=IFCTASKTIME('Doors and ironmongery — Tower B Time',.PREDICTED.,$,.WORKTIME.,'P0Y0M4D','2027-03-01T07:00:00','2027-03-04T07:00:00','2028-04-05T07:00:00','2028-04-10T07:00:00','2028-04-05T07:00:00','2028-04-10T07:00:00','P0Y0M0D','P0Y0M0D',.T.,$,$,$,$,$,0.0);
#460=IFCTASK('E7cNanSlljSBO$1VEFxHn$',#6,'Doors and ironmongery — Tower B',$,$,'7.2.8',$,$,$,.F.,$,#459,.CONSTRUCTION.);
#461=IFCTASKTIME('Fit-out — Tower C Time',.PREDICTED.,$,.WORKTIME.,'P0Y0M5D','2027-03-01T07:00:00','2027-03-05T07:00:00','2028-01-14T07:00:00','2028-04-05T07:00:00','2028-01-19T07:00:00','2028-04-10T07:00:00','P0Y0M0D','P0Y0M3D',.F.,$,$,$,$,$,0.0);
#462=IFCTASK('vBsvlbB$S$7DevgH2ts9qn',#6,'Fit-out — Tower C',$,$,'7.3',$,$,$,.F.,$,#461,.CONSTRUCTION.);
#463=IFCTASKTIME('Plastering — Tower C Time',.PREDICTED.,$,.WORKTIME.,'P0Y0M12D','2027-03-01T07:00:00','2027-03-16T07:00:00','2028-01-14T07:00:00','2028-01-31T07:00:00','2028-01-19T07:00:00','2028-02-03T07:00:00','P0Y0M0D','P0Y0M3D',.F.,$,$,$,$,$,0.0);
#464=IFCTASK('i7a3Q941u$U53vIn4hHr4v',#6,'Plastering — Tower C',$,$,'7.3.1',$,$,$,.F.,$,#463,.CONSTRUCTION.);
#465=IFCTASKTIME('Tiling — Tower C Time',.PREDICTED.,$,.WORKTIME.,'P0Y0M10D','2027-03-01T07:00:00','2027-03-12T07:00:00','2028-02-01T07:00:00','2028-02-14T07:00:00','2028-02-04T07:00:00','2028-02-17T07:00:00','P0Y0M0D','P0Y0M3D',.F.,$,$,$,$,$,0.0);
#466=IFCTASK('_l7ZmtCVPpEvk5u$dhmtK$',#6,'Tiling — Tower C',$,$,'7.3.2',$,$,$,.F.,$,#465,.CONSTRUCTION.);
#467=IFCTASKTIME('Install kitchens — Tower C Time',.PREDICTED.,$,.WORKTIME.,'P0Y0M8D','2027-03-01T07:00:00','2027-03-10T07:00:00','2028-02-15T07:00:00','2028-02-24T07:00:00','2028-02-18T07:00:00','2028-02-29T07:00:00','P0Y0M0D','P0Y0M3D',.F.,$,$,$,$,$,0.0);
#468=IFCTASK('Ld09cjYnkrVb9tqHARUFJZ',#6,'Install kitchens — Tower C',$,$,'7.3.3',$,$,$,.F.,$,#467,.CONSTRUCTION.);
#469=IFCTASKTIME('Install sanitary fittings — Tower C Time',.PREDICTED.,$,.WORKTIME.,'P0Y0M7D','2027-03-01T07:00:00','2027-03-09T07:00:00','2028-02-25T07:00:00','2028-03-06T07:00:00','2028-03-01T07:00:00','2028-03-09T07:00:00','P0Y0M0D','P0Y0M3D',.F.,$,$,$,$,$,0.0);
#470=IFCTASK('pvAvVjEH3lufXnTnUdijQB',#6,'Install sanitary fittings — Tower C',$,$,'7.3.4',$,$,$,.F.,$,#469,.INSTALLATION.);
#471=IFCTASKTIME('Painting — Tower C Time',.PREDICTED.,$,.WORKTIME.,'P0Y0M8D','2027-03-01T07:00:00','2027-03-10T07:00:00','2028-03-07T07:00:00','2028-03-16T07:00:00','2028-03-10T07:00:00','2028-03-21T07:00:00','P0Y0M0D','P0Y0M3D',.F.,$,$,$,$,$,0.0);
#472=IFCTASK('YZWfqx79LjcDyTBl5HBFTx',#6,'Painting — Tower C',$,$,'7.3.5',$,$,$,.F.,$,#471,.CONSTRUCTION.);
#473=IFCTASKTIME('Floor finishes — Tower C Time',.PREDICTED.,$,.WORKTIME.,'P0Y0M5D','2027-03-01T07:00:00','2027-03-05T07:00:00','2028-03-17T07:00:00','2028-03-23T07:00:00','2028-03-22T07:00:00','2028-03-28T07:00:00','P0Y0M0D','P0Y0M3D',.F.,$,$,$,$,$,0.0);
#474=IFCTASK('DBP3_ha1w3w1qLoFwNMZb1',#6,'Floor finishes — Tower C',$,$,'7.3.6',$,$,$,.F.,$,#473,.CONSTRUCTION.);
#475=IFCTASKTIME('Finish ceilings — Tower C Time',.PREDICTED.,$,.WORKTIME.,'P0Y0M5D','2027-03-01T07:00:00','2027-03-05T07:00:00','2028-03-24T07:00:00','2028-03-30T07:00:00','2028-03-29T07:00:00','2028-04-04T07:00:00','P0Y0M0D','P0Y0M3D',.F.,$,$,$,$,$,0.0);
#476=IFCTASK('a$7rJzLHtXZ9DTVVm1BnDJ',#6,'Finish ceilings — Tower C',$,$,'7.3.7',$,$,$,.F.,$,#475,.CONSTRUCTION.);
#477=IFCTASKTIME('Doors and ironmongery — Tower C Time',.PREDICTED.,$,.WORKTIME.,'P0Y0M4D','2027-03-01T07:00:00','2027-03-04T07:00:00','2028-03-31T07:00:00','2028-04-05T07:00:00','2028-04-05T07:00:00','2028-04-10T07:00:00','P0Y0M0D','P0Y0M3D',.F.,$,$,$,$,$,0.0);
#478=IFCTASK('9JhlhDQ7ePvhczzlUL9zZN',#6,'Doors and ironmongery — Tower C',$,$,'7.3.8',$,$,$,.F.,$,#477,.CONSTRUCTION.);
#479=IFCTASKTIME('Finish entrance hall Time',.PREDICTED.,$,.WORKTIME.,'P0Y0M6D','2027-03-01T07:00:00','2027-03-08T07:00:00','2027-11-30T07:00:00','2027-12-07T07:00:00','2028-03-08T07:00:00','2028-03-15T07:00:00','P0Y0M0D','P0Y0M71D',.F.,$,$,$,$,$,0.0);
#480=IFCTASK('ibblvBW9z3QXgNmVG$J7$9',#6,'Finish entrance hall',$,$,'7.4',$,$,$,.F.,$,#479,.CONSTRUCTION.);
#481=IFCTASKTIME('Finish bicycle store Time',.PREDICTED.,$,.WORKTIME.,'P0Y0M4D','2027-03-01T07:00:00','2027-03-04T07:00:00','2027-12-08T07:00:00','2027-12-13T07:00:00','2028-04-05T07:00:00','2028-04-10T07:00:00','P0Y0M85D','P0Y0M85D',.F.,$,$,$,$,$,0.0);
#482=IFCTASK('V1lj91wv6HmVYNSn1TCbfZ',#6,'Finish bicycle store',$,$,'7.5',$,$,$,.F.,$,#481,.CONSTRUCTION.);
#483=IFCTASKTIME('Finish lift lobbies Time',.PREDICTED.,$,.WORKTIME.,'P0Y0M4D','2027-03-01T07:00:00','2027-03-04T07:00:00','2027-12-08T07:00:00','2027-12-13T07:00:00','2028-03-16T07:00:00','2028-03-21T07:00:00','P0Y0M0D','P0Y0M71D',.F.,$,$,$,$,$,0.0);
#484=IFCTASK('S1VzkJh$wz61Cnv$29oV0t',#6,'Finish lift lobbies',$,$,'7.6',$,$,$,.F.,$,#483,.CONSTRUCTION.);
#485=IFCTASKTIME('Finish communal stair cores Time',.PREDICTED.,$,.WORKTIME.,'P0Y0M5D','2027-03-01T07:00:00','2027-03-05T07:00:00','2027-12-14T07:00:00','2027-12-20T07:00:00','2028-03-22T07:00:00','2028-03-28T07:00:00','P0Y0M0D','P0Y0M71D',.F.,$,$,$,$,$,0.0);
#486=IFCTASK('4pIlj1I9NbjftBc$kTixpj',#6,'Finish communal stair cores',$,$,'7.7',$,$,$,.F.,$,#485,.CONSTRUCTION.);
#487=IFCTASKTIME('External painting, facade plinth Time',.PREDICTED.,$,.WORKTIME.,'P0Y0M4D','2027-03-01T07:00:00','2027-03-04T07:00:00','2027-12-21T07:00:00','2027-12-24T07:00:00','2028-03-29T07:00:00','2028-04-03T07:00:00','P0Y0M0D','P0Y0M71D',.F.,$,$,$,$,$,0.0);
#488=IFCTASK('jRbHRbZHHpWH55u1oD6jox',#6,'External painting, facade plinth',$,$,'7.8',$,$,$,.F.,$,#487,.CONSTRUCTION.);
#489=IFCTASKTIME('Install signage & wayfinding Time',.PREDICTED.,$,.WORKTIME.,'P0Y0M2D','2027-03-01T07:00:00','2027-03-02T07:00:00','2027-12-27T07:00:00','2027-12-28T07:00:00','2028-04-04T07:00:00','2028-04-05T07:00:00','P0Y0M0D','P0Y0M71D',.F.,$,$,$,$,$,0.0);
#490=IFCTASK('vhI5cj2nylptBvAlyrxVqT',#6,'Install signage & wayfinding',$,$,'7.9',$,$,$,.F.,$,#489,.CONSTRUCTION.);
#491=IFCTASKTIME('Final cleaning of communal areas Time',.PREDICTED.,$,.WORKTIME.,'P0Y0M3D','2027-03-01T07:00:00','2027-03-03T07:00:00','2027-12-29T07:00:00','2027-12-31T07:00:00','2028-04-06T07:00:00','2028-04-10T07:00:00','P0Y0M71D','P0Y0M71D',.F.,$,$,$,$,$,0.0);
#492=IFCTASK('j51TeZvtRBPJQlpltPelxB',#6,'Final cleaning of communal areas',$,$,'7.10',$,$,$,.F.,$,#491,.CONSTRUCTION.);
#493=IFCTASKTIME('7. Car park & site works Time',.PREDICTED.,$,.WORKTIME.,'P0Y0M5D','2027-03-01T07:00:00','2027-03-05T07:00:00','2027-06-17T07:00:00','2028-03-28T07:00:00','2027-06-17T07:00:00','2028-03-28T07:00:00','P0Y0M0D','P0Y0M0D',.T.,$,$,$,$,$,0.0);
#494=IFCTASK('FdobCRRXNHTPyTBHn9oXer',#6,'7. Car park & site works',$,$,'8',$,$,$,.F.,$,#493,.LOGISTIC.);
#495=IFCTASKTIME('Internal walls, storage units & stair cores, car park Time',.PREDICTED.,$,.WORKTIME.,'P0Y0M30D','2027-03-01T07:00:00','2027-04-09T07:00:00','2027-06-17T07:00:00','2027-08-18T07:00:00','2027-06-17T07:00:00','2027-08-18T07:00:00','P0Y0M0D','P0Y0M0D',.T.,$,$,$,$,$,0.0);
#496=IFCTASK('4HZNm94$8tXRX5WVjN6J6V',#6,'Internal walls, storage units & stair cores, car park',$,$,'8.1',$,$,$,.F.,$,#495,.CONSTRUCTION.);
#497=IFCTASKTIME('Pipework & cable trays, car park Time',.PREDICTED.,$,.WORKTIME.,'P0Y0M24D','2027-03-01T07:00:00','2027-04-01T07:00:00','2027-08-19T07:00:00','2027-09-21T07:00:00','2027-08-19T07:00:00','2027-09-21T07:00:00','P0Y0M0D','P0Y0M0D',.T.,$,$,$,$,$,0.0);
#498=IFCTASK('ezdLdbwXd7Wltr6$OJNLs7',#6,'Pipework & cable trays, car park',$,$,'8.2',$,$,$,.F.,$,#497,.INSTALLATION.);
#499=IFCTASKTIME('Ventilation & smoke extraction system, car park Time',.PREDICTED.,$,.WORKTIME.,'P0Y0M22D','2027-03-01T07:00:00','2027-03-30T07:00:00','2027-09-22T07:00:00','2027-10-21T07:00:00','2027-09-22T07:00:00','2027-10-21T07:00:00','P0Y0M0D','P0Y0M0D',.T.,$,$,$,$,$,0.0);
#500=IFCTASK('J5txYNXvKDuN$$P$uByL_X',#6,'Ventilation & smoke extraction system, car park',$,$,'8.3',$,$,$,.F.,$,#499,.INSTALLATION.);
#501=IFCTASKTIME('Sprinkler & dry riser, car park Time',.PREDICTED.,$,.WORKTIME.,'P0Y0M16D','2027-03-01T07:00:00','2027-03-22T07:00:00','2027-10-22T07:00:00','2027-11-12T07:00:00','2027-10-22T07:00:00','2027-11-12T07:00:00','P0Y0M0D','P0Y0M0D',.T.,$,$,$,$,$,0.0);
#502=IFCTASK('c5ShHXRXPdC5Zfe$SRXD0f',#6,'Sprinkler & dry riser, car park',$,$,'8.4',$,$,$,.F.,$,#501,.INSTALLATION.);
#503=IFCTASKTIME('Power, lighting & emergency lighting, car park Time',.PREDICTED.,$,.WORKTIME.,'P0Y0M16D','2027-03-01T07:00:00','2027-03-22T07:00:00','2027-11-15T07:00:00','2027-12-06T07:00:00','2027-11-15T07:00:00','2027-12-06T07:00:00','P0Y0M0D','P0Y0M0D',.T.,$,$,$,$,$,0.0);
#504=IFCTASK('D7wtYfV7u1UxLTjn5FXRNT',#6,'Power, lighting & emergency lighting, car park',$,$,'8.5',$,$,$,.F.,$,#503,.INSTALLATION.);
#505=IFCTASKTIME('Fire alarm & evacuation system, car park Time',.PREDICTED.,$,.WORKTIME.,'P0Y0M10D','2027-03-01T07:00:00','2027-03-12T07:00:00','2027-12-07T07:00:00','2027-12-20T07:00:00','2027-12-07T07:00:00','2027-12-20T07:00:00','P0Y0M0D','P0Y0M0D',.T.,$,$,$,$,$,0.0);
#506=IFCTASK('tjhHJ$o9pP9bLtWV3n3taN',#6,'Fire alarm & evacuation system, car park',$,$,'8.6',$,$,$,.F.,$,#505,.INSTALLATION.);
#507=IFCTASKTIME('EV charging infrastructure Time',.PREDICTED.,$,.WORKTIME.,'P0Y0M10D','2027-03-01T07:00:00','2027-03-12T07:00:00','2027-12-21T07:00:00','2028-01-03T07:00:00','2027-12-21T07:00:00','2028-01-03T07:00:00','P0Y0M0D','P0Y0M0D',.T.,$,$,$,$,$,0.0);
#508=IFCTASK('JbBXWV5XTpWHpljlr9s9Or',#6,'EV charging infrastructure',$,$,'8.7',$,$,$,.F.,$,#507,.INSTALLATION.);
#509=IFCTASKTIME('Floor coating & line marking, car park Time',.PREDICTED.,$,.WORKTIME.,'P0Y0M14D','2027-03-01T07:00:00','2027-03-18T07:00:00','2028-01-04T07:00:00','2028-01-21T07:00:00','2028-01-04T07:00:00','2028-01-21T07:00:00','P0Y0M0D','P0Y0M0D',.T.,$,$,$,$,$,0.0);
#510=IFCTASK('$FxXKNff8XslplJltzXRj1',#6,'Floor coating & line marking, car park',$,$,'8.8',$,$,$,.F.,$,#509,.CONSTRUCTION.);
#511=IFCTASKTIME('Access control, barriers & parking management system Time',.PREDICTED.,$,.WORKTIME.,'P0Y0M10D','2027-03-01T07:00:00','2027-03-12T07:00:00','2028-01-24T07:00:00','2028-02-04T07:00:00','2028-01-24T07:00:00','2028-02-04T07:00:00','P0Y0M0D','P0Y0M0D',.T.,$,$,$,$,$,0.0);
#512=IFCTASK('nv2XW$9fCvetPHbF83dJ6x',#6,'Access control, barriers & parking management system',$,$,'8.9',$,$,$,.F.,$,#511,.INSTALLATION.);
#513=IFCTASKTIME('Commission & test car park services Time',.PREDICTED.,$,.WORKTIME.,'P0Y0M12D','2027-03-01T07:00:00','2027-03-16T07:00:00','2028-02-07T07:00:00','2028-02-22T07:00:00','2028-02-07T07:00:00','2028-02-22T07:00:00','P0Y0M0D','P0Y0M0D',.T.,$,$,$,$,$,0.0);
#514=IFCTASK('bbmdpnyHthhlltmXs1d5lL',#6,'Commission & test car park services',$,$,'8.10',$,$,$,.F.,$,#513,.INSTALLATION.);
#515=IFCTASKTIME('Car park safety inspection Time',.PREDICTED.,$,.WORKTIME.,'P0Y0M0D','2027-03-01T07:00:00','2027-03-01T07:00:00','2028-02-22T07:00:00','2028-02-22T07:00:00','2028-02-22T07:00:00','2028-02-22T07:00:00','P0Y0M0D','P0Y0M0D',.T.,$,$,$,$,$,0.0);
#516=IFCTASK('UXjvPfVviJCxDHRFipoR9J',#6,'Car park safety inspection','Closes out the car park fit-out stream — the second critical chain in this project, independent of the towers.',$,'8.11',$,$,$,.T.,$,#515,.CONSTRUCTION.);
#517=IFCTASKTIME('Construct new main access road Time',.PREDICTED.,$,.WORKTIME.,'P0Y0M4D','2027-03-01T07:00:00','2027-03-04T07:00:00','2028-02-23T07:00:00','2028-02-28T07:00:00','2028-02-23T07:00:00','2028-02-28T07:00:00','P0Y0M0D','P0Y0M0D',.T.,$,$,$,$,$,0.0);
#518=IFCTASK('b$fbW1PtrtUxltmVm1Bnzh',#6,'Construct new main access road',$,$,'8.12',$,$,$,.F.,$,#517,.CONSTRUCTION.);
#519=IFCTASKTIME('New main access road in use Time',.PREDICTED.,$,.WORKTIME.,'P0Y0M0D','2027-03-01T07:00:00','2027-03-01T07:00:00','2028-02-29T07:00:00','2028-02-29T07:00:00','2028-02-29T07:00:00','2028-02-29T07:00:00','P0Y0M0D','P0Y0M0D',.T.,$,$,$,$,$,0.0);
#520=IFCTASK('gZJvB7sddj6JU31VG$5V09',#6,'New main access road in use',$,$,'8.13',$,$,$,.T.,$,#519,.CONSTRUCTION.);
#521=IFCTASKTIME('Break up temporary site road Time',.PREDICTED.,$,.WORKTIME.,'P0Y0M3D','2027-03-01T07:00:00','2027-03-03T07:00:00','2028-02-25T07:00:00','2028-02-29T07:00:00','2028-03-24T07:00:00','2028-03-28T07:00:00','P0Y0M20D','P0Y0M20D',.F.,$,$,$,$,$,0.0);
#522=IFCTASK('qtcNmf8vUvG1GhEnA$7RFX',#6,'Break up temporary site road',$,$,'8.14',$,$,$,.F.,$,#521,.LOGISTIC.);
#523=IFCTASKTIME('Site sewer connection, main building Time',.PREDICTED.,$,.WORKTIME.,'P0Y0M4D','2027-03-01T07:00:00','2027-03-04T07:00:00','2028-02-29T07:00:00','2028-03-03T07:00:00','2028-02-29T07:00:00','2028-03-03T07:00:00','P0Y0M0D','P0Y0M0D',.T.,$,$,$,$,$,0.0);
#524=IFCTASK('7LwpPbM1Mxnpun5H0vmfQn',#6,'Site sewer connection, main building',$,$,'8.15',$,$,$,.F.,$,#523,.CONSTRUCTION.);
#525=IFCTASKTIME('Car park paving Time',.PREDICTED.,$,.WORKTIME.,'P0Y0M6D','2027-03-01T07:00:00','2027-03-08T07:00:00','2028-03-06T07:00:00','2028-03-13T07:00:00','2028-03-06T07:00:00','2028-03-13T07:00:00','P0Y0M0D','P0Y0M0D',.T.,$,$,$,$,$,0.0);
#526=IFCTASK('yFfJBv67kLDP8t0XVFB1Qr',#6,'Car park paving',$,$,'8.16',$,$,$,.F.,$,#525,.CONSTRUCTION.);
#527=IFCTASKTIME('Install outdoor bicycle shelter Time',.PREDICTED.,$,.WORKTIME.,'P0Y0M3D','2027-03-01T07:00:00','2027-03-03T07:00:00','2028-03-14T07:00:00','2028-03-16T07:00:00','2028-03-24T07:00:00','2028-03-28T07:00:00','P0Y0M8D','P0Y0M8D',.F.,$,$,$,$,$,0.0);
#528=IFCTASK('1pgdNpffwzEvUNaHHLFh6X',#6,'Install outdoor bicycle shelter',$,$,'8.17',$,$,$,.F.,$,#527,.CONSTRUCTION.);
#529=IFCTASKTIME('Install landscaping, main site Time',.PREDICTED.,$,.WORKTIME.,'P0Y0M5D','2027-03-01T07:00:00','2027-03-05T07:00:00','2028-03-14T07:00:00','2028-03-20T07:00:00','2028-03-14T07:00:00','2028-03-20T07:00:00','P0Y0M0D','P0Y0M0D',.T.,$,$,$,$,$,0.0);
#530=IFCTASK('wnlRaFKFIVZtLtGV0PiJEx',#6,'Install landscaping, main site',$,$,'8.18',$,$,$,.F.,$,#529,.CONSTRUCTION.);
#531=IFCTASKTIME('Install external lighting Time',.PREDICTED.,$,.WORKTIME.,'P0Y0M3D','2027-03-01T07:00:00','2027-03-03T07:00:00','2028-03-21T07:00:00','2028-03-23T07:00:00','2028-03-21T07:00:00','2028-03-23T07:00:00','P0Y0M0D','P0Y0M0D',.T.,$,$,$,$,$,0.0);
#532=IFCTASK('_lPzklmfmjUxrjxFUL9zDF',#6,'Install external lighting',$,$,'8.19',$,$,$,.F.,$,#531,.INSTALLATION.);
#533=IFCTASKTIME('Install boundary fencing Time',.PREDICTED.,$,.WORKTIME.,'P0Y0M2D','2027-03-01T07:00:00','2027-03-02T07:00:00','2028-03-24T07:00:00','2028-03-27T07:00:00','2028-03-24T07:00:00','2028-03-27T07:00:00','P0Y0M0D','P0Y0M0D',.T.,$,$,$,$,$,0.0);
#534=IFCTASK('J9KbiNPt3TATPTXX0Pix5F',#6,'Install boundary fencing',$,$,'8.20',$,$,$,.F.,$,#533,.CONSTRUCTION.);
#535=IFCTASKTIME('Mark out parking bays Time',.PREDICTED.,$,.WORKTIME.,'P0Y0M1D','2027-03-01T07:00:00','2027-03-01T07:00:00','2028-03-28T07:00:00','2028-03-28T07:00:00','2028-03-28T07:00:00','2028-03-28T07:00:00','P0Y0M0D','P0Y0M0D',.T.,$,$,$,$,$,0.0);
#536=IFCTASK('Ld0t6ZOdRXBFPljHntgfYF',#6,'Mark out parking bays',$,$,'8.21',$,$,$,.F.,$,#535,.CONSTRUCTION.);
#537=IFCTASKTIME('Site handover — final inspection Time',.PREDICTED.,$,.WORKTIME.,'P0Y0M0D','2027-03-01T07:00:00','2027-03-01T07:00:00','2028-03-28T07:00:00','2028-03-28T07:00:00','2028-03-28T07:00:00','2028-03-28T07:00:00','P0Y0M0D','P0Y0M0D',.T.,$,$,$,$,$,0.0);
#538=IFCTASK('wFFxE3z1CdSrGx4n1V93tp',#6,'Site handover — final inspection',$,$,'8.22',$,$,$,.T.,$,#537,.CONSTRUCTION.);
#539=IFCTASKTIME('8. Handover Time',.PREDICTED.,$,.WORKTIME.,'P0Y0M5D','2027-03-01T07:00:00','2027-03-05T07:00:00','2028-03-29T07:00:00','2028-04-10T07:00:00','2028-03-29T07:00:00','2028-04-10T07:00:00','P0Y0M0D','P0Y0M0D',.T.,$,$,$,$,$,0.0);
#540=IFCTASK('vrMPTfffqTM3$hwHtdOX4P',#6,'8. Handover',$,$,'9',$,$,$,.F.,$,#539,.ATTENDANCE.);
#541=IFCTASKTIME('Handover inspection — Tower A Time',.PREDICTED.,$,.WORKTIME.,'P0Y0M0D','2027-03-01T07:00:00','2027-03-01T07:00:00','2028-04-10T07:00:00','2028-04-10T07:00:00','2028-04-10T07:00:00','2028-04-10T07:00:00','P0Y0M0D','P0Y0M0D',.T.,$,$,$,$,$,0.0);
#542=IFCTASK('vHjdvrW9TpWHF7UnfJNLUH',#6,'Handover inspection — Tower A','Contractual handover of Tower A to the owners'' association/residents — an independent end point (no shared final milestone with the other towers).',$,'9.1',$,$,$,.T.,$,#541,.CONSTRUCTION.);
#543=IFCTASKTIME('Handover inspection — Tower B Time',.PREDICTED.,$,.WORKTIME.,'P0Y0M0D','2027-03-01T07:00:00','2027-03-01T07:00:00','2028-04-10T07:00:00','2028-04-10T07:00:00','2028-04-10T07:00:00','2028-04-10T07:00:00','P0Y0M0D','P0Y0M0D',.T.,$,$,$,$,$,0.0);
#544=IFCTASK('iRztIDF7g5X31rYXt3PJgJ',#6,'Handover inspection — Tower B','Contractual handover of Tower B to the owners'' association/residents — an independent end point (no shared final milestone with the other towers).',$,'9.2',$,$,$,.T.,$,#543,.CONSTRUCTION.);
#545=IFCTASKTIME('Handover inspection — Tower C Time',.PREDICTED.,$,.WORKTIME.,'P0Y0M0D','2027-03-01T07:00:00','2027-03-01T07:00:00','2028-04-05T07:00:00','2028-04-05T07:00:00','2028-04-10T07:00:00','2028-04-10T07:00:00','P0Y0M3D','P0Y0M3D',.F.,$,$,$,$,$,0.0);
#546=IFCTASK('8jJPfDd9$tNZTNGXeDTfA3',#6,'Handover inspection — Tower C','Contractual handover of Tower C to the owners'' association/residents — an independent end point (no shared final milestone with the other towers).',$,'9.3',$,$,$,.T.,$,#545,.CONSTRUCTION.);
#547=IFCTASKTIME('Documentation handover (as-built drawings) Time',.PREDICTED.,$,.WORKTIME.,'P0Y0M3D','2027-03-01T07:00:00','2027-03-03T07:00:00','2028-03-29T07:00:00','2028-03-31T07:00:00','2028-03-29T07:00:00','2028-03-31T07:00:00','P0Y0M0D','P0Y0M0D',.T.,$,$,$,$,$,0.0);
#548=IFCTASK('rJ39_La$obJfvpBHr9_lBT',#6,'Documentation handover (as-built drawings)',$,$,'9.4',$,$,$,.F.,$,#547,.ATTENDANCE.);
#549=IFCTASKTIME('Key handover to the building manager Time',.PREDICTED.,$,.WORKTIME.,'P0Y0M2D','2027-03-01T07:00:00','2027-03-02T07:00:00','2028-04-06T07:00:00','2028-04-07T07:00:00','2028-04-06T07:00:00','2028-04-07T07:00:00','P0Y0M0D','P0Y0M0D',.T.,$,$,$,$,$,0.0);
#550=IFCTASK('orfjZ52NEl3vUNalXjA98R',#6,'Key handover to the building manager',$,$,'9.5',$,$,$,.F.,$,#549,.ATTENDANCE.);
#551=IFCTASKTIME('Final cleaning of communal areas, building Time',.PREDICTED.,$,.WORKTIME.,'P0Y0M3D','2027-03-01T07:00:00','2027-03-03T07:00:00','2028-04-03T07:00:00','2028-04-05T07:00:00','2028-04-03T07:00:00','2028-04-05T07:00:00','P0Y0M0D','P0Y0M0D',.T.,$,$,$,$,$,0.0);
#552=IFCTASK('4FVhpnylnl8NTfu$$VVbv5',#6,'Final cleaning of communal areas, building',$,$,'9.6',$,$,$,.F.,$,#551,.LOGISTIC.);
#553=IFCTASKTIME('Project administration & contractual close-out Time',.PREDICTED.,$,.WORKTIME.,'P0Y0M0D','2027-03-01T07:00:00','2027-03-01T07:00:00','2028-04-07T07:00:00','2028-04-07T07:00:00','2028-04-07T07:00:00','2028-04-07T07:00:00','P0Y0M0D','P0Y0M0D',.T.,$,$,$,$,$,0.0);
#554=IFCTASK('R1V3Yt31mDQXoBs$rphVeB',#6,'Project administration & contractual close-out','Contractual/administrative close-out (as-built dossier, handover to the building manager) — runs in parallel from site handover onwards, not gated by the towers (see phase notes).',$,'9.7',$,$,$,.T.,$,#553,.CONSTRUCTION.);
#555=IFCTASKTIME('Aftercare period started Time',.PREDICTED.,$,.WORKTIME.,'P0Y0M0D','2027-03-01T07:00:00','2027-03-01T07:00:00','2028-04-10T07:00:00','2028-04-10T07:00:00','2028-04-10T07:00:00','2028-04-10T07:00:00','P0Y0M0D','P0Y0M0D',.T.,$,$,$,$,$,0.0);
#556=IFCTASK('XVTf4TmNmTi3BdM$7bgNIP',#6,'Aftercare period started',$,$,'9.8',$,$,$,.T.,$,#555,.CONSTRUCTION.);
#557=IFCTASKTIME('Start maintenance contract for building services Time',.PREDICTED.,$,.WORKTIME.,'P0Y0M1D','2027-03-01T07:00:00','2027-03-01T07:00:00','2028-04-10T07:00:00','2028-04-10T07:00:00','2028-04-10T07:00:00','2028-04-10T07:00:00','P0Y0M0D','P0Y0M0D',.T.,$,$,$,$,$,0.0);
#558=IFCTASK('fdO$QNePTjyhIl9$qHZ9y7',#6,'Start maintenance contract for building services',$,$,'9.9',$,$,$,.F.,$,#557,.ATTENDANCE.);
#559=IFCTASKTIME('Variation: additional basement storage units Time',.PREDICTED.,$,.WORKTIME.,'P0Y0M6D','2027-03-01T07:00:00','2027-03-08T07:00:00','2027-06-10T07:00:00','2027-06-17T07:00:00','2028-03-30T07:00:00','2028-04-06T07:00:00','P0Y0M64D','P0Y0M195D',.F.,$,$,$,$,$,0.0);
#560=IFCTASK('jtyZy$o91hFhQ3LFHhHBCn',#6,'Variation: additional basement storage units','Variation order issued after the contract baseline: additional storage units in the basement.',$,'3.25',$,$,$,.F.,$,#559,.CONSTRUCTION.);
#561=IFCRELNESTS('ObGvhtiXJ9FLYZ5HGHd5ZR',#6,'WBS 1. Preparation & site clearance',$,#44,( #46,#48,#50,#52,#54,#56,#58,#60));
#562=IFCRELNESTS('Fd2BRXpFQXgnb$716fYhYJ',#6,'WBS 2. Foundations & basement/car park',$,#62,( #64,#66,#68,#70,#72,#74,#76,#78,#80,#82,#84,#86,#88,#90,#92,#94,#96,#98,#100,#102,#104,#106,#108,#110,#560));
#563=IFCRELNESTS('9N6pbRDFYvuNXnZn2bNhcL',#6,'WBS 3. Structural works, towers A/B/C (parallel)',$,#112,( #114,#116,#174,#232,#292));
#564=IFCRELNESTS('zHVLX94lFFK35njFXFpdJ3',#6,'WBS Structural works — Tower A',$,#116,( #118,#120,#122,#124,#126,#128,#130,#132,#134,#136,#138,#140,#142,#144,#146,#148,#150,#152,#154,#156,#158,#160,#162,#164,#166,#168,#170,#172,#290));
#565=IFCRELNESTS('vnnxYNFP$rzfT9aFVDQDeh',#6,'WBS Structural works — Tower B',$,#174,( #176,#178,#180,#182,#184,#186,#188,#190,#192,#194,#196,#198,#200,#202,#204,#206,#208,#210,#212,#214,#216,#218,#220,#222,#224,#226,#228,#230));
#566=IFCRELNESTS('UXz9oZldRXTt713F8h8$kB',#6,'WBS Structural works — Tower C',$,#232,( #234,#236,#238,#240,#242,#244,#246,#248,#250,#252,#254,#256,#258,#260,#262,#264,#266,#268,#270,#272,#274,#276,#278,#280,#282,#284,#286,#288));
#567=IFCRELNESTS('YVL1AH9NIVb1qnFVHvOVCZ',#6,'WBS 4. Facade & roof',$,#294,( #296,#316,#336,#356,#358));
#568=IFCRELNESTS('2HHb8hqFSLNTXH$ViVhV09',#6,'WBS Facade & roof — Tower A',$,#296,( #298,#300,#302,#304,#306,#308,#310,#312,#314));
#569=IFCRELNESTS('j9q5kFSH3Fq5$XpHR5obBT',#6,'WBS Facade & roof — Tower B',$,#316,( #318,#320,#322,#324,#326,#328,#330,#332,#334));
#570=IFCRELNESTS('NP09UffNyxtRZrc1IVNZxn',#6,'WBS Facade & roof — Tower C',$,#336,( #338,#340,#342,#344,#346,#348,#350,#352,#354));
#571=IFCRELNESTS('qBlRif$vstdJsP610dCRxr',#6,'WBS 5. Building services (MEP)',$,#360,( #362,#364,#366,#368,#370,#388,#406));
#572=IFCRELNESTS('HNe$AlfNuX2tPHpHBpTNoR',#6,'WBS Building services — Tower A',$,#370,( #372,#374,#376,#378,#380,#382,#384,#386));
#573=IFCRELNESTS('e3t5oXA1SXR$GRGVG$5Xu5',#6,'WBS Building services — Tower B',$,#388,( #390,#392,#394,#396,#398,#400,#402,#404));
#574=IFCRELNESTS('hP0tQDw7YvWlFvIFWt_lDl',#6,'WBS Building services — Tower C',$,#406,( #408,#410,#412,#414,#416,#418,#420,#422));
#575=IFCRELNESTS('L395IFS1wH0nrvQl3DYhsT',#6,'WBS 6. Fit-out',$,#424,( #426,#444,#462,#480,#482,#484,#486,#488,#490,#492));
#576=IFCRELNESTS('3Hn5U9bnonV39NO1qZS3Vd',#6,'WBS Fit-out — Tower A',$,#426,( #428,#430,#432,#434,#436,#438,#440,#442));
#577=IFCRELNESTS('2JwpplmNC7m$u9GV4BTtql',#6,'WBS Fit-out — Tower B',$,#444,( #446,#448,#450,#452,#454,#456,#458,#460));
#578=IFCRELNESTS('W$FDHXzlNxfxdzhntdWdzr',#6,'WBS Fit-out — Tower C',$,#462,( #464,#466,#468,#470,#472,#474,#476,#478));
#579=IFCRELNESTS('ORmP1PA$8fj7czbFSN_B4P',#6,'WBS 7. Car park & site works',$,#494,( #496,#498,#500,#502,#504,#506,#508,#510,#512,#514,#516,#518,#520,#522,#524,#526,#528,#530,#532,#534,#536,#538));
#580=IFCRELNESTS('W1HjxlXvWxtbLtu$BtUnhf',#6,'WBS 8. Handover',$,#540,( #542,#544,#546,#548,#550,#552,#554,#556,#558));
#581=IFCRELNESTS('tjjP5r1vgdnD4TBHzDgTrv',#6,'WBS Hoofd',$,#37,(#42,#44,#62,#112,#294,#360,#424,#494,#540));
#582=IFCRELSEQUENCE('RRmvppP99rXRVxWVzHHzXP',#6,$,$,#42,#46,$,.FINISH_START.,$);
#583=IFCRELSEQUENCE('BfM3E1_f6zMFZr_VdHBFlB',#6,$,$,#42,#50,$,.FINISH_START.,$);
#584=IFCRELSEQUENCE('hvC5YtDXxxvL2J3HI$b$sZ',#6,$,$,#46,#48,$,.FINISH_START.,$);
#585=IFCRELSEQUENCE('ixnpVtqV1tNTxRaF1TijwR',#6,$,$,#48,#52,$,.FINISH_START.,$);
#586=IFCRELSEQUENCE('rt6twT8PBZaB4TTngheV4v',#6,$,$,#50,#52,$,.FINISH_START.,$);
#587=IFCRELSEQUENCE('HRRlrZW9PpcXczLnPl5XCl',#6,$,$,#52,#54,$,.FINISH_START.,$);
#588=IFCRELSEQUENCE('5n$BLtqnarb1CLEFEpIxbV',#6,$,$,#54,#56,$,.FINISH_START.,$);
#589=IFCRELSEQUENCE('K7yrZx2NILxXknTFYL1xR1',#6,$,$,#56,#58,$,.FINISH_START.,$);
#590=IFCRELSEQUENCE('nLBFTx_f_tM3tNWXrDRFnR',#6,$,$,#58,#60,$,.FINISH_START.,$);
#591=IFCRELSEQUENCE('qrVLDlmNufj72JzlI3WdDJ',#6,$,$,#60,#64,$,.FINISH_START.,$);
#592=IFCRELSEQUENCE('uD1rJZ9f_NEvcHTlKJoXm1',#6,$,$,#64,#66,$,.FINISH_START.,$);
#593=IFCRELSEQUENCE('CfM36zy1SVZtVxGX6JPxJZ',#6,$,$,#66,#68,$,.FINISH_START.,$);
#594=IFCRELSEQUENCE('fZh1YfHPvZCxzdEVW9UF5H',#6,$,$,#68,#70,$,.FINISH_START.,$);
#595=IFCRELSEQUENCE('OTbllVzl1tFLUNCnmVvDOZ',#6,$,$,#70,#72,$,.FINISH_START.,$);
#596=IFCRELSEQUENCE('$np7R1XPDRRVUfKFsb_HB3',#6,$,$,#72,#74,$,.FINISH_START.,$);
#597=IFCRELSEQUENCE('cR09klePFl0F1rg19zlBCF',#6,$,$,#74,#76,$,.FINISH_START.,$);
#598=IFCRELSEQUENCE('ebG7pDVP$fLl3d6$qHj7Pr',#6,$,$,#76,#78,$,.FINISH_START.,$);
#599=IFCRELSEQUENCE('a3a3cjcV5nPBKVd$LTrF9n',#6,$,$,#78,#80,$,.FINISH_START.,$);
#600=IFCRELSEQUENCE('YzibitjXzz_tjp3nq3OX8x',#6,$,$,#70,#82,$,.FINISH_START.,$);
#601=IFCRELSEQUENCE('MvKRy3KF_ZSJsRmVGF5lv5',#6,$,$,#82,#84,$,.FINISH_START.,$);
#602=IFCRELSEQUENCE('W1fR4XwVJfJ7Q3pHp707Bz',#6,$,$,#84,#86,$,.FINISH_START.,$);
#603=IFCRELSEQUENCE('sDNjfl8d3nyhMBQ$IzOHll',#6,$,$,#86,#88,$,.FINISH_START.,$);
#604=IFCRELSEQUENCE('Q1$TiLZ$230nX5mXcZzf_z',#6,$,$,#88,#90,$,.FINISH_START.,$);
#605=IFCRELSEQUENCE('f7azAB$7Y7WlBp9$RRMNw1',#6,$,$,#70,#92,$,.FINISH_START.,$);
#606=IFCRELSEQUENCE('0Hnx2Ly$uVsHtLQl11Zt09',#6,$,$,#92,#94,$,.FINISH_START.,$);
#607=IFCRELSEQUENCE('H9a3sFz$WxljczRFml7bJ$',#6,$,$,#94,#96,$,.FINISH_START.,$);
#608=IFCRELSEQUENCE('4Flbmdg1g7jNvJ7$3JYn5l',#6,$,$,#96,#98,$,.FINISH_START.,$);
#609=IFCRELSEQUENCE('yD2V0njVZpm1mbu$pB5ViX',#6,$,$,#98,#100,$,.FINISH_START.,$);
#610=IFCRELSEQUENCE('7nfJT5gdjtt3FDlVzFLVCn',#6,$,$,#80,#102,$,.FINISH_START.,$);
#611=IFCRELSEQUENCE('X1$TmfmN4bhl9h_Fp7Wdjz',#6,$,$,#90,#102,$,.FINISH_START.,$);
#612=IFCRELSEQUENCE('mdoRaJcXLParqLAlCzWP5n',#6,$,$,#100,#102,$,.FINISH_START.,$);
#613=IFCRELSEQUENCE('Edwp5hxnyn1ZpnlV7XbF7f',#6,$,$,#102,#104,$,.FINISH_START.,$);
#614=IFCRELSEQUENCE('dXxF5l17EbJfL3nXh7azdh',#6,$,$,#104,#106,$,.FINISH_START.,$);
#615=IFCRELSEQUENCE('0H1BJ33$C70nZLknW9Qvvb',#6,$,$,#106,#108,$,.FINISH_START.,$);
#616=IFCRELSEQUENCE('BJTNqd3l9B9zThUndrij_V',#6,$,$,#108,#110,$,.FINISH_START.,$);
#617=IFCRELSEQUENCE('l5HjJzBlpRjf9hcHLvarOL',#6,$,$,#110,#114,$,.FINISH_START.,$);
#618=IFCRELSEQUENCE('$JcJvvNfQ$MzzRO$LZ3Not',#6,$,$,#114,#118,$,.FINISH_START.,$);
#619=IFCRELSEQUENCE('db8VeZd9p5HjY9GXO5oR$N',#6,$,$,#80,#118,$,.FINISH_START.,$);
#620=IFCRELSEQUENCE('tD9DXta1kXDdqnlVxrKJgp',#6,$,$,#118,#120,$,.FINISH_START.,$);
#621=IFCLAGTIME('Lag',.PREDICTED.,$,IFCDURATION('P2D'),.WORKTIME.);
#622=IFCRELSEQUENCE('STmvzLqX3ToBadM$hvi5$D',#6,$,$,#120,#122,#621,.START_START.,$);
#623=IFCRELSEQUENCE('JbTNeZPthPq5J1LlT$zf2V',#6,$,$,#122,#124,$,.FINISH_START.,$);
#624=IFCLAGTIME('Lag',.PREDICTED.,$,IFCDURATION('P2D'),.WORKTIME.);
#625=IFCRELSEQUENCE('kR5n9$67I1NTDn$VsxQp8D',#6,$,$,#124,#126,#624,.START_START.,$);
#626=IFCRELSEQUENCE('o7IHNJjniNUNBD$VcPu$Mt',#6,$,$,#126,#128,$,.FINISH_START.,$);
#627=IFCLAGTIME('Lag',.PREDICTED.,$,IFCDURATION('P2D'),.WORKTIME.);
#628=IFCRELSEQUENCE('wnvTWXh1w3YfH90X93tz1t',#6,$,$,#128,#130,#627,.START_START.,$);
#629=IFCRELSEQUENCE('FdoRyVUFkrFhwXFXTzu$23',#6,$,$,#130,#132,$,.FINISH_START.,$);
#630=IFCLAGTIME('Lag',.PREDICTED.,$,IFCDURATION('P2D'),.WORKTIME.);
#631=IFCRELSEQUENCE('h7aL37Nfc$ILAvsHGXVb$N',#6,$,$,#132,#134,#630,.START_START.,$);
#632=IFCRELSEQUENCE('oLztU9DXtXpPCFP1GFbnn5',#6,$,$,#134,#136,$,.FINISH_START.,$);
#633=IFCLAGTIME('Lag',.PREDICTED.,$,IFCDURATION('P2D'),.WORKTIME.);
#634=IFCRELSEQUENCE('Q$X3EVIHPjg3hfKnwNcpOh',#6,$,$,#136,#138,#633,.START_START.,$);
#635=IFCRELSEQUENCE('F7klrZ8dFT2bxnrltZLlNZ',#6,$,$,#138,#140,$,.FINISH_START.,$);
#636=IFCLAGTIME('Lag',.PREDICTED.,$,IFCDURATION('P2D'),.WORKTIME.);
#637=IFCRELSEQUENCE('0nxV43S$wH0FnJpHJtoVyh',#6,$,$,#140,#142,#636,.START_START.,$);
#638=IFCRELSEQUENCE('KviJr7k9PJg3JDDFfNUhwV',#6,$,$,#142,#144,$,.FINISH_START.,$);
#639=IFCLAGTIME('Lag',.PREDICTED.,$,IFCDURATION('P2D'),.WORKTIME.);
#640=IFCRELSEQUENCE('UzSzQp6vYjQpmhEnEJI$Mf',#6,$,$,#144,#146,#639,.START_START.,$);
#641=IFCRELSEQUENCE('gz1ZajcVLd4p4ZxH4d0v3P',#6,$,$,#146,#148,$,.FINISH_START.,$);
#642=IFCLAGTIME('Lag',.PREDICTED.,$,IFCDURATION('P2D'),.WORKTIME.);
#643=IFCRELSEQUENCE('n7_VihxnCzMFX5mX8zHr0N',#6,$,$,#148,#150,#642,.START_START.,$);
#644=IFCRELSEQUENCE('P1np7h4HNb51yZxHCHZ9yB',#6,$,$,#150,#152,$,.FINISH_START.,$);
#645=IFCLAGTIME('Lag',.PREDICTED.,$,IFCDURATION('P2D'),.WORKTIME.);
#646=IFCRELSEQUENCE('XVh$kle7G3Wl$$nV9znL65',#6,$,$,#152,#154,#645,.START_START.,$);
#647=IFCRELSEQUENCE('9t2V4VcVXvrnjDLH13OVm1',#6,$,$,#154,#156,$,.FINISH_START.,$);
#648=IFCLAGTIME('Lag',.PREDICTED.,$,IFCDURATION('P2D'),.WORKTIME.);
#649=IFCRELSEQUENCE('P1Vz6vMdRBvpCFFVHdqbpl',#6,$,$,#156,#158,#648,.START_START.,$);
#650=IFCRELSEQUENCE('e3lJVj6V551TbhknO5gZJT',#6,$,$,#158,#160,$,.FINISH_START.,$);
#651=IFCLAGTIME('Lag',.PREDICTED.,$,IFCDURATION('P2D'),.WORKTIME.);
#652=IFCRELSEQUENCE('P$Vzw7sPBtEBK1bH2539ab',#6,$,$,#160,#162,#651,.START_START.,$);
#653=IFCRELSEQUENCE('Ap9DfpXdZJaj6pTnsX3tGF',#6,$,$,#162,#164,$,.FINISH_START.,$);
#654=IFCLAGTIME('Lag',.PREDICTED.,$,IFCDURATION('P2D'),.WORKTIME.);
#655=IFCRELSEQUENCE('_FrnHRpFsh$5XnrH1VVRNT',#6,$,$,#164,#166,#654,.START_START.,$);
#656=IFCRELSEQUENCE('6hER4T8Pr38v2PA1DdKJ6V',#6,$,$,#118,#168,$,.START_START.,$);
#657=IFCRELSEQUENCE('CtAvjzz$SBhlNbmX0PSzrz',#6,$,$,#166,#170,$,.FINISH_START.,$);
#658=IFCRELSEQUENCE('nrXLdRA1W5vLwpTnITS3lF',#6,$,$,#168,#172,$,.FINISH_START.,$);
#659=IFCRELSEQUENCE('oB$B7PxXD5vhY391GHHzJ$',#6,$,$,#170,#172,$,.FINISH_START.,$);
#660=IFCRELSEQUENCE('T$lJFhxn0rvpCLYnl7WdvN',#6,$,$,#114,#176,$,.FINISH_START.,$);
#661=IFCRELSEQUENCE('HNm7BPQVbVJ7sd_XZ1b1oN',#6,$,$,#90,#176,$,.FINISH_START.,$);
#662=IFCRELSEQUENCE('7HLHbbpFYvuNRh_FpPCRTf',#6,$,$,#176,#178,$,.FINISH_START.,$);
#663=IFCLAGTIME('Lag',.PREDICTED.,$,IFCDURATION('P2D'),.WORKTIME.);
#664=IFCRELSEQUENCE('3lNjnhbFEHBnRXrFR$$JwR',#6,$,$,#178,#180,#663,.START_START.,$);
#665=IFCRELSEQUENCE('f7aLFFBlr9ATTfO1hztz3d',#6,$,$,#180,#182,$,.FINISH_START.,$);
#666=IFCLAGTIME('Lag',.PREDICTED.,$,IFCDURATION('P2D'),.WORKTIME.);
#667=IFCRELSEQUENCE('D7wtwPA1enajgBw14LNTbX',#6,$,$,#182,#184,#666,.START_START.,$);
#668=IFCRELSEQUENCE('OxyZ8rOvuV61WJHX$T4L6$',#6,$,$,#184,#186,$,.FINISH_START.,$);
#669=IFCLAGTIME('Lag',.PREDICTED.,$,IFCDURATION('P2D'),.WORKTIME.);
#670=IFCRELSEQUENCE('RXZf4VM1gvzvARmXMHxV4P',#6,$,$,#186,#188,#669,.START_START.,$);
#671=IFCRELSEQUENCE('VzS36zy1qPiRl3nX5lJvdL',#6,$,$,#188,#190,$,.FINISH_START.,$);
#672=IFCLAGTIME('Lag',.PREDICTED.,$,IFCDURATION('P2D'),.WORKTIME.);
#673=IFCRELSEQUENCE('U$txUN7trTq5VlVVcP8F1p',#6,$,$,#190,#192,#672,.START_START.,$);
#674=IFCRELSEQUENCE('O5ahDHuvUjcp8NyFvxYLgJ',#6,$,$,#192,#194,$,.FINISH_START.,$);
#675=IFCLAGTIME('Lag',.PREDICTED.,$,IFCDURATION('P2D'),.WORKTIME.);
#676=IFCRELSEQUENCE('AjJPDnylD5Xz5F5HiXZN_Z',#6,$,$,#194,#196,#675,.START_START.,$);
#677=IFCRELSEQUENCE('FhD7v7NNsBzN1VjHjRd5JZ',#6,$,$,#196,#198,$,.FINISH_START.,$);
#678=IFCLAGTIME('Lag',.PREDICTED.,$,IFCDURATION('P2D'),.WORKTIME.);
#679=IFCRELSEQUENCE('MZz9_rmNyFV3l3N$s$XpOz',#6,$,$,#198,#200,#678,.START_START.,$);
#680=IFCRELSEQUENCE('tjhlhDwvUJM3PF$VEpobT9',#6,$,$,#200,#202,$,.FINISH_START.,$);
#681=IFCLAGTIME('Lag',.PREDICTED.,$,IFCDURATION('P2D'),.WORKTIME.);
#682=IFCRELSEQUENCE('Dhb$Ijjne7LHtBw$uLOH5r',#6,$,$,#202,#204,#681,.START_START.,$);
#683=IFCRELSEQUENCE('Jx95wPcXLvm$8t0V3pYLcF',#6,$,$,#204,#206,$,.FINISH_START.,$);
#684=IFCLAGTIME('Lag',.PREDICTED.,$,IFCDURATION('P2D'),.WORKTIME.);
#685=IFCRELSEQUENCE('I94BXJA1a$FLEXLFbRstCn',#6,$,$,#206,#208,#684,.START_START.,$);
#686=IFCRELSEQUENCE('pBHR0nLHbLDdSDN1vbEVGV',#6,$,$,#208,#210,$,.FINISH_START.,$);
#687=IFCLAGTIME('Lag',.PREDICTED.,$,IFCDURATION('P2D'),.WORKTIME.);
#688=IFCRELSEQUENCE('7HTNW$lv45tRBvkFODbnXZ',#6,$,$,#210,#212,#687,.START_START.,$);
#689=IFCRELSEQUENCE('UzSLPbA1G3G1ePw1qz81kd',#6,$,$,#212,#214,$,.FINISH_START.,$);
#690=IFCLAGTIME('Lag',.PREDICTED.,$,IFCDURATION('P2D'),.WORKTIME.);
#691=IFCRELSEQUENCE('vLATKthHrZSr89e1ZXPJ_T',#6,$,$,#214,#216,#690,.START_START.,$);
#692=IFCRELSEQUENCE('nrNJZ52NsNpdSJplVJ2H7x',#6,$,$,#216,#218,$,.FINISH_START.,$);
#693=IFCLAGTIME('Lag',.PREDICTED.,$,IFCDURATION('P2D'),.WORKTIME.);
#694=IFCRELSEQUENCE('1l1BzrePHVkdS7MlgrCpWd',#6,$,$,#218,#220,#693,.START_START.,$);
#695=IFCRELSEQUENCE('1lNJpDtNeFCxzdUXF9s94v',#6,$,$,#220,#222,$,.FINISH_START.,$);
#696=IFCLAGTIME('Lag',.PREDICTED.,$,IFCDURATION('P2D'),.WORKTIME.);
#697=IFCRELSEQUENCE('kNe$EZNfeFKzBds$bxszXd',#6,$,$,#222,#224,#696,.START_START.,$);
#698=IFCRELSEQUENCE('BfM3wPcXnluN$XJldLunDj',#6,$,$,#176,#226,$,.START_START.,$);
#699=IFCRELSEQUENCE('Gdcjj3RnstPJ_dYXntstmV',#6,$,$,#224,#228,$,.FINISH_START.,$);
#700=IFCRELSEQUENCE('mdg3wvI9VvhHz7QHDhVRnX',#6,$,$,#226,#230,$,.FINISH_START.,$);
#701=IFCRELSEQUENCE('Aptpl1H7OlOdqFFVr9UnzL',#6,$,$,#228,#230,$,.FINISH_START.,$);
#702=IFCRELSEQUENCE('kbjvjzBH1NLHdzhn1ZyZbV',#6,$,$,#114,#234,$,.FINISH_START.,$);
#703=IFCRELSEQUENCE('VTm7DDXd$9nhE1XVW9UnrP',#6,$,$,#100,#234,$,.FINISH_START.,$);
#704=IFCRELSEQUENCE('Mz$TC5P9NRDtPHLFNNUL2z',#6,$,$,#234,#236,$,.FINISH_START.,$);
#705=IFCLAGTIME('Lag',.PREDICTED.,$,IFCDURATION('P2D'),.WORKTIME.);
#706=IFCRELSEQUENCE('ZVTf8LalnZYxNbGVGlFZfX',#6,$,$,#236,#238,#705,.START_START.,$);
#707=IFCRELSEQUENCE('exa3UNndjNb$apFVZ3elVv',#6,$,$,#238,#240,$,.FINISH_START.,$);
#708=IFCLAGTIME('Lag',.PREDICTED.,$,IFCDURATION('P2D'),.WORKTIME.);
#709=IFCRELSEQUENCE('T3KbKtZ$krnLAxSnXJk16$',#6,$,$,#240,#242,#708,.START_START.,$);
#710=IFCRELSEQUENCE('5Lg3cJIljhfT7J7$lvu$2V',#6,$,$,#242,#244,$,.FINISH_START.,$);
#711=IFCLAGTIME('Lag',.PREDICTED.,$,IFCDURATION('P2D'),.WORKTIME.);
#712=IFCRELSEQUENCE('8rY$Al7t7NUN3vYn$$BnnR',#6,$,$,#244,#246,#711,.START_START.,$);
#713=IFCRELSEQUENCE('9t2XKfP9bXjvAPM$vbk$Mt',#6,$,$,#246,#248,$,.FINISH_START.,$);
#714=IFCLAGTIME('Lag',.PREDICTED.,$,IFCDURATION('P2D'),.WORKTIME.);
#715=IFCRELSEQUENCE('6ljPj1UfOnKR35inojEVyh',#6,$,$,#248,#250,#714,.START_START.,$);
#716=IFCRELSEQUENCE('oLpvd9hlBZCxPT9113GtKX',#6,$,$,#250,#252,$,.FINISH_START.,$);
#717=IFCLAGTIME('Lag',.PREDICTED.,$,IFCDURATION('P2D'),.WORKTIME.);
#718=IFCRELSEQUENCE('IfuValmN2tU5RB2XdHLlPL',#6,$,$,#252,#254,#717,.START_START.,$);
#719=IFCRELSEQUENCE('rNYh3PB$mZCZbB2XhZR$Id',#6,$,$,#254,#256,$,.FINISH_START.,$);
#720=IFCLAGTIME('Lag',.PREDICTED.,$,IFCDURATION('P2D'),.WORKTIME.);
#721=IFCRELSEQUENCE('ur6tMVzHTjqTl98$5lZ9ez',#6,$,$,#256,#258,#720,.START_START.,$);
#722=IFCRELSEQUENCE('U$V3Q9qV73et71ZFUBj7hD',#6,$,$,#258,#260,$,.FINISH_START.,$);
#723=IFCLAGTIME('Lag',.PREDICTED.,$,IFCDURATION('P2D'),.WORKTIME.);
#724=IFCRELSEQUENCE('3HXLrzaHdvO9jp5HKXJvJV',#6,$,$,#260,#262,#723,.START_START.,$);
#725=IFCRELSEQUENCE('mt4TKLLldv8fDFHX3HlzVv',#6,$,$,#262,#264,$,.FINISH_START.,$);
#726=IFCLAGTIME('Lag',.PREDICTED.,$,IFCDURATION('P2D'),.WORKTIME.);
#727=IFCRELSEQUENCE('8rgdZf1volJfz7_Fh3HBiD',#6,$,$,#264,#266,#726,.START_START.,$);
#728=IFCRELSEQUENCE('rjzt2vlv4FV3rvUn7bQv37',#6,$,$,#266,#268,$,.FINISH_START.,$);
#729=IFCLAGTIME('Lag',.PREDICTED.,$,IFCDURATION('P2D'),.WORKTIME.);
#730=IFCRELSEQUENCE('I9ijlx1dPvm1WJt$m13fkd',#6,$,$,#268,#270,#729,.START_START.,$);
#731=IFCRELSEQUENCE('sjb1MV3lPDkPuNal3FB1w5',#6,$,$,#270,#272,$,.FINISH_START.,$);
#732=IFCLAGTIME('Lag',.PREDICTED.,$,IFCDURATION('P2D'),.WORKTIME.);
#733=IFCRELSEQUENCE('zFp7nhDV$Bb1iXVVoHPxTx',#6,$,$,#272,#274,#732,.START_START.,$);
#734=IFCRELSEQUENCE('jfuFxlfNGpcXc3xncdunNX',#6,$,$,#274,#276,$,.FINISH_START.,$);
#735=IFCLAGTIME('Lag',.PREDICTED.,$,IFCDURATION('P2D'),.WORKTIME.);
#736=IFCRELSEQUENCE('YXRH1dwXTVo7UTZFEnDddv',#6,$,$,#276,#278,#735,.START_START.,$);
#737=IFCRELSEQUENCE('EPI5Yxc7W5Xzlz914rxVSt',#6,$,$,#278,#280,$,.FINISH_START.,$);
#738=IFCLAGTIME('Lag',.PREDICTED.,$,IFCDURATION('P2D'),.WORKTIME.);
#739=IFCRELSEQUENCE('jtiJzB8voHBFPFVXSfUhwR',#6,$,$,#280,#282,#738,.START_START.,$);
#740=IFCRELSEQUENCE('J9qx6dIHxlrFTB2VBDpdXz',#6,$,$,#234,#284,$,.START_START.,$);
#741=IFCRELSEQUENCE('6HxV43S$YJcp4NmVCZqDe3',#6,$,$,#282,#286,$,.FINISH_START.,$);
#742=IFCRELSEQUENCE('WXh1AltN2f_9V5mVYvWdDD',#6,$,$,#284,#288,$,.FINISH_START.,$);
#743=IFCRELSEQUENCE('$jk5_rmN4Hx$CFd1i1FZT5',#6,$,$,#286,#288,$,.FINISH_START.,$);
#744=IFCRELSEQUENCE('H595shpVFZcD0Zd$a9wPNV',#6,$,$,#118,#290,$,.START_START.,$);
#745=IFCRELSEQUENCE('hvqxEVIHtB937VFVb1Nhwb',#6,$,$,#170,#290,$,.FINISH_FINISH.,$);
#746=IFCRELSEQUENCE('$DgPdbIHlXQXAvkna5LXGl',#6,$,$,#172,#292,$,.FINISH_START.,$);
#747=IFCRELSEQUENCE('xr2XCdJFip8vY9mXEpEbvb',#6,$,$,#230,#292,$,.FINISH_START.,$);
#748=IFCRELSEQUENCE('5hk5IJbVRLhlHfKHqndJYD',#6,$,$,#288,#292,$,.FINISH_START.,$);
#749=IFCRELSEQUENCE('uD9pHXDFABjv2jTlqlLl$9',#6,$,$,#170,#298,$,.FINISH_START.,$);
#750=IFCRELSEQUENCE('lN8FZRs10rFhE$N1ZZij2T',#6,$,$,#298,#300,$,.FINISH_START.,$);
#751=IFCRELSEQUENCE('9f2rDjjFmjILklnVl7WPlB',#6,$,$,#300,#302,$,.FINISH_START.,$);
#752=IFCRELSEQUENCE('pP2r3B09zFCT7Dxlaf6J21',#6,$,$,#302,#304,$,.FINISH_START.,$);
#753=IFCRELSEQUENCE('vr_XyzCny5PByZLHNtQvzd',#6,$,$,#170,#306,$,.FINISH_START.,$);
#754=IFCRELSEQUENCE('dRunnBldtrtz1Bg1XFhX09',#6,$,$,#306,#308,$,.FINISH_START.,$);
#755=IFCRELSEQUENCE('f7SzUbcVLdaJkn5lqzu1w1',#6,$,$,#308,#312,$,.FINISH_START.,$);
#756=IFCRELSEQUENCE('oLTfmfOd9hBFzx4ll781EN',#6,$,$,#304,#310,$,.FINISH_START.,$);
#757=IFCRELSEQUENCE('HRz9YxsPjLtzdnlVhZJvvb',#6,$,$,#310,#314,$,.FINISH_START.,$);
#758=IFCRELSEQUENCE('h7Sh9Z79flBFlTLlftMN_1',#6,$,$,#312,#314,$,.FINISH_START.,$);
#759=IFCRELSEQUENCE('7lhHTtDXj9VRHZxlqZqpSt',#6,$,$,#228,#318,$,.FINISH_START.,$);
#760=IFCRELSEQUENCE('aZ0tEzJVpxXzJDRlYPyLYJ',#6,$,$,#318,#320,$,.FINISH_START.,$);
#761=IFCRELSEQUENCE('ObuXG9S$6Z2bDzhFJNYLsZ',#6,$,$,#320,#322,$,.FINISH_START.,$);
#762=IFCRELSEQUENCE('V$txYxw7M7JNBpnVBNUhox',#6,$,$,#322,#324,$,.FINISH_START.,$);
#763=IFCRELSEQUENCE('M7q5ctCVvZqxxRqlsbwPlh',#6,$,$,#228,#326,$,.FINISH_START.,$);
#764=IFCRELSEQUENCE('OR8nHxnvoxdB0T71kzG9S5',#6,$,$,#326,#328,$,.FINISH_START.,$);
#765=IFCRELSEQUENCE('3pMdLJ6VXbDtpZP$SfwJQH',#6,$,$,#328,#332,$,.FINISH_START.,$);
#766=IFCRELSEQUENCE('eTj7NFKnABb1ql3l2xJvRR',#6,$,$,#324,#330,$,.FINISH_START.,$);
#767=IFCRELSEQUENCE('nLxXCRh1_9IhARO$iD_BiD',#6,$,$,#330,#334,$,.FINISH_START.,$);
#768=IFCRELSEQUENCE('FL5Xezz10hJvsPs1vVhVKD',#6,$,$,#332,#334,$,.FINISH_START.,$);
#769=IFCRELSEQUENCE('ChjdrzCnC70nL9WVxLm9Kp',#6,$,$,#286,#338,$,.FINISH_START.,$);
#770=IFCRELSEQUENCE('8DVLZ93$WRhHvpJFVFr$kv',#6,$,$,#338,#340,$,.FINISH_START.,$);
#771=IFCRELSEQUENCE('wrMdPbkll16J_vMlQdmt8j',#6,$,$,#340,#342,$,.FINISH_START.,$);
#772=IFCRELSEQUENCE('5BAvbVTHpdnp43t1q3G9GV',#6,$,$,#342,#344,$,.FINISH_START.,$);
#773=IFCRELSEQUENCE('YTG7fl8v_9Er4ZLl3l$jkr',#6,$,$,#286,#346,$,.FINISH_START.,$);
#774=IFCRELSEQUENCE('4lD7P931yxPBmrM$ZZiJgD',#6,$,$,#346,#348,$,.FINISH_START.,$);
#775=IFCRELSEQUENCE('sfYLhDwv23edqrQ$UBBFdP',#6,$,$,#348,#352,$,.FINISH_START.,$);
#776=IFCRELSEQUENCE('rjDvv7ffcVIPyN8$A5cpeB',#6,$,$,#344,#350,$,.FINISH_START.,$);
#777=IFCRELSEQUENCE('rfoR0FbnQXw1KRiFA5obTf',#6,$,$,#350,#354,$,.FINISH_START.,$);
#778=IFCRELSEQUENCE('Bp$B91MPF3slvpJFJ5bnr7',#6,$,$,#352,#354,$,.FINISH_START.,$);
#779=IFCRELSEQUENCE('G9KbKNP9zZ6jI5mXiVTNIh',#6,$,$,#314,#356,$,.FINISH_START.,$);
#780=IFCRELSEQUENCE('xLYh37Hv0hT9tNmXwJHzB3',#6,$,$,#106,#358,$,.FINISH_START.,$);
#781=IFCRELSEQUENCE('K5$TuDvtHDuNDHRFK$tBeB',#6,$,$,#356,#362,$,.FINISH_START.,$);
#782=IFCRELSEQUENCE('b5Kjd9bFQ1_R7Vd1L3Vbxh',#6,$,$,#362,#364,$,.FINISH_START.,$);
#783=IFCRELSEQUENCE('xHZNujRVLDIdqHRnG$R1kr',#6,$,$,#364,#366,$,.FINISH_START.,$);
#784=IFCRELSEQUENCE('k5dLvhy1eHGVcljHntAtu5',#6,$,$,#366,#368,$,.FINISH_START.,$);
#785=IFCRELSEQUENCE('5HD71zy$8NDdSpXVi1lzDH',#6,$,$,#314,#372,$,.FINISH_START.,$);
#786=IFCLAGTIME('Lag',.PREDICTED.,$,IFCDURATION('P2D'),.WORKTIME.);
#787=IFCRELSEQUENCE('Kb5FXjg$IBFhcTf1zDkxjZ',#6,$,$,#372,#374,#786,.START_START.,$);
#788=IFCRELSEQUENCE('DhxXez5F8Xw10ZXXuheHn$',#6,$,$,#374,#376,$,.FINISH_START.,$);
#789=IFCRELSEQUENCE('JxtxAHXvS$Fho$P1OR6Pj3',#6,$,$,#376,#378,$,.FINISH_START.,$);
#790=IFCRELSEQUENCE('G9ib0l$7kLzfxRqHMLelDF',#6,$,$,#378,#380,$,.FINISH_START.,$);
#791=IFCRELSEQUENCE('7rw9oTP9jhFL2d2X$ZKjEx',#6,$,$,#380,#382,$,.FINISH_START.,$);
#792=IFCRELSEQUENCE('SXbltzhlLpgFJD3Fepz98p',#6,$,$,#382,#384,$,.FINISH_START.,$);
#793=IFCRELSEQUENCE('0l9p5LZ1ondryfu1JRHz5h',#6,$,$,#384,#386,$,.FINISH_START.,$);
#794=IFCRELSEQUENCE('4HR1IDVdL7OtNdA$Z$b$61',#6,$,$,#334,#390,$,.FINISH_START.,$);
#795=IFCLAGTIME('Lag',.PREDICTED.,$,IFCDURATION('P2D'),.WORKTIME.);
#796=IFCRELSEQUENCE('ELz9wTud1BZtdnFX5HLltD',#6,$,$,#390,#392,#795,.START_START.,$);
#797=IFCRELSEQUENCE('rNYL7h41mz8vsvAlW92lB3',#6,$,$,#392,#394,$,.FINISH_START.,$);
#798=IFCRELSEQUENCE('QReHNptNGDQVcljHFfYLkP',#6,$,$,#394,#396,$,.FINISH_START.,$);
#799=IFCRELSEQUENCE('Rb8nRXDnQDWH37onwDJ7Rx',#6,$,$,#396,#398,$,.FINISH_START.,$);
#800=IFCRELSEQUENCE('pvQNyTevylDtdn91xLelFX',#6,$,$,#398,#400,$,.FINISH_START.,$);
#801=IFCRELSEQUENCE('ornxcDktz3UN9L6HHLVRfT',#6,$,$,#400,#402,$,.FINISH_START.,$);
#802=IFCRELSEQUENCE('tNM3ArtNI$NZjXN1AVbn$J',#6,$,$,#402,#404,$,.FINISH_START.,$);
#803=IFCRELSEQUENCE('4pY$wZGfYDIPSdYXPBqbJ$',#6,$,$,#354,#408,$,.FINISH_START.,$);
#804=IFCLAGTIME('Lag',.PREDICTED.,$,IFCDURATION('P2D'),.WORKTIME.);
#805=IFCRELSEQUENCE('0HVh93BlXdlj6Xf$wt6d5F',#6,$,$,#408,#410,#804,.START_START.,$);
#806=IFCRELSEQUENCE('Q5KjB7otX59Rjp5HmFhVmF',#6,$,$,#410,#412,$,.FINISH_START.,$);
#807=IFCRELSEQUENCE('ezfbyX2n8NxXsxClMndjcl',#6,$,$,#412,#414,$,.FINISH_START.,$);
#808=IFCRELSEQUENCE('JbrXmPIlV7bXMBg1JRHzFX',#6,$,$,#414,#416,$,.FINISH_START.,$);
#809=IFCRELSEQUENCE('wrQfCxffUdaJA7gH6Dz9yB',#6,$,$,#416,#418,$,.FINISH_START.,$);
#810=IFCRELSEQUENCE('Z$1Ty3CFWbhHhznX$VVR7x',#6,$,$,#418,#420,$,.FINISH_START.,$);
#811=IFCRELSEQUENCE('DdM3Ilevuf5XI5WV7VTfox',#6,$,$,#420,#422,$,.FINISH_START.,$);
#812=IFCRELSEQUENCE('xhwpnltfwnajUThH71d51p',#6,$,$,#386,#428,$,.FINISH_START.,$);
#813=IFCRELSEQUENCE('KxHJlbr1iJSjIRqF0dyTT5',#6,$,$,#428,#430,$,.FINISH_START.,$);
#814=IFCRELSEQUENCE('T$ljt1E9vt2bR$P$qnFhQr',#6,$,$,#430,#432,$,.FINISH_START.,$);
#815=IFCRELSEQUENCE('dRWfmf09tXj7cFd1CT4TVZ',#6,$,$,#432,#434,$,.FINISH_START.,$);
#816=IFCRELSEQUENCE('U3yZGPcVZDmVEXhF3HvbB3',#6,$,$,#434,#436,$,.FINISH_START.,$);
#817=IFCRELSEQUENCE('dXJvHRL$wle9p3JlXFr1k7',#6,$,$,#436,#438,$,.FINISH_START.,$);
#818=IFCRELSEQUENCE('2HnxAFrl33UNlfKluTZtKj',#6,$,$,#438,#440,$,.FINISH_START.,$);
#819=IFCRELSEQUENCE('TXz9IlW9vZaBmLYnDr5VCH',#6,$,$,#440,#442,$,.FINISH_START.,$);
#820=IFCRELSEQUENCE('UzyBVp2NQX_tlTbHUvm9qZ',#6,$,$,#404,#446,$,.FINISH_START.,$);
#821=IFCRELSEQUENCE('bR8ndfVvqZwJARu$jb7bhp',#6,$,$,#446,#448,$,.FINISH_START.,$);
#822=IFCRELSEQUENCE('U3yBzh4HpxlJ6pbHglT9q3',#6,$,$,#448,#450,$,.FINISH_START.,$);
#823=IFCRELSEQUENCE('s9sv$ZOd1NhlNbmX29MN2z',#6,$,$,#450,#452,$,.FINISH_START.,$);
#824=IFCRELSEQUENCE('WXBX8JjnmT4Lk5O$KpAzj$',#6,$,$,#452,#454,$,.FINISH_START.,$);
#825=IFCRELSEQUENCE('Jxnp9ZVvSrxV2JTliXxlpH',#6,$,$,#454,#456,$,.FINISH_START.,$);
#826=IFCRELSEQUENCE('$HXL5B$vEndBmBA$fNYhw$',#6,$,$,#456,#458,$,.FINISH_START.,$);
#827=IFCRELSEQUENCE('T3KJfH09v9Eri1jFvbAtCT',#6,$,$,#458,#460,$,.FINISH_START.,$);
#828=IFCRELSEQUENCE('3H9p17c7e7JfPzjlFtYFzr',#6,$,$,#422,#464,$,.FINISH_START.,$);
#829=IFCRELSEQUENCE('2jg3ALLlXRJfT9aHt7qRbb',#6,$,$,#464,#466,$,.FINISH_START.,$);
#830=IFCRELSEQUENCE('n7MPtZdtTpG18tu1Mrqb37',#6,$,$,#466,#468,$,.FINISH_START.,$);
#831=IFCRELSEQUENCE('PbWN8BmfSVR1ufKFA1XpSR',#6,$,$,#468,#470,$,.FINISH_START.,$);
#832=IFCRELSEQUENCE('OZj7b$fNEbx$yZpn$Zi5pJ',#6,$,$,#470,#472,$,.FINISH_START.,$);
#833=IFCRELSEQUENCE('ORuVSDcvu$YxZ9SF7$vbJ1',#6,$,$,#472,#474,$,.FINISH_START.,$);
#834=IFCRELSEQUENCE('5F9pRb5X5nlj6JN$2NI5b1',#6,$,$,#474,#476,$,.FINISH_START.,$);
#835=IFCRELSEQUENCE('TZmPRbh$g5NxnvYnn9EVaN',#6,$,$,#476,#478,$,.FINISH_START.,$);
#836=IFCRELSEQUENCE('zFb$sBHd7Ziz1r_VVDgZ5l',#6,$,$,#356,#480,$,.FINISH_START.,$);
#837=IFCRELSEQUENCE('oBvZe5AdPpMFL9e19vixrv',#6,$,$,#480,#482,$,.FINISH_START.,$);
#838=IFCRELSEQUENCE('0lPzsL5FmJYx7jv1VHNhoN',#6,$,$,#480,#484,$,.FINISH_START.,$);
#839=IFCRELSEQUENCE('n72Vm7QvShdJs5KFMLunxF',#6,$,$,#484,#486,$,.FINISH_START.,$);
#840=IFCRELSEQUENCE('bbmd$PQXvzePWD5H07WPzr',#6,$,$,#486,#488,$,.FINISH_START.,$);
#841=IFCRELSEQUENCE('$joRGPIH9rXbHZLHXJI1Iv',#6,$,$,#488,#490,$,.FINISH_START.,$);
#842=IFCRELSEQUENCE('Ozt5IpfNALvDqlTlCHb$YH',#6,$,$,#490,#492,$,.FINISH_START.,$);
#843=IFCRELSEQUENCE('vLYh3PRVlD8NJ$3nSb$jAZ',#6,$,$,#358,#496,$,.FINISH_START.,$);
#844=IFCRELSEQUENCE('db8XGdcV7Z4pu9GX0PKjIB',#6,$,$,#496,#498,$,.FINISH_START.,$);
#845=IFCRELSEQUENCE('phb$YfndRhb$KxO$nx390t',#6,$,$,#498,#500,$,.FINISH_START.,$);
#846=IFCRELSEQUENCE('bVJ7HbRXt$XbrPA$DvuFf$',#6,$,$,#500,#502,$,.FINISH_START.,$);
#847=IFCRELSEQUENCE('W$HjpJL1o51Tvjf$A1vb9j',#6,$,$,#502,#504,$,.FINISH_START.,$);
#848=IFCRELSEQUENCE('MZxnHRjF0hR18lVVkX15vt',#6,$,$,#504,#506,$,.FINISH_START.,$);
#849=IFCRELSEQUENCE('8LcJVpUfG3WH1XZH8TpPpp',#6,$,$,#506,#508,$,.FINISH_START.,$);
#850=IFCRELSEQUENCE('PVL1YRQV19t3Xx0VjbtrS5',#6,$,$,#508,#510,$,.FINISH_START.,$);
#851=IFCRELSEQUENCE('X3iRiftfIX5XcTt1j9YFxl',#6,$,$,#510,#512,$,.FINISH_START.,$);
#852=IFCRELSEQUENCE('wnFxcDktvZyDGR8$MFNZ1D',#6,$,$,#512,#514,$,.FINISH_START.,$);
#853=IFCRELSEQUENCE('NZ5FHxNNY7m$Sd6$O5gZDJ',#6,$,$,#514,#516,$,.FINISH_START.,$);
#854=IFCRELSEQUENCE('ujrFHxtN4nnpuHHVftYnL9',#6,$,$,#516,#518,$,.FINISH_START.,$);
#855=IFCRELSEQUENCE('h7iRiBHd$f5VInxlyPOlX7',#6,$,$,#518,#520,$,.FINISH_START.,$);
#856=IFCRELSEQUENCE('jf8XObwXdPaj_JpHxhWdtF',#6,$,$,#520,#522,$,.START_FINISH.,$);
#857=IFCRELSEQUENCE('NvaLLp67cjizR$VXK1nTZx',#6,$,$,#520,#524,$,.FINISH_START.,$);
#858=IFCRELSEQUENCE('K5VzY5AdBtcDa72F7VhX8p',#6,$,$,#524,#526,$,.FINISH_START.,$);
#859=IFCRELSEQUENCE('ELBFRXzHtrfZbL_FNtwd5H',#6,$,$,#526,#528,$,.FINISH_START.,$);
#860=IFCRELSEQUENCE('EBHb8Jr$4R51aPQ$_5xHDF',#6,$,$,#526,#530,$,.FINISH_START.,$);
#861=IFCRELSEQUENCE('Lvijb1HvGD_tDZd1mnz9mn',#6,$,$,#530,#532,$,.FINISH_START.,$);
#862=IFCRELSEQUENCE('c1npbRJFOP7L2vEn6JP5Xz',#6,$,$,#532,#534,$,.FINISH_START.,$);
#863=IFCRELSEQUENCE('ynNJvP5VxFX3FjhFh3lr8D',#6,$,$,#534,#536,$,.FINISH_START.,$);
#864=IFCRELSEQUENCE('ebO$cpYfGDo7sRmXcZhlLp',#6,$,$,#536,#538,$,.FINISH_START.,$);
#865=IFCRELSEQUENCE('ADvZ4ZOdDR5$qLcHLvCDub',#6,$,$,#522,#538,$,.FINISH_START.,$);
#866=IFCRELSEQUENCE('Z$VzkFKFUParWD3F4duntH',#6,$,$,#528,#538,$,.FINISH_START.,$);
#867=IFCRELSEQUENCE('nP6pzP5XpbD9PnP$ORk1cB',#6,$,$,#442,#542,$,.FINISH_START.,$);
#868=IFCRELSEQUENCE('QXL$Al9NERJNLZzFydelVd',#6,$,$,#538,#542,$,.FINISH_START.,$);
#869=IFCRELSEQUENCE('DPsT0nz14x1TDnlXlLlre3',#6,$,$,#460,#544,$,.FINISH_START.,$);
#870=IFCRELSEQUENCE('1JYLrTed33Alxxu1vbwPnb',#6,$,$,#538,#544,$,.FINISH_START.,$);
#871=IFCRELSEQUENCE('AtQf0HlPrtg3lZDFh393NZ',#6,$,$,#478,#546,$,.FINISH_START.,$);
#872=IFCRELSEQUENCE('GPM36PUFgbx1uHP$bx2ra5',#6,$,$,#538,#546,$,.FINISH_START.,$);
#873=IFCRELSEQUENCE('YXh16Ps1GJIhsR81BtMfwV',#6,$,$,#538,#548,$,.FINISH_START.,$);
#874=IFCRELSEQUENCE('ivahVfGfylp9TBw1CTKjwX',#6,$,$,#548,#552,$,.FINISH_START.,$);
#875=IFCRELSEQUENCE('lNGvjzpXVxXzzbu$9Zhlv5',#6,$,$,#552,#550,$,.FINISH_START.,$);
#876=IFCRELSEQUENCE('vljPxhDXLDsHrJBF7xkxFR',#6,$,$,#550,#554,$,.FINISH_START.,$);
#877=IFCRELSEQUENCE('4pIHNDfNA9NZjV91iVr1kr',#6,$,$,#554,#556,$,.FINISH_START.,$);
#878=IFCRELSEQUENCE('P$1ZW1d9Tp8N7DJF5Hb$YJ',#6,$,$,#556,#558,$,.FINISH_START.,$);
#879=IFCRELSEQUENCE('1Jg3MVZld7WHjXFX75gTN1',#6,$,$,#110,#560,$,.FINISH_START.,$);
#880=IFCRELSEQUENCE('W$XzYtrlR193dnv$EjYFv9',#6,$,$,#560,#292,$,.FINISH_START.,$);
#881=IFCCREWRESOURCE('1DwtM$fN_N29zbe1m1Ll3d',#6,'Structural works crew','Overarching structural works crew',$,$,$,$,.USERDEFINED.);
#882=IFCLABORRESOURCE('H57rNFCVf5f5z7_n3H7b1f',#6,'Steel fixers',$,$,$,$,$,.USERDEFINED.);
#883=IFCLABORRESOURCE('KPG7zLqne7LHndQ1oH9reL',#6,'Carpenters',$,$,$,$,$,.USERDEFINED.);
#884=IFCCONSTRUCTIONEQUIPMENTRESOURCE('NZ5n9VQVRVjv_jRn83djsP',#6,'Tower crane','One tower crane; a second crane is added later',$,$,$,$,.USERDEFINED.);
#885=IFCCONSTRUCTIONMATERIALRESOURCE('ov_V8D$PxbhltL2FbxcpmF',#6,'Concrete C30/37',$,$,$,$,$,.USERDEFINED.);
#886=IFCSUBCONTRACTRESOURCE('pLLHXfmNox$TXHXXQZhHn$',#6,'Facade contractor',$,$,$,$,$,.USERDEFINED.);
#887=IFCSUBCONTRACTRESOURCE('3HNJfnSlt1Vbfds17XDPLN',#6,'Lift supplier',$,$,$,$,$,.USERDEFINED.);
#888=IFCLABORRESOURCE('7nHRGN0tt$NZtBoX8LmteT',#6,'Plasterers','One plastering crew for three towers — deliberately tight (bottleneck 2 of 2)',$,$,$,$,.USERDEFINED.);
#889=IFCLABORRESOURCE('_p6t_7H70BVR35qFqF151J',#6,'Tilers',$,$,$,$,$,.USERDEFINED.);
#890=IFCLABORRESOURCE('9tY1M$nvsLHruf4Fb$9r0f',#6,'Kitchen fitters',$,$,$,$,$,.USERDEFINED.);
#891=IFCLABORRESOURCE('7rEFj3Z129QDGLMlMr4TxF',#6,'MEP fitters',$,$,$,$,$,.USERDEFINED.);
#892=IFCLABORRESOURCE('FrXhHVDFUP4DCFlVD7m9Wd',#6,'Painters',$,$,$,$,$,.USERDEFINED.);
#893=IFCPROPERTYSINGLEVALUE('MaxUnits',$,IFCREAL(6),$);
#894=IFCPROPERTYSINGLEVALUE('CostPerHour',$,IFCMONETARYMEASURE(44),$);
#895=IFCPROPERTYSINGLEVALUE('ParentGuid',$,IFCTEXT('1DwtM$fN_N29zbe1m1Ll3d'),$);
#896=IFCPROPERTYSET('zHvZuLCXDxX3dF$XsVhXC3',#6,'OPS_Resource',$,(#893,#894,#895));
#897=IFCRELDEFINESBYPROPERTIES('Ajb$g5ffobRX2JrFLv4Z3L',#6,$,$,(#882),#896);
#898=IFCPROPERTYSINGLEVALUE('MaxUnits',$,IFCREAL(12),$);
#899=IFCPROPERTYSINGLEVALUE('CostPerHour',$,IFCMONETARYMEASURE(45),$);
#900=IFCPROPERTYSET('eZh$w3qnynNxT9ylZTijUJ',#6,'OPS_Resource',$,(#898,#899));
#901=IFCRELDEFINESBYPROPERTIES('HRBVSp_N63ovwJ91aRfhMp',#6,$,$,(#883),#900);
#902=IFCPROPERTYSINGLEVALUE('CostPerHour',$,IFCMONETARYMEASURE(120),$);
#903=IFCPROPERTYSINGLEVALUE('AvailabilitySteps',$,IFCTEXT('2027-08-30:2'),$);
#904=IFCPROPERTYSET('3jQJB7o9flBF1hQHTZSzrT',#6,'OPS_Resource',$,(#902,#903));
#905=IFCRELDEFINESBYPROPERTIES('4n$BdtJVDRhHlfyF3Dk5Z5',#6,$,$,(#884),#904);
#906=IFCPROPERTYSINGLEVALUE('MaxUnits',$,IFCREAL(999),$);
#907=IFCPROPERTYSINGLEVALUE('UnitOfMeasure',$,IFCLABEL('m³'),$);
#908=IFCPROPERTYSET('6lBnvPbVlpe9D3RneRs90f',#6,'OPS_Resource',$,(#906,#907));
#909=IFCRELDEFINESBYPROPERTIES('pBF5cDotJN5VUz91eJvbj1',#6,$,$,(#885),#908);
#910=IFCPROPERTYSINGLEVALUE('MaxUnits',$,IFCREAL(6),$);
#911=IFCPROPERTYSINGLEVALUE('CostPerHour',$,IFCMONETARYMEASURE(60),$);
#912=IFCPROPERTYSET('V$XzwTWtjrR1Sv6HZVvp4L',#6,'OPS_Resource',$,(#910,#911));
#913=IFCRELDEFINESBYPROPERTIES('O3PhvLS1oFPrapf$HPKxf$',#6,$,$,(#886),#912);
#914=IFCPROPERTYSINGLEVALUE('MaxUnits',$,IFCREAL(3),$);
#915=IFCPROPERTYSINGLEVALUE('CostPerHour',$,IFCMONETARYMEASURE(90),$);
#916=IFCPROPERTYSET('Nv4Br767kBtz1LInuzPjob',#6,'OPS_Resource',$,(#914,#915));
#917=IFCRELDEFINESBYPROPERTIES('YTmdH$PtpRRXMfe$WNUh_$',#6,$,$,(#887),#916);
#918=IFCPROPERTYSINGLEVALUE('MaxUnits',$,IFCREAL(3),$);
#919=IFCPROPERTYSINGLEVALUE('CostPerHour',$,IFCMONETARYMEASURE(42),$);
#920=IFCPROPERTYSET('R5KJLtiFYdqZf5Sn9du1sz',#6,'OPS_Resource',$,(#918,#919));
#921=IFCRELDEFINESBYPROPERTIES('YVxF7vXddDgF1BQ$sbk$wX',#6,$,$,(#888),#920);
#922=IFCPROPERTYSINGLEVALUE('MaxUnits',$,IFCREAL(15),$);
#923=IFCPROPERTYSINGLEVALUE('CostPerHour',$,IFCMONETARYMEASURE(43),$);
#924=IFCPROPERTYSET('IfG7dNP9xFnDyNO13lHzlF',#6,'OPS_Resource',$,(#922,#923));
#925=IFCRELDEFINESBYPROPERTIES('PxqpxhZ1s9$5vpzFml1jwx',#6,$,$,(#889),#924);
#926=IFCPROPERTYSINGLEVALUE('MaxUnits',$,IFCREAL(9),$);
#927=IFCPROPERTYSINGLEVALUE('CostPerHour',$,IFCMONETARYMEASURE(46),$);
#928=IFCPROPERTYSET('rDF5_PZlrz0nttCHMlZtOT',#6,'OPS_Resource',$,(#926,#927));
#929=IFCRELDEFINESBYPROPERTIES('kf0tUR6XB3edqrs$ZVdjUH',#6,$,$,(#890),#928);
#930=IFCPROPERTYSINGLEVALUE('MaxUnits',$,IFCREAL(18),$);
#931=IFCPROPERTYSINGLEVALUE('CostPerHour',$,IFCMONETARYMEASURE(48),$);
#932=IFCPROPERTYSET('pr1rVJM1Ah7D0ZFV93Vbtj',#6,'OPS_Resource',$,(#930,#931));
#933=IFCRELDEFINESBYPROPERTIES('KP8Fh9S1c12RTrQ1gBazBT',#6,$,$,(#891),#932);
#934=IFCPROPERTYSINGLEVALUE('MaxUnits',$,IFCREAL(15),$);
#935=IFCPROPERTYSINGLEVALUE('CostPerHour',$,IFCMONETARYMEASURE(38),$);
#936=IFCPROPERTYSET('ZV3tMbxXHXov_P2X$38nh9',#6,'OPS_Resource',$,(#934,#935));
#937=IFCRELDEFINESBYPROPERTIES('gTBXy3SHB3Wlxxe1XjUnTx',#6,$,$,(#892),#936);
#938=IFCRELNESTS('7LATebolDvrnR191Rbk1cF',#6,'Ploeg Structural works crew',$,#881,(#882));
#939=IFCTIMEPERIOD('07:00:00','15:00:00');
#940=IFCRECURRENCEPATTERN(.WEEKLY.,$,(1,2,3,4,5),$,$,$,$,(#939));
#941=IFCWORKTIME('Standaard werkweek',.PREDICTED.,$,#940,$,$);
#942=IFCWORKTIME('New Year''s Day',.PREDICTED.,$,$,'2027-01-01','2027-01-01');
#943=IFCWORKTIME('Good Friday',.PREDICTED.,$,$,'2027-03-26','2027-03-26');
#944=IFCWORKTIME('Easter',.PREDICTED.,$,$,'2027-03-28','2027-03-29');
#945=IFCWORKTIME('King''s Day',.PREDICTED.,$,$,'2027-04-27','2027-04-27');
#946=IFCWORKTIME('Liberation Day',.PREDICTED.,$,$,'2027-05-05','2027-05-05');
#947=IFCWORKTIME('Ascension Day',.PREDICTED.,$,$,'2027-05-06','2027-05-06');
#948=IFCWORKTIME('Whitsun',.PREDICTED.,$,$,'2027-05-16','2027-05-17');
#949=IFCWORKTIME('Christmas',.PREDICTED.,$,$,'2027-12-25','2027-12-26');
#950=IFCWORKTIME('Construction holiday (northern region)',.PREDICTED.,$,$,'2027-07-26','2027-08-15');
#951=IFCWORKTIME('New Year''s Day',.PREDICTED.,$,$,'2028-01-01','2028-01-01');
#952=IFCWORKTIME('Good Friday',.PREDICTED.,$,$,'2028-04-14','2028-04-14');
#953=IFCWORKTIME('Easter',.PREDICTED.,$,$,'2028-04-16','2028-04-17');
#954=IFCWORKTIME('King''s Day',.PREDICTED.,$,$,'2028-04-27','2028-04-27');
#955=IFCWORKTIME('Liberation Day',.PREDICTED.,$,$,'2028-05-05','2028-05-05');
#956=IFCWORKTIME('Ascension Day',.PREDICTED.,$,$,'2028-05-25','2028-05-25');
#957=IFCWORKTIME('Whitsun',.PREDICTED.,$,$,'2028-06-04','2028-06-05');
#958=IFCWORKTIME('Christmas',.PREDICTED.,$,$,'2028-12-25','2028-12-26');
#959=IFCWORKTIME('Construction holiday (northern region)',.PREDICTED.,$,$,'2028-07-24','2028-08-13');
#960=IFCWORKCALENDAR('ndMz6TmfyR3v2jDHxBCpeZ',#6,'Hourly calendar, rebar fixing & pouring','Mon-Fri 07:00-15:00, hourly precision for reinforcement/concrete (phase 2.10, wave 2).',$,(#941),(#942,#943,#944,#945,#946,#947,#948,#949,#950,#951,#952,#953,#954,#955,#956,#957,#958,#959),.FIRSTSHIFT.);
#961=IFCRELASSIGNSTOCONTROL('_nztoX2nOHWHxx8$Xll3fT',#6,$,$,(#74,#76,#78,#80,#84,#86,#88,#90,#94,#96,#98,#100),$,#960);
#962=IFCRELASSIGNSTOPROCESS('gTjvZRIHTDGXUfiFA$l337',#6,$,$,(#885),$,#70,$);
#963=IFCRELASSIGNSTOPROCESS('R$V3wT09bLzN5xe1dHjvBZ',#6,$,$,(#885),$,#76,$);
#964=IFCRELASSIGNSTOPROCESS('V1$Z0FpXnzcXI50VBNgT7f',#6,$,$,(#885),$,#80,$);
#965=IFCRELASSIGNSTOPROCESS('m7EnnrfN0h3fltO$yhvpCT',#6,$,$,(#885),$,#86,$);
#966=IFCRELASSIGNSTOPROCESS('TTG7t$E9xR3vsRmXKDYhER',#6,$,$,(#885),$,#90,$);
#967=IFCRELASSIGNSTOPROCESS('Eh5VGNmN4nnpCFlX7V5HPh',#6,$,$,(#885),$,#96,$);
#968=IFCRELASSIGNSTOPROCESS('AfM3sB79ljqZthQHrNEb37',#6,$,$,(#885),$,#100,$);
#969=IFCRELASSIGNSTOPROCESS('xFdzAlFdNFlJkxWXZXt3j$',#6,$,$,(#885),$,#106,$);
#970=IFCRELASSIGNSTOPROCESS('NdGvJZXvKfMnxH7$FNIxpp',#6,$,$,(#885),$,#118,$);
#971=IFCRELASSIGNSTOPROCESS('aVL1EXoHXRx1ul$X4L15lr',#6,$,$,(#882,#884),$,#120,$);
#972=IFCRELASSIGNSTOPROCESS('STGPnllPdpsHxbyn3jgNE5',#6,$,$,(#883,#884),$,#122,$);
#973=IFCRELASSIGNSTOPROCESS('HRpP93pVrTyhUNSlF5pPPv',#6,$,$,(#882,#884),$,#124,$);
#974=IFCRELASSIGNSTOPROCESS('T3azU9z$KpePixu$v5Yh_V',#6,$,$,(#883,#884),$,#126,$);
#975=IFCRELASSIGNSTOPROCESS('DPkxETvtXRbXgtyFzDIx3L',#6,$,$,(#882,#884),$,#128,$);
#976=IFCRELASSIGNSTOPROCESS('TTe$Yf79RLb18nJnHdKxf1',#6,$,$,(#883,#884),$,#130,$);
#977=IFCRELASSIGNSTOPROCESS('wrkHBz4$Ol8f9rkXkVnhkL',#6,$,$,(#882,#884),$,#132,$);
#978=IFCRELASSIGNSTOPROCESS('pdwprzCFqz61mb81ZTSztJ',#6,$,$,(#883,#884),$,#134,$);
#979=IFCRELASSIGNSTOPROCESS('NzX3cJcVHVEvUTrHt39ztp',#6,$,$,(#882,#884),$,#136,$);
#980=IFCRELASSIGNSTOPROCESS('Y1lJLf876Zwj6jf$UL$xDj',#6,$,$,(#883,#884),$,#138,$);
#981=IFCRELASSIGNSTOPROCESS('d$dL3v$PRL5XwX1V8TR1MJ',#6,$,$,(#882,#884),$,#140,$);
#982=IFCRELASSIGNSTOPROCESS('1FJPtZtfgRp9$BEVOpLVez',#6,$,$,(#883,#884),$,#142,$);
#983=IFCRELASSIGNSTOPROCESS('1FjPrTePRX3NhznXBfAzLD',#6,$,$,(#882,#884),$,#144,$);
#984=IFCRELASSIGNSTOPROCESS('c5ShXfuvsB3NfbWV3nhXWd',#6,$,$,(#883,#884),$,#146,$);
#985=IFCRELASSIGNSTOPROCESS('tjrFtXkldJ6JwJ9$iXbFN1',#6,$,$,(#882,#884),$,#148,$);
#986=IFCRELASSIGNSTOPROCESS('MZJv7vNfkBVb3RGVsRUnZ5',#6,$,$,(#883,#884),$,#150,$);
#987=IFCRELASSIGNSTOPROCESS('or9D$P2FKDm149yFDhvD4P',#6,$,$,(#882,#884),$,#152,$);
#988=IFCRELASSIGNSTOPROCESS('9JR1EZd9FHu7YtGVoFr$kv',#6,$,$,(#883,#884),$,#154,$);
#989=IFCRELASSIGNSTOPROCESS('yntpJ1otvfgnfPg$xFXb9J',#6,$,$,(#882,#884),$,#156,$);
#990=IFCRELASSIGNSTOPROCESS('JbrXCPh1gdFp8tmVyrT9W7',#6,$,$,(#883,#884),$,#158,$);
#991=IFCRELASSIGNSTOPROCESS('M31TCxffkVR1O1t$v1VpCZ',#6,$,$,(#882,#884),$,#160,$);
#992=IFCRELASSIGNSTOPROCESS('dROHxrVvKfgF71bHQz9zFV',#6,$,$,(#883,#884),$,#162,$);
#993=IFCRELASSIGNSTOPROCESS('nB9DJX6XZXgnLNKn_bP5jT',#6,$,$,(#882,#884),$,#164,$);
#994=IFCRELASSIGNSTOPROCESS('gPuVKBvt3lm1eXhF5BCD8R',#6,$,$,(#883,#884),$,#166,$);
#995=IFCRELASSIGNSTOPROCESS('ltq5Yx_fstXbL9e$8B4Lkv',#6,$,$,(#883),$,#168,$);
#996=IFCRELASSIGNSTOPROCESS('Q5a3YxItp5NxzdA1F5jv$f',#6,$,$,(#883,#884),$,#170,$);
#997=IFCRELASSIGNSTOPROCESS('S1txkH0tbhb$e7UFL7Sz1N',#6,$,$,(#885),$,#176,$);
#998=IFCRELASSIGNSTOPROCESS('RxKRW1Ptb1FLcTHVrJPxzB',#6,$,$,(#882,#884),$,#178,$);
#999=IFCRELASSIGNSTOPROCESS('yHjPpnyHTjqZd3DHft_lnX',#6,$,$,(#883,#884),$,#180,$);
#1000=IFCRELASSIGNSTOPROCESS('MdG7VDsPVd7hgrYX9ZzNgD',#6,$,$,(#882,#884),$,#182,$);
#1001=IFCRELASSIGNSTOPROCESS('GP2rHxNf23GVEXxncdGN61',#6,$,$,(#883,#884),$,#184,$);
#1002=IFCRELASSIGNSTOPROCESS('dXTNGf0tznyLUfqFyBTt85',#6,$,$,(#882,#884),$,#186,$);
#1003=IFCRELASSIGNSTOPROCESS('ohb1M$PtrtsZbh_n5rijcr',#6,$,$,(#883,#884),$,#188,$);
#1004=IFCRELASSIGNSTOPROCESS('zl$rfny$OdPrytKFYLPJM9',#6,$,$,(#882,#884),$,#190,$);
#1005=IFCRELASSIGNSTOPROCESS('8JxX0nhHdPC5nvonQzNZ5n',#6,$,$,(#883,#884),$,#192,$);
#1006=IFCRELASSIGNSTOPROCESS('P5KRyV_nit6jMhIn8z7D8p',#6,$,$,(#882,#884),$,#194,$);
#1007=IFCRELASSIGNSTOPROCESS('L74TG94ltLR1yzf1wDbnDD',#6,$,$,(#883,#884),$,#196,$);
#1008=IFCRELASSIGNSTOPROCESS('2jM3_7dtjhHruH$XOjNhYF',#6,$,$,(#882,#884),$,#198,$);
#1009=IFCRELASSIGNSTOPROCESS('JtKjzhqVzzAHXl9$yLXbDn',#6,$,$,(#883,#884),$,#200,$);
#1010=IFCRELASSIGNSTOPROCESS('99s7dN$vMv37sPIVUPKJMJ',#6,$,$,(#882,#884),$,#202,$);
#1011=IFCRELASSIGNSTOPROCESS('CNATyXQVX7z7MrkX29YFN1',#6,$,$,(#883,#884),$,#204,$);
#1012=IFCRELASSIGNSTOPROCESS('vLI5Y9bFgxN5tBc1kZazJ$',#6,$,$,(#882,#884),$,#206,$);
#1013=IFCRELASSIGNSTOPROCESS('JxlJT5APlXEvcZf1Bf_B09',#6,$,$,(#883,#884),$,#208,$);
#1014=IFCRELASSIGNSTOPROCESS('KRL$63ylvTaJ_7_nvXB$s3',#6,$,$,(#882,#884),$,#210,$);
#1015=IFCRELASSIGNSTOPROCESS('STmPR5n7IV3f$V3l2bNhE9',#6,$,$,(#883,#884),$,#212,$);
#1016=IFCRELASSIGNSTOPROCESS('phTfajYngbx1Wp3FyBzN6x',#6,$,$,(#882,#884),$,#214,$);
#1017=IFCRELASSIGNSTOPROCESS('c5yTi9jVLv8NTfO$PnHBqz',#6,$,$,(#883,#884),$,#216,$);
#1018=IFCRELASSIGNSTOPROCESS('d5Kb0lXva$FhclDlBpxlJ1',#6,$,$,(#882,#884),$,#218,$);
#1019=IFCRELASSIGNSTOPROCESS('0FZNWXxXjrR$SjBFnNk5R1',#6,$,$,(#883,#884),$,#220,$);
#1020=IFCRELASSIGNSTOPROCESS('2psvFLjXfbLHLznX5lTteL',#6,$,$,(#882,#884),$,#222,$);
#1021=IFCRELASSIGNSTOPROCESS('uJBFXjcVz3QXUZxH8BCp4P',#6,$,$,(#883,#884),$,#224,$);
#1022=IFCRELASSIGNSTOPROCESS('P1FDJVYn6F4DK5GVmnZNw1',#6,$,$,(#883),$,#226,$);
#1023=IFCRELASSIGNSTOPROCESS('TTe1ETffq7ePyfu$6J9BCl',#6,$,$,(#883,#884),$,#228,$);
#1024=IFCRELASSIGNSTOPROCESS('RbmdhDQ74l5$CFf$Jb9BqF',#6,$,$,(#885),$,#234,$);
#1025=IFCRELASSIGNSTOPROCESS('cxyrnBndRrVbZrkVgFPjUj',#6,$,$,(#882,#884),$,#236,$);
#1026=IFCRELASSIGNSTOPROCESS('uplb8BmNsBDdCFFVh7ijsv',#6,$,$,(#883,#884),$,#238,$);
#1027=IFCRELASSIGNSTOPROCESS('ix95UbEHJ9PJUz91qZSriJ',#6,$,$,(#882,#884),$,#240,$);
#1028=IFCRELASSIGNSTOPROCESS('a1FpfpVdVd9b7V1XO5I5Jz',#6,$,$,(#883,#884),$,#242,$);
#1029=IFCRELASSIGNSTOPROCESS('8JBFXDEt$LFLgrw$ClR$MN',#6,$,$,(#882,#884),$,#244,$);
#1030=IFCRELASSIGNSTOPROCESS('$HF5EXg1Y78vcn91vXLVuJ',#6,$,$,(#883,#884),$,#246,$);
#1031=IFCRELASSIGNSTOPROCESS('bVj7bVbX5x7hQZFX3DYhAv',#6,$,$,(#882,#884),$,#248,$);
#1032=IFCRELASSIGNSTOPROCESS('HfWfiBHP5HRVAd61qHzf2T',#6,$,$,(#883,#884),$,#250,$);
#1033=IFCRELASSIGNSTOPROCESS('s9AvFBtN6zYN550XFfYLYl',#6,$,$,(#882,#884),$,#252,$);
#1034=IFCRELASSIGNSTOPROCESS('UT09YbEHT$ILc3Rn8zXbn1',#6,$,$,(#883,#884),$,#254,$);
#1035=IFCRELASSIGNSTOPROCESS('vroFdtjXpRDtdlxFA1NLYp',#6,$,$,(#882,#884),$,#256,$);
#1036=IFCRELASSIGNSTOPROCESS('s9_ViLjXdDAHJVt$epZNcL',#6,$,$,(#883,#884),$,#258,$);
#1037=IFCRELASSIGNSTOPROCESS('QbmP3dZlB3ePi50XTZCRfT',#6,$,$,(#882,#884),$,#260,$);
#1038=IFCRELASSIGNSTOPROCESS('UXTfSpgPP7etbXplrjVDmV',#6,$,$,(#883,#884),$,#262,$);
#1039=IFCRELASSIGNSTOPROCESS('rjLlfDd9jrxV2JbFmnpd7f',#6,$,$,(#882,#884),$,#264,$);
#1040=IFCRELASSIGNSTOPROCESS('2DEnB72Nk$VbnJZlmlNhw$',#6,$,$,(#883,#884),$,#266,$);
#1041=IFCRELASSIGNSTOPROCESS('bxCpX9iXbLJvQHxFoHdxLN',#6,$,$,(#882,#884),$,#268,$);
#1042=IFCRELASSIGNSTOPROCESS('4nfjzBGNcVAHrJBntTjvFX',#6,$,$,(#883,#884),$,#270,$);
#1043=IFCRELASSIGNSTOPROCESS('9f_B1TGfW5FDKVf$Uvmfcl',#6,$,$,(#882,#884),$,#272,$);
#1044=IFCRELASSIGNSTOPROCESS('8pfjXpE9NlZdajrn5FvpeT',#6,$,$,(#883,#884),$,#274,$);
#1045=IFCRELASSIGNSTOPROCESS('r9cf0nBHNRx1e1N1zjgfQH',#6,$,$,(#882,#884),$,#276,$);
#1046=IFCRELASSIGNSTOPROCESS('DdcJvPzHpbLlRBQ1w96PpD',#6,$,$,(#883,#884),$,#278,$);
#1047=IFCRELASSIGNSTOPROCESS('4pMPjXYnUp6$mBs$5ryZF5',#6,$,$,(#882,#884),$,#280,$);
#1048=IFCRELASSIGNSTOPROCESS('Y$V3oZ7t9Xj7c3zHoDYhw$',#6,$,$,(#883,#884),$,#282,$);
#1049=IFCRELASSIGNSTOPROCESS('vBcN0FpXVRz7MBw$u3XRdh',#6,$,$,(#883),$,#284,$);
#1050=IFCRELASSIGNSTOPROCESS('X3qDrT8P79cpmBw$4POHBT',#6,$,$,(#883,#884),$,#286,$);
#1051=IFCRELASSIGNSTOPROCESS('zJYhz7n7ABZ9RXpH5LmtOh',#6,$,$,(#886),$,#300,$);
#1052=IFCRELASSIGNSTOPROCESS('7LMzUNfNqTwJsP2Vt7qpa9',#6,$,$,(#886),$,#302,$);
#1053=IFCRELASSIGNSTOPROCESS('Mdel9TFPPdqTTf8$w9EV8x',#6,$,$,(#886),$,#320,$);
#1054=IFCRELASSIGNSTOPROCESS('4DQNyT09jfzNvpznWt2H$N',#6,$,$,(#886),$,#322,$);
#1055=IFCRELASSIGNSTOPROCESS('8rU$AlPtdD6$WpBlzjwPtF',#6,$,$,(#886),$,#340,$);
#1056=IFCRELASSIGNSTOPROCESS('cxq52rmNEb5$WDblUBhlF1',#6,$,$,(#886),$,#342,$);
#1057=IFCRELASSIGNSTOPROCESS('H9iJvvff6ZwjohYnXHtruD',#6,$,$,(#891),$,#372,$);
#1058=IFCRELASSIGNSTOPROCESS('H9ahJXEHzFC55biF6fcDSR',#6,$,$,(#891),$,#374,$);
#1059=IFCRELASSIGNSTOPROCESS('6hI5sFz1u1_bL98$XHH3Hl',#6,$,$,(#887),$,#384,$);
#1060=IFCRELASSIGNSTOPROCESS('GfuV4XYFkLJv_dUXfDLVup',#6,$,$,(#891),$,#390,$);
#1061=IFCRELASSIGNSTOPROCESS('eTz9o$ktnluvEhQHPhuFTR',#6,$,$,(#891),$,#392,$);
#1062=IFCRELASSIGNSTOPROCESS('wlTNK9rHJhNTRB_Xpda3DH',#6,$,$,(#887),$,#402,$);
#1063=IFCRELASSIGNSTOPROCESS('Kdm7NleP5lbVs5SnJtoXWv',#6,$,$,(#891),$,#408,$);
#1064=IFCRELASSIGNSTOPROCESS('NZbHP5Q78NBFV581vR2Hj$',#6,$,$,(#891),$,#410,$);
#1065=IFCRELASSIGNSTOPROCESS('cbmvt167QVgFPHZl07OHnV',#6,$,$,(#887),$,#420,$);
#1066=IFCRELASSIGNSTOPROCESS('zpEnvPjnOlOtXxGXITyLAZ',#6,$,$,(#888),$,#428,$);
#1067=IFCRELASSIGNSTOPROCESS('lfO1_BW9f5fxxxmV0da3xB',#6,$,$,(#889),$,#430,$);
#1068=IFCRELASSIGNSTOPROCESS('c17rzLS$cDWlpHRFipI5BP',#6,$,$,(#890),$,#432,$);
#1069=IFCRELASSIGNSTOPROCESS('GdcJd9T$I1153P614du$Yn',#6,$,$,(#891),$,#434,$);
#1070=IFCRELASSIGNSTOPROCESS('ebuFbXZldvedmrUXVH9reL',#6,$,$,(#892),$,#436,$);
#1071=IFCRELASSIGNSTOPROCESS('6BcN8J3lp59bH31XqnlB0f',#6,$,$,(#889),$,#438,$);
#1072=IFCRELASSIGNSTOPROCESS('TXj7nBV7ylx1i1bl2fcp0t',#6,$,$,(#888),$,#446,$);
#1073=IFCRELASSIGNSTOPROCESS('6r_XqdTH7NAHDF7$Q74TvN',#6,$,$,(#889),$,#448,$);
#1074=IFCRELASSIGNSTOPROCESS('P1t5sB$vI$PJEVZlCZi5fX',#6,$,$,(#890),$,#450,$);
#1075=IFCRELASSIGNSTOPROCESS('hdeHzPjnedHJYtO$OjFT1J',#6,$,$,(#891),$,#452,$);
#1076=IFCRELASSIGNSTOPROCESS('pdsTmvYfuXMFp3plXjUnr7',#6,$,$,(#892),$,#454,$);
#1077=IFCRELASSIGNSTOPROCESS('zJYLZtxnOlOtnjrnxlb$6V',#6,$,$,(#889),$,#456,$);
#1078=IFCRELASSIGNSTOPROCESS('aXxFjZ17UDsHd3jHzJoVmF',#6,$,$,(#888),$,#464,$);
#1079=IFCRELASSIGNSTOPROCESS('IfGdPRcV5F9RFjZl4vqp09',#6,$,$,(#889),$,#466,$);
#1080=IFCRELASSIGNSTOPROCESS('bVL$Y95F0LBFf7oFgFVRDn',#6,$,$,(#890),$,#468,$);
#1081=IFCRELASSIGNSTOPROCESS('zFrFFBFPB3mXMtaFZVdj6R',#6,$,$,(#891),$,#470,$);
#1082=IFCRELASSIGNSTOPROCESS('k5PLDFyHl1QD0ZlXvXZNUl',#6,$,$,(#892),$,#472,$);
#1083=IFCRELASSIGNSTOPROCESS('ZT8FLNmf0rHBCFP1ODTNQH',#6,$,$,(#889),$,#474,$);
#1084=IFCPROPERTYSINGLEVALUE('ov_V8D$PxbhltL2FbxcpmF#0',$,IFCTEXT('60|FRONT_LOADED'),$);
#1085=IFCPROPERTYSET('jNO$o3RnI1Fho1VXejlzDl',#6,'OPS_Assignments',$,(#1084));
#1086=IFCRELDEFINESBYPROPERTIES('QbO1MxXdLPaBi$Bl9ThH75',#6,$,$,(#70),#1085);
#1087=IFCPROPERTYSINGLEVALUE('ov_V8D$PxbhltL2FbxcpmF#0',$,IFCTEXT('30|UNIFORM'),$);
#1088=IFCPROPERTYSET('EhZfm94$8fLHPZv1UBpPJZ',#6,'OPS_Assignments',$,(#1087));
#1089=IFCRELDEFINESBYPROPERTIES('Lde$2reP3ZsZzvEnoFLV0N',#6,$,$,(#76),#1088);
#1090=IFCPROPERTYSINGLEVALUE('ov_V8D$PxbhltL2FbxcpmF#0',$,IFCTEXT('25|UNIFORM'),$);
#1091=IFCPROPERTYSET('AJztU5MdjfJvAbGVOD5HtJ',#6,'OPS_Assignments',$,(#1090));
#1092=IFCRELDEFINESBYPROPERTIES('lfuVmdkHBNslplrnxFvDu5',#6,$,$,(#80),#1091);
#1093=IFCPROPERTYSINGLEVALUE('ov_V8D$PxbhltL2FbxcpmF#0',$,IFCTEXT('30|UNIFORM'),$);
#1094=IFCPROPERTYSET('dxaLPRolRLT9VbClcPu$Yn',#6,'OPS_Assignments',$,(#1093));
#1095=IFCRELDEFINESBYPROPERTIES('W$vr3LCFybbVAvYnr9oXyP',#6,$,$,(#86),#1094);
#1096=IFCPROPERTYSINGLEVALUE('ov_V8D$PxbhltL2FbxcpmF#0',$,IFCTEXT('25|UNIFORM'),$);
#1097=IFCPROPERTYSET('wlz96zy$GjoBSjJHdLWdVz',#6,'OPS_Assignments',$,(#1096));
#1098=IFCRELDEFINESBYPROPERTIES('DLb1c9qXTJSjQHTHuZhHb5',#6,$,$,(#90),#1097);
#1099=IFCPROPERTYSINGLEVALUE('ov_V8D$PxbhltL2FbxcpmF#0',$,IFCTEXT('30|UNIFORM'),$);
#1100=IFCPROPERTYSET('9fM3AlNfqzEvkFxlW96djZ',#6,'OPS_Assignments',$,(#1099));
#1101=IFCRELDEFINESBYPROPERTIES('_p2XW1lvKNovw$LHp7Gfg9',#6,$,$,(#96),#1100);
#1102=IFCPROPERTYSINGLEVALUE('ov_V8D$PxbhltL2FbxcpmF#0',$,IFCTEXT('25|UNIFORM'),$);
#1103=IFCPROPERTYSET('VZOHj$E9LjY5bBIVwtoVK$',#6,'OPS_Assignments',$,(#1102));
#1104=IFCRELDEFINESBYPROPERTIES('QXxnNHedL7u7gt4lNJfLkh',#6,$,$,(#100),#1103);
#1105=IFCPROPERTYSINGLEVALUE('ov_V8D$PxbhltL2FbxcpmF#0',$,IFCTEXT('50|FRONT_LOADED'),$);
#1106=IFCPROPERTYSET('kbTf4ZGfQjSBWj1VmFhXiD',#6,'OPS_Assignments',$,(#1105));
#1107=IFCRELDEFINESBYPROPERTIES('Bt6t_PJnSLnLsR0V5Hb1Qr',#6,$,$,(#106),#1106);
#1108=IFCPROPERTYSINGLEVALUE('ov_V8D$PxbhltL2FbxcpmF#0',$,IFCTEXT('40|FRONT_LOADED'),$);
#1109=IFCPROPERTYSET('0FR1MXB10LhlPzZH8BSzXP',#6,'OPS_Assignments',$,(#1108));
#1110=IFCRELDEFINESBYPROPERTIES('vlR$wzKXLp2t3xyFNj7bRb',#6,$,$,(#118),#1109);
#1111=IFCPROPERTYSINGLEVALUE('H57rNFCVf5f5z7_n3H7b1f#0',$,IFCTEXT('2|UNIFORM'),$);
#1112=IFCPROPERTYSINGLEVALUE('NZ5n9VQVRVjv_jRn83djsP#1',$,IFCTEXT('1|UNIFORM'),$);
#1113=IFCPROPERTYSET('pLZfupNNERDtD3THi$trOz',#6,'OPS_Assignments',$,(#1111,#1112));
#1114=IFCRELDEFINESBYPROPERTIES('Kd0toZNfybbXgNmXGnLXmV',#6,$,$,(#120),#1113);
#1115=IFCPROPERTYSINGLEVALUE('KPG7zLqne7LHndQ1oH9reL#0',$,IFCTEXT('2|UNIFORM'),$);
#1116=IFCPROPERTYSINGLEVALUE('NZ5n9VQVRVjv_jRn83djsP#1',$,IFCTEXT('1|UNIFORM'),$);
#1117=IFCPROPERTYSET('xH5X8jRVJ9t3NdYXJbFZht',#6,'OPS_Assignments',$,(#1115,#1116));
#1118=IFCRELDEFINESBYPROPERTIES('qLxXiBdtDbLHxxmXmHP5L9',#6,$,$,(#122),#1117);
#1119=IFCPROPERTYSINGLEVALUE('H57rNFCVf5f5z7_n3H7b1f#0',$,IFCTEXT('2|UNIFORM'),$);
#1120=IFCPROPERTYSINGLEVALUE('NZ5n9VQVRVjv_jRn83djsP#1',$,IFCTEXT('1|UNIFORM'),$);
#1121=IFCPROPERTYSET('O54TWXpnQDWlXlP$jNcDi1',#6,'OPS_Assignments',$,(#1119,#1120));
#1122=IFCRELDEFINESBYPROPERTIES('V3aL7r8v_tgzZLInqH5XOz',#6,$,$,(#124),#1121);
#1123=IFCPROPERTYSINGLEVALUE('KPG7zLqne7LHndQ1oH9reL#0',$,IFCTEXT('2|UNIFORM'),$);
#1124=IFCPROPERTYSINGLEVALUE('NZ5n9VQVRVjv_jRn83djsP#1',$,IFCTEXT('1|UNIFORM'),$);
#1125=IFCPROPERTYSET('wnn5ALT1I115x58$ARk1Qr',#6,'OPS_Assignments',$,(#1123,#1124));
#1126=IFCRELDEFINESBYPROPERTIES('prn56vE9ZXUfhTLHxLunZx',#6,$,$,(#126),#1125);
#1127=IFCPROPERTYSINGLEVALUE('H57rNFCVf5f5z7_n3H7b1f#0',$,IFCTEXT('2|UNIFORM'),$);
#1128=IFCPROPERTYSINGLEVALUE('NZ5n9VQVRVjv_jRn83djsP#1',$,IFCTEXT('1|UNIFORM'),$);
#1129=IFCPROPERTYSET('SzKRW$1P9$PJs5aHFbtBG$',#6,'OPS_Assignments',$,(#1127,#1128));
#1130=IFCRELDEFINESBYPROPERTIES('TXztcDk9z3AlFPkVoFZNwb',#6,$,$,(#128),#1129);
#1131=IFCPROPERTYSINGLEVALUE('KPG7zLqne7LHndQ1oH9reL#0',$,IFCTEXT('2|UNIFORM'),$);
#1132=IFCPROPERTYSINGLEVALUE('NZ5n9VQVRVjv_jRn83djsP#1',$,IFCTEXT('1|UNIFORM'),$);
#1133=IFCPROPERTYSET('wlLl9Zd9nH87YTLHdFXRbR',#6,'OPS_Assignments',$,(#1131,#1132));
#1134=IFCRELDEFINESBYPROPERTIES('DLz9MVB10rNTxbiHKJ_HDH',#6,$,$,(#130),#1133);
#1135=IFCPROPERTYSINGLEVALUE('H57rNFCVf5f5z7_n3H7b1f#0',$,IFCTEXT('2|UNIFORM'),$);
#1136=IFCPROPERTYSINGLEVALUE('NZ5n9VQVRVjv_jRn83djsP#1',$,IFCTEXT('1|UNIFORM'),$);
#1137=IFCPROPERTYSET('TVBX4341q70FbVjHLPunbV',#6,'OPS_Assignments',$,(#1135,#1136));
#1138=IFCRELDEFINESBYPROPERTIES('M3dhjV_Fu9lrqhoFkZiJUH',#6,$,$,(#132),#1137);
#1139=IFCPROPERTYSINGLEVALUE('KPG7zLqne7LHndQ1oH9reL#0',$,IFCTEXT('2|UNIFORM'),$);
#1140=IFCPROPERTYSINGLEVALUE('NZ5n9VQVRVjv_jRn83djsP#1',$,IFCTEXT('1|UNIFORM'),$);
#1141=IFCPROPERTYSET('a3KJdN79n3QVoroXqZixDj',#6,'OPS_Assignments',$,(#1139,#1140));
#1142=IFCRELDEFINESBYPROPERTIES('TXblDF4lR$NTd3bF4L1x7f',#6,$,$,(#134),#1141);
#1143=IFCPROPERTYSINGLEVALUE('H57rNFCVf5f5z7_n3H7b1f#0',$,IFCTEXT('2|UNIFORM'),$);
#1144=IFCPROPERTYSINGLEVALUE('NZ5n9VQVRVjv_jRn83djsP#1',$,IFCTEXT('1|UNIFORM'),$);
#1145=IFCPROPERTYSET('If0tU9jXLvO9fPs$bRQvPL',#6,'OPS_Assignments',$,(#1143,#1144));
#1146=IFCRELDEFINESBYPROPERTIES('PbO$_LiVP78N7j1XG$DdhN',#6,$,$,(#136),#1145);
#1147=IFCPROPERTYSINGLEVALUE('KPG7zLqne7LHndQ1oH9reL#0',$,IFCTEXT('2|UNIFORM'),$);
#1148=IFCPROPERTYSINGLEVALUE('NZ5n9VQVRVjv_jRn83djsP#1',$,IFCTEXT('1|UNIFORM'),$);
#1149=IFCPROPERTYSET('rDVhFlfNCTQDCF91T1Jvz7',#6,'OPS_Assignments',$,(#1147,#1148));
#1150=IFCRELDEFINESBYPROPERTIES('ItyBv7lvmZaJgrA11Z4Lwx',#6,$,$,(#138),#1149);
#1151=IFCPROPERTYSINGLEVALUE('H57rNFCVf5f5z7_n3H7b1f#0',$,IFCTEXT('2|UNIFORM'),$);
#1152=IFCPROPERTYSINGLEVALUE('NZ5n9VQVRVjv_jRn83djsP#1',$,IFCTEXT('1|UNIFORM'),$);
#1153=IFCPROPERTYSET('mN8VanSHNHLHhZrHT3u$kr',#6,'OPS_Assignments',$,(#1151,#1152));
#1154=IFCRELDEFINESBYPROPERTIES('fPuVO5gdt$FL_dUXJxhXCH',#6,$,$,(#140),#1153);
#1155=IFCPROPERTYSINGLEVALUE('KPG7zLqne7LHndQ1oH9reL#0',$,IFCTEXT('2|UNIFORM'),$);
#1156=IFCPROPERTYSINGLEVALUE('NZ5n9VQVRVjv_jRn83djsP#1',$,IFCTEXT('1|UNIFORM'),$);
#1157=IFCPROPERTYSET('MzX3IH09rz8N7DLHdFNZ1J',#6,'OPS_Assignments',$,(#1155,#1156));
#1158=IFCRELDEFINESBYPROPERTIES('ndoRihpVVRRVoXpl$ZazXd',#6,$,$,(#142),#1157);
#1159=IFCPROPERTYSINGLEVALUE('H57rNFCVf5f5z7_n3H7b1f#0',$,IFCTEXT('2|UNIFORM'),$);
#1160=IFCPROPERTYSINGLEVALUE('NZ5n9VQVRVjv_jRn83djsP#1',$,IFCTEXT('1|UNIFORM'),$);
#1161=IFCPROPERTYSET('M3XzkjB$u$6j6pTFoJI$w$',#6,'OPS_Assignments',$,(#1159,#1160));
#1162=IFCRELDEFINESBYPROPERTIES('nPobW$F7MPXz$BIVI3mN6X',#6,$,$,(#144),#1161);
#1163=IFCPROPERTYSINGLEVALUE('KPG7zLqne7LHndQ1oH9reL#0',$,IFCTEXT('2|UNIFORM'),$);
#1164=IFCPROPERTYSINGLEVALUE('NZ5n9VQVRVjv_jRn83djsP#1',$,IFCTEXT('1|UNIFORM'),$);
#1165=IFCPROPERTYSET('3l7Tujh1sB5VMrIV2tYnF5',#6,'OPS_Assignments',$,(#1163,#1164));
#1166=IFCRELDEFINESBYPROPERTIES('ApvTyzKXzHufxbSF3FLVWd',#6,$,$,(#146),#1165);
#1167=IFCPROPERTYSINGLEVALUE('H57rNFCVf5f5z7_n3H7b1f#0',$,IFCTEXT('2|UNIFORM'),$);
#1168=IFCPROPERTYSINGLEVALUE('NZ5n9VQVRVjv_jRn83djsP#1',$,IFCTEXT('1|UNIFORM'),$);
#1169=IFCPROPERTYSET('ovs7$TOvmT4DiRyFNjVpmX',#6,'OPS_Assignments',$,(#1167,#1168));
#1170=IFCRELDEFINESBYPROPERTIES('7hgzwvcvarZ9npHXT15Xi$',#6,$,$,(#148),#1169);
#1171=IFCPROPERTYSINGLEVALUE('KPG7zLqne7LHndQ1oH9reL#0',$,IFCTEXT('2|UNIFORM'),$);
#1172=IFCPROPERTYSINGLEVALUE('NZ5n9VQVRVjv_jRn83djsP#1',$,IFCTEXT('1|UNIFORM'),$);
#1173=IFCPROPERTYSET('Jfe$ArFPbLjvEroXSRVD4v',#6,'OPS_Assignments',$,(#1171,#1172));
#1174=IFCRELDEFINESBYPROPERTIES('cRe$Ijh$63AHRr_VpdyZDJ',#6,$,$,(#150),#1173);
#1175=IFCPROPERTYSINGLEVALUE('H57rNFCVf5f5z7_n3H7b1f#0',$,IFCTEXT('2|UNIFORM'),$);
#1176=IFCPROPERTYSINGLEVALUE('NZ5n9VQVRVjv_jRn83djsP#1',$,IFCTEXT('1|UNIFORM'),$);
#1177=IFCPROPERTYSET('ttMP5Lxna1fZDnlV5BKxB7',#6,'OPS_Assignments',$,(#1175,#1176));
#1178=IFCRELDEFINESBYPROPERTIES('2j6pFHfNmZyLA7Inql5X09',#6,$,$,(#152),#1177);
#1179=IFCPROPERTYSINGLEVALUE('KPG7zLqne7LHndQ1oH9reL#0',$,IFCTEXT('2|UNIFORM'),$);
#1180=IFCPROPERTYSINGLEVALUE('NZ5n9VQVRVjv_jRn83djsP#1',$,IFCTEXT('1|UNIFORM'),$);
#1181=IFCPROPERTYSET('Evw9wv_f_38NTtqHEps3bb',#6,'OPS_Assignments',$,(#1179,#1180));
#1182=IFCRELDEFINESBYPROPERTIES('vL6p5rX78tNZ7jFV$XfTJZ',#6,$,$,(#154),#1181);
#1183=IFCPROPERTYSINGLEVALUE('H57rNFCVf5f5z7_n3H7b1f#0',$,IFCTEXT('2|UNIFORM'),$);
#1184=IFCPROPERTYSINGLEVALUE('NZ5n9VQVRVjv_jRn83djsP#1',$,IFCTEXT('1|UNIFORM'),$);
#1185=IFCPROPERTYSET('j57rjzT$Q$orWpzFiXB1kB',#6,'OPS_Assignments',$,(#1183,#1184));
#1186=IFCRELDEFINESBYPROPERTIES('CNkxYtBljhnh_vonYh$xrd',#6,$,$,(#156),#1185);
#1187=IFCPROPERTYSINGLEVALUE('KPG7zLqne7LHndQ1oH9reL#0',$,IFCTEXT('2|UNIFORM'),$);
#1188=IFCPROPERTYSINGLEVALUE('NZ5n9VQVRVjv_jRn83djsP#1',$,IFCTEXT('1|UNIFORM'),$);
#1189=IFCPROPERTYSET('M7ibuJzlvTqT3vcHBfk5J3',#6,'OPS_Assignments',$,(#1187,#1188));
#1190=IFCRELDEFINESBYPROPERTIES('TzKRKNXvK9ATh3nVNjtr09',#6,$,$,(#158),#1189);
#1191=IFCPROPERTYSINGLEVALUE('H57rNFCVf5f5z7_n3H7b1f#0',$,IFCTEXT('2|UNIFORM'),$);
#1192=IFCPROPERTYSINGLEVALUE('NZ5n9VQVRVjv_jRn83djsP#1',$,IFCTEXT('1|UNIFORM'),$);
#1193=IFCPROPERTYSET('JtiRez3$0BHrm5aFD7OlVd',#6,'OPS_Assignments',$,(#1191,#1192));
#1194=IFCRELDEFINESBYPROPERTIES('QxKbyZOdtLT9D3jl93fT$p',#6,$,$,(#160),#1193);
#1195=IFCPROPERTYSINGLEVALUE('KPG7zLqne7LHndQ1oH9reL#0',$,IFCTEXT('2|UNIFORM'),$);
#1196=IFCPROPERTYSINGLEVALUE('NZ5n9VQVRVjv_jRn83djsP#1',$,IFCTEXT('1|UNIFORM'),$);
#1197=IFCPROPERTYSET('2n5VSj6VbLZ9b$HXLTBn7f',#6,'OPS_Assignments',$,(#1195,#1196));
#1198=IFCRELDEFINESBYPROPERTIES('9jJPBz4lDxvhY3f$UrhlfZ',#6,$,$,(#162),#1197);
#1199=IFCPROPERTYSINGLEVALUE('H57rNFCVf5f5z7_n3H7b1f#0',$,IFCTEXT('2|UNIFORM'),$);
#1200=IFCPROPERTYSINGLEVALUE('NZ5n9VQVRVjv_jRn83djsP#1',$,IFCTEXT('1|UNIFORM'),$);
#1201=IFCPROPERTYSET('uLsZSHWt$tHrCnv$A5_raf',#6,'OPS_Assignments',$,(#1199,#1200));
#1202=IFCRELDEFINESBYPROPERTIES('1DMP3vXP$97DevQH$$jvBT',#6,$,$,(#164),#1201);
#1203=IFCPROPERTYSINGLEVALUE('KPG7zLqne7LHndQ1oH9reL#0',$,IFCTEXT('2|UNIFORM'),$);
#1204=IFCPROPERTYSINGLEVALUE('NZ5n9VQVRVjv_jRn83djsP#1',$,IFCTEXT('1|UNIFORM'),$);
#1205=IFCPROPERTYSET('$Jg3M1NfI17p0zDlHhVRf3',#6,'OPS_Assignments',$,(#1203,#1204));
#1206=IFCRELDEFINESBYPROPERTIES('6lTfaFKFU7uNBpv$ojstW7',#6,$,$,(#166),#1205);
#1207=IFCPROPERTYSINGLEVALUE('KPG7zLqne7LHndQ1oH9reL#0',$,IFCTEXT('2|UNIFORM'),$);
#1208=IFCPROPERTYSET('wLUhbbB1ut93DTlXpvWdHL',#6,'OPS_Assignments',$,(#1207));
#1209=IFCRELDEFINESBYPROPERTIES('$l9DNp9NmzWlrjzHMlBFlL',#6,$,$,(#168),#1208);
#1210=IFCPROPERTYSINGLEVALUE('KPG7zLqne7LHndQ1oH9reL#0',$,IFCTEXT('2|UNIFORM'),$);
#1211=IFCPROPERTYSINGLEVALUE('NZ5n9VQVRVjv_jRn83djsP#1',$,IFCTEXT('1|UNIFORM'),$);
#1212=IFCPROPERTYSET('3lFxIplvmjAZH9u$FN_Bql',#6,'OPS_Assignments',$,(#1210,#1211));
#1213=IFCRELDEFINESBYPROPERTIES('sDn5cj6VfFtRBPkX_fcDCZ',#6,$,$,(#170),#1212);
#1214=IFCPROPERTYSINGLEVALUE('ov_V8D$PxbhltL2FbxcpmF#0',$,IFCTEXT('40|FRONT_LOADED'),$);
#1215=IFCPROPERTYSET('DBfjFrndjfR$0Td$SRdxDj',#6,'OPS_Assignments',$,(#1214));
#1216=IFCRELDEFINESBYPROPERTIES('ivCpnnz1aLPJsRWXJ9oVK1',#6,$,$,(#176),#1215);
#1217=IFCPROPERTYSINGLEVALUE('H57rNFCVf5f5z7_n3H7b1f#0',$,IFCTEXT('2|UNIFORM'),$);
#1218=IFCPROPERTYSINGLEVALUE('NZ5n9VQVRVjv_jRn83djsP#1',$,IFCTEXT('1|UNIFORM'),$);
#1219=IFCPROPERTYSET('yF1rpJ5Vxn7h2JJHB9EXSt',#6,'OPS_Assignments',$,(#1217,#1218));
#1220=IFCRELDEFINESBYPROPERTIES('Bpfjlxd9djAZfbe$jtMNcL',#6,$,$,(#178),#1219);
#1221=IFCPROPERTYSINGLEVALUE('KPG7zLqne7LHndQ1oH9reL#0',$,IFCTEXT('2|UNIFORM'),$);
#1222=IFCPROPERTYSINGLEVALUE('NZ5n9VQVRVjv_jRn83djsP#1',$,IFCTEXT('1|UNIFORM'),$);
#1223=IFCPROPERTYSET('jRh1EZ9NkhDPO7wlVj6PlB',#6,'OPS_Assignments',$,(#1221,#1222));
#1224=IFCRELDEFINESBYPROPERTIES('qt_VuDtfOHmVw$bl_f6j2z',#6,$,$,(#180),#1223);
#1225=IFCPROPERTYSINGLEVALUE('H57rNFCVf5f5z7_n3H7b1f#0',$,IFCTEXT('2|UNIFORM'),$);
#1226=IFCPROPERTYSINGLEVALUE('NZ5n9VQVRVjv_jRn83djsP#1',$,IFCTEXT('1|UNIFORM'),$);
#1227=IFCPROPERTYSET('1jULNJJnCv0F5nDnxBCb9J',#6,'OPS_Assignments',$,(#1225,#1226));
#1228=IFCRELDEFINESBYPROPERTIES('wHR1o3DV9VR1KxWV3ll3V7',#6,$,$,(#182),#1227);
#1229=IFCPROPERTYSINGLEVALUE('KPG7zLqne7LHndQ1oH9reL#0',$,IFCTEXT('2|UNIFORM'),$);
#1230=IFCPROPERTYSINGLEVALUE('NZ5n9VQVRVjv_jRn83djsP#1',$,IFCTEXT('1|UNIFORM'),$);
#1231=IFCPROPERTYSET('PRGdhj_nG30nLf4lt3PJwb',#6,'OPS_Assignments',$,(#1229,#1230));
#1232=IFCRELDEFINESBYPROPERTIES('WVJ7PN9NER5$K$jnpBhlVv',#6,$,$,(#184),#1231);
#1233=IFCPROPERTYSINGLEVALUE('H57rNFCVf5f5z7_n3H7b1f#0',$,IFCTEXT('2|UNIFORM'),$);
#1234=IFCPROPERTYSINGLEVALUE('NZ5n9VQVRVjv_jRn83djsP#1',$,IFCTEXT('1|UNIFORM'),$);
#1235=IFCPROPERTYSET('m9KJH5F7cjaBmbWX13Ol7b',#6,'OPS_Assignments',$,(#1233,#1234));
#1236=IFCRELDEFINESBYPROPERTIES('NvibW$H7OdnDeVpHDPCpWd',#6,$,$,(#186),#1235);
#1237=IFCPROPERTYSINGLEVALUE('KPG7zLqne7LHndQ1oH9reL#0',$,IFCTEXT('2|UNIFORM'),$);
#1238=IFCPROPERTYSINGLEVALUE('NZ5n9VQVRVjv_jRn83djsP#1',$,IFCTEXT('1|UNIFORM'),$);
#1239=IFCPROPERTYSET('tNATuh4lr9Y5rDd$axxlvx',#6,'OPS_Assignments',$,(#1237,#1238));
#1240=IFCRELDEFINESBYPROPERTIES('2DU1QjA$8Xov_vkF0vu$6X',#6,$,$,(#188),#1239);
#1241=IFCPROPERTYSINGLEVALUE('H57rNFCVf5f5z7_n3H7b1f#0',$,IFCTEXT('2|UNIFORM'),$);
#1242=IFCPROPERTYSINGLEVALUE('NZ5n9VQVRVjv_jRn83djsP#1',$,IFCTEXT('1|UNIFORM'),$);
#1243=IFCPROPERTYSET('iRrVmfev0B$5VnTnI3m9GH',#6,'OPS_Assignments',$,(#1241,#1242));
#1244=IFCRELDEFINESBYPROPERTIES('pvY$oZnPRLb1WjN16j9r8J',#6,$,$,(#190),#1243);
#1245=IFCPROPERTYSINGLEVALUE('KPG7zLqne7LHndQ1oH9reL#0',$,IFCTEXT('2|UNIFORM'),$);
#1246=IFCPROPERTYSINGLEVALUE('NZ5n9VQVRVjv_jRn83djsP#1',$,IFCTEXT('1|UNIFORM'),$);
#1247=IFCPROPERTYSET('FPcj9$cvKf29pzBFBfQDqZ',#6,'OPS_Assignments',$,(#1245,#1246));
#1248=IFCRELDEFINESBYPROPERTIES('urQfGf8vERz7sxSFjfA3$N',#6,$,$,(#192),#1247);
#1249=IFCPROPERTYSINGLEVALUE('H57rNFCVf5f5z7_n3H7b1f#0',$,IFCTEXT('2|UNIFORM'),$);
#1250=IFCPROPERTYSINGLEVALUE('NZ5n9VQVRVjv_jRn83djsP#1',$,IFCTEXT('1|UNIFORM'),$);
#1251=IFCPROPERTYSET('_HNj$34$G3uvMfe1zlVpWP',#6,'OPS_Assignments',$,(#1249,#1250));
#1252=IFCRELDEFINESBYPROPERTIES('tDfJDpP9Fni3Trs1Z13f_T',#6,$,$,(#194),#1251);
#1253=IFCPROPERTYSINGLEVALUE('KPG7zLqne7LHndQ1oH9reL#0',$,IFCTEXT('2|UNIFORM'),$);
#1254=IFCPROPERTYSINGLEVALUE('NZ5n9VQVRVjv_jRn83djsP#1',$,IFCTEXT('1|UNIFORM'),$);
#1255=IFCPROPERTYSET('2JMzEVs$i9wjYNaHXDEb9D',#6,'OPS_Assignments',$,(#1253,#1254));
#1256=IFCRELDEFINESBYPROPERTIES('xFlROxo97NkdadkVUBhHBZ',#6,$,$,(#196),#1255);
#1257=IFCPROPERTYSINGLEVALUE('H57rNFCVf5f5z7_n3H7b1f#0',$,IFCTEXT('2|UNIFORM'),$);
#1258=IFCPROPERTYSINGLEVALUE('NZ5n9VQVRVjv_jRn83djsP#1',$,IFCTEXT('1|UNIFORM'),$);
#1259=IFCPROPERTYSET('P$np17w7k1lBiVVVUdyTtF',#6,'OPS_Assignments',$,(#1257,#1258));
#1260=IFCRELDEFINESBYPROPERTIES('kbbHB3Slt$93dlrnjxJ7jX',#6,$,$,(#198),#1259);
#1261=IFCPROPERTYSINGLEVALUE('KPG7zLqne7LHndQ1oH9reL#0',$,IFCTEXT('2|UNIFORM'),$);
#1262=IFCPROPERTYSINGLEVALUE('NZ5n9VQVRVjv_jRn83djsP#1',$,IFCTEXT('1|UNIFORM'),$);
#1263=IFCPROPERTYSET('4JwDrZuPd7WlPZ7$cdG9yv',#6,'OPS_Assignments',$,(#1261,#1262));
#1264=IFCRELDEFINESBYPROPERTIES('3l$B1Z8d$L15FPUVdBSrKV',#6,$,$,(#200),#1263);
#1265=IFCPROPERTYSINGLEVALUE('H57rNFCVf5f5z7_n3H7b1f#0',$,IFCTEXT('2|UNIFORM'),$);
#1266=IFCPROPERTYSINGLEVALUE('NZ5n9VQVRVjv_jRn83djsP#1',$,IFCTEXT('1|UNIFORM'),$);
#1267=IFCPROPERTYSET('WXh$6TedlVUfJXv1Ld8FzL',#6,'OPS_Assignments',$,(#1265,#1266));
#1268=IFCRELDEFINESBYPROPERTIES('d$Vzg1nv6HOthtmVEFB1of',#6,$,$,(#202),#1267);
#1269=IFCPROPERTYSINGLEVALUE('KPG7zLqne7LHndQ1oH9reL#0',$,IFCTEXT('2|UNIFORM'),$);
#1270=IFCPROPERTYSINGLEVALUE('NZ5n9VQVRVjv_jRn83djsP#1',$,IFCTEXT('1|UNIFORM'),$);
#1271=IFCPROPERTYSET('TZunfnCFi9ILohEFs5Ebfz',#6,'OPS_Assignments',$,(#1269,#1270));
#1272=IFCRELDEFINESBYPROPERTIES('aVbHRbL$wH0ndFFVjRNhcH',#6,$,$,(#204),#1271);
#1273=IFCPROPERTYSINGLEVALUE('H57rNFCVf5f5z7_n3H7b1f#0',$,IFCTEXT('2|UNIFORM'),$);
#1274=IFCPROPERTYSINGLEVALUE('NZ5n9VQVRVjv_jRn83djsP#1',$,IFCTEXT('1|UNIFORM'),$);
#1275=IFCPROPERTYSET('U$fRaFa$kL3NzdQ16jNLkv',#6,'OPS_Assignments',$,(#1273,#1274));
#1276=IFCRELDEFINESBYPROPERTIES('fTTNexE9hpcVgNGXa5z9qF',#6,$,$,(#206),#1275);
#1277=IFCPROPERTYSINGLEVALUE('KPG7zLqne7LHndQ1oH9reL#0',$,IFCTEXT('2|UNIFORM'),$);
#1278=IFCPROPERTYSINGLEVALUE('NZ5n9VQVRVjv_jRn83djsP#1',$,IFCTEXT('1|UNIFORM'),$);
#1279=IFCPROPERTYSET('Mdm75HFdFTUx1$P10vOlVP',#6,'OPS_Assignments',$,(#1277,#1278));
#1280=IFCRELDEFINESBYPROPERTIES('ZT8FFLhlbr9z9tKH4L$xPv',#6,$,$,(#208),#1279);
#1281=IFCPROPERTYSINGLEVALUE('H57rNFCVf5f5z7_n3H7b1f#0',$,IFCTEXT('2|UNIFORM'),$);
#1282=IFCPROPERTYSINGLEVALUE('NZ5n9VQVRVjv_jRn83djsP#1',$,IFCTEXT('1|UNIFORM'),$);
#1283=IFCPROPERTYSET('LP09kFiVvN6$0zRn8Z3f21',#6,'OPS_Assignments',$,(#1281,#1282));
#1284=IFCRELDEFINESBYPROPERTIES('aZ09AHlPJL93LfSFhznhMf',#6,$,$,(#210),#1283);
#1285=IFCPROPERTYSINGLEVALUE('KPG7zLqne7LHndQ1oH9reL#0',$,IFCTEXT('2|UNIFORM'),$);
#1286=IFCPROPERTYSINGLEVALUE('NZ5n9VQVRVjv_jRn83djsP#1',$,IFCTEXT('1|UNIFORM'),$);
#1287=IFCPROPERTYSET('xl5XC7$PD7JfVFTnsx2BCF',#6,'OPS_Assignments',$,(#1285,#1286));
#1288=IFCRELDEFINESBYPROPERTIES('CL5VmdM1AhNTNRWVftYntl',#6,$,$,(#212),#1287);
#1289=IFCPROPERTYSINGLEVALUE('H57rNFCVf5f5z7_n3H7b1f#0',$,IFCTEXT('2|UNIFORM'),$);
#1290=IFCPROPERTYSINGLEVALUE('NZ5n9VQVRVjv_jRn83djsP#1',$,IFCTEXT('1|UNIFORM'),$);
#1291=IFCPROPERTYSET('s9oFb1n7EHrF7Vd1BphVm$',#6,'OPS_Assignments',$,(#1289,#1290));
#1292=IFCRELDEFINESBYPROPERTIES('zjoRSjs$4lrF99ilCl3fA7',#6,$,$,(#214),#1291);
#1293=IFCPROPERTYSINGLEVALUE('KPG7zLqne7LHndQ1oH9reL#0',$,IFCTEXT('2|UNIFORM'),$);
#1294=IFCPROPERTYSINGLEVALUE('NZ5n9VQVRVjv_jRn83djsP#1',$,IFCTEXT('1|UNIFORM'),$);
#1295=IFCPROPERTYSET('3lHReb2FCP4hMtKHm$5VK$',#6,'OPS_Assignments',$,(#1293,#1294));
#1296=IFCRELDEFINESBYPROPERTIES('AplRirldZjajoXjHBN6jwR',#6,$,$,(#216),#1295);
#1297=IFCPROPERTYSINGLEVALUE('H57rNFCVf5f5z7_n3H7b1f#0',$,IFCTEXT('2|UNIFORM'),$);
#1298=IFCPROPERTYSINGLEVALUE('NZ5n9VQVRVjv_jRn83djsP#1',$,IFCTEXT('1|UNIFORM'),$);
#1299=IFCPROPERTYSET('2lNjpJr$GJsTP3RFCz81wR',#6,'OPS_Assignments',$,(#1297,#1298));
#1300=IFCRELDEFINESBYPROPERTIES('9pNJ1Zu7_3GXohwlxraBK1',#6,$,$,(#218),#1299);
#1301=IFCPROPERTYSINGLEVALUE('KPG7zLqne7LHndQ1oH9reL#0',$,IFCTEXT('2|UNIFORM'),$);
#1302=IFCPROPERTYSINGLEVALUE('NZ5n9VQVRVjv_jRn83djsP#1',$,IFCTEXT('1|UNIFORM'),$);
#1303=IFCPROPERTYSET('fZblhD_N_9IhklXVQP8FDj',#6,'OPS_Assignments',$,(#1301,#1302));
#1304=IFCRELDEFINESBYPROPERTIES('m7onhfuPZVAHfxan3Fxl7x',#6,$,$,(#220),#1303);
#1305=IFCPROPERTYSINGLEVALUE('H57rNFCVf5f5z7_n3H7b1f#0',$,IFCTEXT('2|UNIFORM'),$);
#1306=IFCPROPERTYSINGLEVALUE('NZ5n9VQVRVjv_jRn83djsP#1',$,IFCTEXT('1|UNIFORM'),$);
#1307=IFCPROPERTYSET('dV3t63iXdvWlHfyF9393hD',#6,'OPS_Assignments',$,(#1305,#1306));
#1308=IFCRELDEFINESBYPROPERTIES('kxXz2La1cVIPmhUF7RwdTb',#6,$,$,(#222),#1307);
#1309=IFCPROPERTYSINGLEVALUE('KPG7zLqne7LHndQ1oH9reL#0',$,IFCTEXT('2|UNIFORM'),$);
#1310=IFCPROPERTYSINGLEVALUE('NZ5n9VQVRVjv_jRn83djsP#1',$,IFCTEXT('1|UNIFORM'),$);
#1311=IFCPROPERTYSET('ndg3cp_fsBb1aDd$y7ijcF',#6,'OPS_Assignments',$,(#1309,#1310));
#1312=IFCRELDEFINESBYPROPERTIES('8rA7j3rH5nN5pnVVG1BFLt',#6,$,$,(#224),#1311);
#1313=IFCPROPERTYSINGLEVALUE('KPG7zLqne7LHndQ1oH9reL#0',$,IFCTEXT('2|UNIFORM'),$);
#1314=IFCPROPERTYSET('GNmPV9CnC3ovkFDFxh0vDH',#6,'OPS_Assignments',$,(#1313));
#1315=IFCRELDEFINESBYPROPERTIES('NPGd3vNNAhXRXbSHtPmfob',#6,$,$,(#226),#1314);
#1316=IFCPROPERTYSINGLEVALUE('KPG7zLqne7LHndQ1oH9reL#0',$,IFCTEXT('2|UNIFORM'),$);
#1317=IFCPROPERTYSINGLEVALUE('NZ5n9VQVRVjv_jRn83djsP#1',$,IFCTEXT('1|UNIFORM'),$);
#1318=IFCPROPERTYSET('wHhlrzCVLdyhkxWVBDZfs7',#6,'OPS_Assignments',$,(#1316,#1317));
#1319=IFCRELDEFINESBYPROPERTIES('Dh39Qjkl1fjvgNWXnxxHRx',#6,$,$,(#228),#1318);
#1320=IFCPROPERTYSINGLEVALUE('ov_V8D$PxbhltL2FbxcpmF#0',$,IFCTEXT('40|FRONT_LOADED'),$);
#1321=IFCPROPERTYSET('yH5VKNNNKjiRD3Tlm$DP3h',#6,'OPS_Assignments',$,(#1320));
#1322=IFCRELDEFINESBYPROPERTIES('Bj5XuJL$sht3PnFX75Yhs3',#6,$,$,(#234),#1321);
#1323=IFCPROPERTYSINGLEVALUE('H57rNFCVf5f5z7_n3H7b1f#0',$,IFCTEXT('2|UNIFORM'),$);
#1324=IFCPROPERTYSINGLEVALUE('NZ5n9VQVRVjv_jRn83djsP#1',$,IFCTEXT('1|UNIFORM'),$);
#1325=IFCPROPERTYSET('3lP3QDEtDv51ad61WNYhQn',#6,'OPS_Assignments',$,(#1323,#1324));
#1326=IFCRELDEFINESBYPROPERTIES('sDd3o3Blb1VRTLQHTzu1IB',#6,$,$,(#236),#1325);
#1327=IFCPROPERTYSINGLEVALUE('KPG7zLqne7LHndQ1oH9reL#0',$,IFCTEXT('2|UNIFORM'),$);
#1328=IFCPROPERTYSINGLEVALUE('NZ5n9VQVRVjv_jRn83djsP#1',$,IFCTEXT('1|UNIFORM'),$);
#1329=IFCPROPERTYSET('nvEFHRr1GpYNvJf$6Dr$Az',#6,'OPS_Assignments',$,(#1327,#1328));
#1330=IFCRELDEFINESBYPROPERTIES('8hQJJTX7CzEv6p5HmnTNId',#6,$,$,(#238),#1329);
#1331=IFCPROPERTYSINGLEVALUE('H57rNFCVf5f5z7_n3H7b1f#0',$,IFCTEXT('2|UNIFORM'),$);
#1332=IFCPROPERTYSINGLEVALUE('NZ5n9VQVRVjv_jRn83djsP#1',$,IFCTEXT('1|UNIFORM'),$);
#1333=IFCPROPERTYSET('hvqpX9a$UDUNRrUXj5DPtH',#6,'OPS_Assignments',$,(#1331,#1332));
#1334=IFCRELDEFINESBYPROPERTIES('azCDTtz1Gj2bfdYX7xs3dL',#6,$,$,(#240),#1333);
#1335=IFCPROPERTYSINGLEVALUE('KPG7zLqne7LHndQ1oH9reL#0',$,IFCTEXT('2|UNIFORM'),$);
#1336=IFCPROPERTYSINGLEVALUE('NZ5n9VQVRVjv_jRn83djsP#1',$,IFCTEXT('1|UNIFORM'),$);
#1337=IFCPROPERTYSET('pr$BH59Nq7OtTrIX_ts9af',#6,'OPS_Assignments',$,(#1335,#1336));
#1338=IFCRELDEFINESBYPROPERTIES('ivah7B876HOdqrM$jx39GH',#6,$,$,(#242),#1337);
#1339=IFCPROPERTYSINGLEVALUE('H57rNFCVf5f5z7_n3H7b1f#0',$,IFCTEXT('2|UNIFORM'),$);
#1340=IFCPROPERTYSINGLEVALUE('NZ5n9VQVRVjv_jRn83djsP#1',$,IFCTEXT('1|UNIFORM'),$);
#1341=IFCPROPERTYSET('FPg3cjEHrZ4L2dEXWNUhUp',#6,'OPS_Assignments',$,(#1339,#1340));
#1342=IFCRELDEFINESBYPROPERTIES('8rAvjT9NcV293RGVSRdx3r',#6,$,$,(#244),#1341);
#1343=IFCPROPERTYSINGLEVALUE('KPG7zLqne7LHndQ1oH9reL#0',$,IFCTEXT('2|UNIFORM'),$);
#1344=IFCPROPERTYSINGLEVALUE('NZ5n9VQVRVjv_jRn83djsP#1',$,IFCTEXT('1|UNIFORM'),$);
#1345=IFCPROPERTYSET('gZ5n1ZGfk1HB03Tlq3Olvx',#6,'OPS_Assignments',$,(#1343,#1344));
#1346=IFCRELDEFINESBYPROPERTIES('FvklP5gPLJwJYTpn9dOXWv',#6,$,$,(#246),#1345);
#1347=IFCPROPERTYSINGLEVALUE('H57rNFCVf5f5z7_n3H7b1f#0',$,IFCTEXT('2|UNIFORM'),$);
#1348=IFCPROPERTYSINGLEVALUE('NZ5n9VQVRVjv_jRn83djsP#1',$,IFCTEXT('1|UNIFORM'),$);
#1349=IFCPROPERTYSET('oBvZK9T$6HmVMfGX_5r$AP',#6,'OPS_Assignments',$,(#1347,#1348));
#1350=IFCRELDEFINESBYPROPERTIES('h7SzcJ2FiNYNxbiHuz15b1',#6,$,$,(#248),#1349);
#1351=IFCPROPERTYSINGLEVALUE('KPG7zLqne7LHndQ1oH9reL#0',$,IFCTEXT('2|UNIFORM'),$);
#1352=IFCPROPERTYSINGLEVALUE('NZ5n9VQVRVjv_jRn83djsP#1',$,IFCTEXT('1|UNIFORM'),$);
#1353=IFCPROPERTYSET('6BIlVtCXzZwj2PkXgriJEx',#6,'OPS_Assignments',$,(#1351,#1352));
#1354=IFCRELDEFINESBYPROPERTIES('1nBFb1Nf63E7_pXXe5_rKD',#6,$,$,(#250),#1353);
#1355=IFCPROPERTYSINGLEVALUE('H57rNFCVf5f5z7_n3H7b1f#0',$,IFCTEXT('2|UNIFORM'),$);
#1356=IFCPROPERTYSINGLEVALUE('NZ5n9VQVRVjv_jRn83djsP#1',$,IFCTEXT('1|UNIFORM'),$);
#1357=IFCPROPERTYSET('X34TihbF63AlfxSFvVJ73v',#6,'OPS_Assignments',$,(#1355,#1356));
#1358=IFCRELDEFINESBYPROPERTIES('Q$X32hqFW5N5Bp1XUrBn7N',#6,$,$,(#252),#1357);
#1359=IFCPROPERTYSINGLEVALUE('KPG7zLqne7LHndQ1oH9reL#0',$,IFCTEXT('2|UNIFORM'),$);
#1360=IFCPROPERTYSINGLEVALUE('NZ5n9VQVRVjv_jRn83djsP#1',$,IFCTEXT('1|UNIFORM'),$);
#1361=IFCPROPERTYSET('vHhl3v9Na1NTfbe1i$fhQB',#6,'OPS_Assignments',$,(#1359,#1360));
#1362=IFCRELDEFINESBYPROPERTIES('EhLl9zLHJt7p03hFRxs3tj',#6,$,$,(#254),#1361);
#1363=IFCPROPERTYSINGLEVALUE('H57rNFCVf5f5z7_n3H7b1f#0',$,IFCTEXT('2|UNIFORM'),$);
#1364=IFCPROPERTYSINGLEVALUE('NZ5n9VQVRVjv_jRn83djsP#1',$,IFCTEXT('1|UNIFORM'),$);
#1365=IFCPROPERTYSET('UXj7HRr1G30FVbaHpP4THr',#6,'OPS_Assignments',$,(#1363,#1364));
#1366=IFCRELDEFINESBYPROPERTIES('f3vB5lnPLpMFt9KFQTj7Zt',#6,$,$,(#256),#1365);
#1367=IFCPROPERTYSINGLEVALUE('KPG7zLqne7LHndQ1oH9reL#0',$,IFCTEXT('2|UNIFORM'),$);
#1368=IFCPROPERTYSINGLEVALUE('NZ5n9VQVRVjv_jRn83djsP#1',$,IFCTEXT('1|UNIFORM'),$);
#1369=IFCPROPERTYSET('X3Cx2hKngRz7_dg$JxJvhJ',#6,'OPS_Assignments',$,(#1367,#1368));
#1370=IFCRELDEFINESBYPROPERTIES('c1fbCxvtBzed4T5lCHrntH',#6,$,$,(#258),#1369);
#1371=IFCPROPERTYSINGLEVALUE('H57rNFCVf5f5z7_n3H7b1f#0',$,IFCTEXT('2|UNIFORM'),$);
#1372=IFCPROPERTYSINGLEVALUE('NZ5n9VQVRVjv_jRn83djsP#1',$,IFCTEXT('1|UNIFORM'),$);
#1373=IFCPROPERTYSET('zFxXaDE9vNUf$$d$uZR12T',#6,'OPS_Assignments',$,(#1371,#1372));
#1374=IFCRELDEFINESBYPROPERTIES('sJxV8LqXb1VRhfSnFxDdrP',#6,$,$,(#260),#1373);
#1375=IFCPROPERTYSINGLEVALUE('KPG7zLqne7LHndQ1oH9reL#0',$,IFCTEXT('2|UNIFORM'),$);
#1376=IFCPROPERTYSINGLEVALUE('NZ5n9VQVRVjv_jRn83djsP#1',$,IFCTEXT('1|UNIFORM'),$);
#1377=IFCPROPERTYSET('BjLl9Zd9DbTPWJnV5lBFrd',#6,'OPS_Assignments',$,(#1375,#1376));
#1378=IFCRELDEFINESBYPROPERTIES('IfuFlxVPZDufnPM1jxbnDp',#6,$,$,(#262),#1377);
#1379=IFCPROPERTYSINGLEVALUE('H57rNFCVf5f5z7_n3H7b1f#0',$,IFCTEXT('2|UNIFORM'),$);
#1380=IFCPROPERTYSINGLEVALUE('NZ5n9VQVRVjv_jRn83djsP#1',$,IFCTEXT('1|UNIFORM'),$);
#1381=IFCPROPERTYSET('q9gPbRh12zO9lzd1nRVDyL',#6,'OPS_Assignments',$,(#1379,#1380));
#1382=IFCRELDEFINESBYPROPERTIES('5LsTKr79FTATh3N$olHzPr',#6,$,$,(#264),#1381);
#1383=IFCPROPERTYSINGLEVALUE('KPG7zLqne7LHndQ1oH9reL#0',$,IFCTEXT('2|UNIFORM'),$);
#1384=IFCPROPERTYSINGLEVALUE('NZ5n9VQVRVjv_jRn83djsP#1',$,IFCTEXT('1|UNIFORM'),$);
#1385=IFCPROPERTYSET('dVL$AHv9hjATzvYFHdyZtH',#6,'OPS_Assignments',$,(#1383,#1384));
#1386=IFCRELDEFINESBYPROPERTIES('kxvrvP5XFF4h_plVLzvD8R',#6,$,$,(#266),#1385);
#1387=IFCPROPERTYSINGLEVALUE('H57rNFCVf5f5z7_n3H7b1f#0',$,IFCTEXT('2|UNIFORM'),$);
#1388=IFCPROPERTYSINGLEVALUE('NZ5n9VQVRVjv_jRn83djsP#1',$,IFCTEXT('1|UNIFORM'),$);
#1389=IFCPROPERTYSET('4n7ZWVL$kX3f$Vzl2tgNYF',#6,'OPS_Assignments',$,(#1387,#1388));
#1390=IFCRELDEFINESBYPROPERTIES('BpVLdRIHjh15xbanHrpdjz',#6,$,$,(#268),#1389);
#1391=IFCPROPERTYSINGLEVALUE('KPG7zLqne7LHndQ1oH9reL#0',$,IFCTEXT('2|UNIFORM'),$);
#1392=IFCPROPERTYSINGLEVALUE('NZ5n9VQVRVjv_jRn83djsP#1',$,IFCTEXT('1|UNIFORM'),$);
#1393=IFCPROPERTYSET('JxdLlX3lLPCx$XjlFNI5ZR',#6,'OPS_Assignments',$,(#1391,#1392));
#1394=IFCRELDEFINESBYPROPERTIES('CNoRCdbX7fMF7V7$fjP57f',#6,$,$,(#270),#1393);
#1395=IFCPROPERTYSINGLEVALUE('H57rNFCVf5f5z7_n3H7b1f#0',$,IFCTEXT('2|UNIFORM'),$);
#1396=IFCPROPERTYSINGLEVALUE('NZ5n9VQVRVjv_jRn83djsP#1',$,IFCTEXT('1|UNIFORM'),$);
#1397=IFCPROPERTYSET('W1t5_7l7OPNxFvcHb17Rvb',#6,'OPS_Assignments',$,(#1395,#1396));
#1398=IFCRELDEFINESBYPROPERTIES('PX3t_rePfbx1GxSlHLfTJz',#6,$,$,(#272),#1397);
#1399=IFCPROPERTYSINGLEVALUE('KPG7zLqne7LHndQ1oH9reL#0',$,IFCTEXT('2|UNIFORM'),$);
#1400=IFCPROPERTYSINGLEVALUE('NZ5n9VQVRVjv_jRn83djsP#1',$,IFCTEXT('1|UNIFORM'),$);
#1401=IFCPROPERTYSET('F7sv$3y$Gz8vAxKnY7G9G1',#6,'OPS_Assignments',$,(#1399,#1400));
#1402=IFCRELDEFINESBYPROPERTIES('uLYhJXolVRz76jN$sxEbxr',#6,$,$,(#274),#1401);
#1403=IFCPROPERTYSINGLEVALUE('H57rNFCVf5f5z7_n3H7b1f#0',$,IFCTEXT('2|UNIFORM'),$);
#1404=IFCPROPERTYSINGLEVALUE('NZ5n9VQVRVjv_jRn83djsP#1',$,IFCTEXT('1|UNIFORM'),$);
#1405=IFCPROPERTYSET('YZelj$gdRBVRPnVV0P4LA3',#6,'OPS_Assignments',$,(#1403,#1404));
#1406=IFCRELDEFINESBYPROPERTIES('R$ljHbDn2ZC57j$VuBqDqF',#6,$,$,(#276),#1405);
#1407=IFCPROPERTYSINGLEVALUE('KPG7zLqne7LHndQ1oH9reL#0',$,IFCTEXT('2|UNIFORM'),$);
#1408=IFCPROPERTYSINGLEVALUE('NZ5n9VQVRVjv_jRn83djsP#1',$,IFCTEXT('1|UNIFORM'),$);
#1409=IFCPROPERTYSET('S3qpt3RF2f2tjJVV_t2HF$',#6,'OPS_Assignments',$,(#1407,#1408));
#1410=IFCRELDEFINESBYPROPERTIES('TVxnzBmfoFFDKbiFk38n1p',#6,$,$,(#278),#1409);
#1411=IFCPROPERTYSINGLEVALUE('H57rNFCVf5f5z7_n3H7b1f#0',$,IFCTEXT('2|UNIFORM'),$);
#1412=IFCPROPERTYSINGLEVALUE('NZ5n9VQVRVjv_jRn83djsP#1',$,IFCTEXT('1|UNIFORM'),$);
#1413=IFCPROPERTYSET('bVBV4Vg1QV6$G5ilejH3v5',#6,'OPS_Assignments',$,(#1411,#1412));
#1414=IFCRELDEFINESBYPROPERTIES('ix1T0HHdxFnpmbu15nVbJX',#6,$,$,(#280),#1413);
#1415=IFCPROPERTYSINGLEVALUE('KPG7zLqne7LHndQ1oH9reL#0',$,IFCTEXT('2|UNIFORM'),$);
#1416=IFCPROPERTYSINGLEVALUE('NZ5n9VQVRVjv_jRn83djsP#1',$,IFCTEXT('1|UNIFORM'),$);
#1417=IFCPROPERTYSET('rDHbC5l7G30F9tyn$VPjk7',#6,'OPS_Assignments',$,(#1415,#1416));
#1418=IFCRELDEFINESBYPROPERTIES('Itq5sLDXHDWH9rg1vxYLUp',#6,$,$,(#282),#1417);
#1419=IFCPROPERTYSINGLEVALUE('KPG7zLqne7LHndQ1oH9reL#0',$,IFCTEXT('2|UNIFORM'),$);
#1420=IFCPROPERTYSET('UX5nzhin_TqxRLwltPOX4v',#6,'OPS_Assignments',$,(#1419));
#1421=IFCRELDEFINESBYPROPERTIES('NzlJnh5Fq7GXohkFqnnh2z',#6,$,$,(#284),#1420);
#1422=IFCPROPERTYSINGLEVALUE('KPG7zLqne7LHndQ1oH9reL#0',$,IFCTEXT('2|UNIFORM'),$);
#1423=IFCPROPERTYSINGLEVALUE('NZ5n9VQVRVjv_jRn83djsP#1',$,IFCTEXT('1|UNIFORM'),$);
#1424=IFCPROPERTYSET('8DvZKL31Srb1yt4n1$jv5B',#6,'OPS_Assignments',$,(#1422,#1423));
#1425=IFCRELDEFINESBYPROPERTIES('nrXLxLRnUJ6jMLglYLvD8R',#6,$,$,(#286),#1424);
#1426=IFCPROPERTYSINGLEVALUE('pLLHXfmNox$TXHXXQZhHn$#0',$,IFCTEXT('2|UNIFORM'),$);
#1427=IFCPROPERTYSET('Q1NR4Xs1uXMF5lf12xZfkv',#6,'OPS_Assignments',$,(#1426));
#1428=IFCRELDEFINESBYPROPERTIES('JbZf8red7TqTjVf1YrZtuJ',#6,$,$,(#300),#1427);
#1429=IFCPROPERTYSINGLEVALUE('pLLHXfmNox$TXHXXQZhHn$#0',$,IFCTEXT('2|UNIFORM'),$);
#1430=IFCPROPERTYSET('Y$XzgRxXPD6$4fGVOJ$JkP',#6,'OPS_Assignments',$,(#1429));
#1431=IFCRELDEFINESBYPROPERTIES('NTh16vYNy5N5P3xnolH3Tt',#6,$,$,(#302),#1430);
#1432=IFCPROPERTYSINGLEVALUE('pLLHXfmNox$TXHXXQZhHn$#0',$,IFCTEXT('2|UNIFORM'),$);
#1433=IFCPROPERTYSET('1jQJBP2nWRptlzP$71XpeZ',#6,'OPS_Assignments',$,(#1432));
#1434=IFCRELDEFINESBYPROPERTIES('6HJP1dcXBtMzJpblARI$A3',#6,$,$,(#320),#1433);
#1435=IFCPROPERTYSINGLEVALUE('pLLHXfmNox$TXHXXQZhHn$#0',$,IFCTEXT('2|UNIFORM'),$);
#1436=IFCPROPERTYSET('bX5FP9DX9XDPSpXXG$rFJZ',#6,'OPS_Assignments',$,(#1435));
#1437=IFCRELDEFINESBYPROPERTIES('i5ljDDtNCTcpCFt$LzHrOT',#6,$,$,(#322),#1436);
#1438=IFCPROPERTYSINGLEVALUE('pLLHXfmNox$TXHXXQZhHn$#0',$,IFCTEXT('2|UNIFORM'),$);
#1439=IFCPROPERTYSET('XV39w7k9hdKRnpt1PFfT7N',#6,'OPS_Assignments',$,(#1438));
#1440=IFCRELDEFINESBYPROPERTIES('Oz95kny$4F1ZBjBF9znLob',#6,$,$,(#340),#1439);
#1441=IFCPROPERTYSINGLEVALUE('pLLHXfmNox$TXHXXQZhHn$#0',$,IFCTEXT('2|UNIFORM'),$);
#1442=IFCPROPERTYSET('3H9DzP5X1fZ95F5liDszNZ',#6,'OPS_Assignments',$,(#1441));
#1443=IFCRELDEFINESBYPROPERTIES('sp9ptZfNWb5$0zbF4hdjMp',#6,$,$,(#342),#1442);
#1444=IFCPROPERTYSINGLEVALUE('7rEFj3Z129QDGLMlMr4TxF#0',$,IFCTEXT('3|UNIFORM'),$);
#1445=IFCPROPERTYSET('6hsTCxNNwlOdKXd1ZVPJQr',#6,'OPS_Assignments',$,(#1444));
#1446=IFCRELDEFINESBYPROPERTIES('$l$BrPM1sfLHPT9$HrhHpl',#6,$,$,(#372),#1445);
#1447=IFCPROPERTYSINGLEVALUE('7rEFj3Z129QDGLMlMr4TxF#0',$,IFCTEXT('3|UNIFORM'),$);
#1448=IFCPROPERTYSET('6hERy3S1ALHBKbalBppPrd',#6,'OPS_Assignments',$,(#1447));
#1449=IFCRELDEFINESBYPROPERTIES('$l7TWVjnelGVoLYnphdJYp',#6,$,$,(#374),#1448);
#1450=IFCPROPERTYSINGLEVALUE('3HNJfnSlt1Vbfds17XDPLN#0',$,IFCTEXT('1|UNIFORM'),$);
#1451=IFCPROPERTYSET('Z1fRG9SHbLrFfd2XXjI$ob',#6,'OPS_Assignments',$,(#1450));
#1452=IFCRELDEFINESBYPROPERTIES('gTZfCdzljh9zxlnXprjv9J',#6,$,$,(#384),#1451);
#1453=IFCPROPERTYSINGLEVALUE('7rEFj3Z129QDGLMlMr4TxF#0',$,IFCTEXT('3|UNIFORM'),$);
#1454=IFCPROPERTYSET('7hwDNDffsLPJInjnT3mNgj',#6,'OPS_Assignments',$,(#1453));
#1455=IFCRELDEFINESBYPROPERTIES('0FTNirFdxRD9v$pn9dGNsd',#6,$,$,(#390),#1454);
#1456=IFCPROPERTYSINGLEVALUE('7rEFj3Z129QDGLMlMr4TxF#0',$,IFCTEXT('3|UNIFORM'),$);
#1457=IFCPROPERTYSET('lfeH3dB$8NBFDzhFZXXbhJ',#6,'OPS_Assignments',$,(#1456));
#1458=IFCRELDEFINESBYPROPERTIES('ebOl1dUFcJ4LghMlczdjwV',#6,$,$,(#392),#1457);
#1459=IFCPROPERTYSINGLEVALUE('3HNJfnSlt1Vbfds17XDPLN#0',$,IFCTEXT('1|UNIFORM'),$);
#1460=IFCPROPERTYSET('lRRHnFZ1oFPr8l71BtQvVP',#6,'OPS_Assignments',$,(#1459));
#1461=IFCRELDEFINESBYPROPERTIES('A9cNanSlp7JfNb0XF9I1YF',#6,$,$,(#402),#1460);
#1462=IFCPROPERTYSINGLEVALUE('7rEFj3Z129QDGLMlMr4TxF#0',$,IFCTEXT('3|UNIFORM'),$);
#1463=IFCPROPERTYSET('zjULXNuPlj4pe7slWN6jIB',#6,'OPS_Assignments',$,(#1462));
#1464=IFCRELDEFINESBYPROPERTIES('ylb16PElXb37EV5FgnFLYD',#6,$,$,(#408),#1463);
#1465=IFCPROPERTYSINGLEVALUE('7rEFj3Z129QDGLMlMr4TxF#0',$,IFCTEXT('3|UNIFORM'),$);
#1466=IFCPROPERTYSET('ItaLbb5XtLJvgBg1Nj7bJ1',#6,'OPS_Assignments',$,(#1465));
#1467=IFCRELDEFINESBYPROPERTIES('d5ahtZPtFnajsPg$5FHBKJ',#6,$,$,(#410),#1466);
#1468=IFCPROPERTYSINGLEVALUE('3HNJfnSlt1Vbfds17XDPLN#0',$,IFCTEXT('1|UNIFORM'),$);
#1469=IFCPROPERTYSET('3FR$_v9fS193B7QHNjFTTR',#6,'OPS_Assignments',$,(#1468));
#1470=IFCRELDEFINESBYPROPERTIES('sjR$wPYF6H8vUfyFLvqpiD',#6,$,$,(#420),#1469);
#1471=IFCPROPERTYSINGLEVALUE('7nHRGN0tt$NZtBoX8LmteT#0',$,IFCTEXT('3|UNIFORM'),$);
#1472=IFCPROPERTYSET('QVJvlxnv23G$mBw$OpZNMf',#6,'OPS_Assignments',$,(#1471));
#1473=IFCRELDEFINESBYPROPERTIES('Jx7rxFbnE5drWpLH9dmNgD',#6,$,$,(#428),#1472);
#1474=IFCPROPERTYSINGLEVALUE('_p6t_7H70BVR35qFqF151J#0',$,IFCTEXT('3|FRONT_LOADED'),$);
#1475=IFCPROPERTYSET('wBcf0FpVr3WlPzxFc3tzTN',#6,'OPS_Assignments',$,(#1474));
#1476=IFCRELDEFINESBYPROPERTIES('1Fztgbh1_9kLQHjHvxk5Dp',#6,$,$,(#430),#1475);
#1477=IFCPROPERTYSINGLEVALUE('9tY1M$nvsLHruf4Fb$9r0f#0',$,IFCTEXT('2|BACK_LOADED'),$);
#1478=IFCPROPERTYSET('nBvZyz4$eHufRLonMlb$Et',#6,'OPS_Assignments',$,(#1477));
#1479=IFCRELDEFINESBYPROPERTIES('MvS3cpUNeHuvAb0XjRfL6X',#6,$,$,(#432),#1478);
#1480=IFCPROPERTYSINGLEVALUE('7rEFj3Z129QDGLMlMr4TxF#0',$,IFCTEXT('3|BELL'),$);
#1481=IFCPROPERTYSET('Pbelvr8dznCZ7J9$uraBm$',#6,'OPS_Assignments',$,(#1480));
#1482=IFCRELDEFINESBYPROPERTIES('WVxnB7YNCZwjwDxlK11jsv',#6,$,$,(#434),#1481);
#1483=IFCPROPERTYSINGLEVALUE('FrXhHVDFUP4DCFlVD7m9Wd#0',$,IFCTEXT('3|EARLY_PEAK'),$);
#1484=IFCPROPERTYSET('1nDvL9CFKDGX2pFXT30vpn',#6,'OPS_Assignments',$,(#1483));
#1485=IFCRELDEFINESBYPROPERTIES('8jD77vHvutHBOX3H6pr1wx',#6,$,$,(#436),#1484);
#1486=IFCPROPERTYSINGLEVALUE('_p6t_7H70BVR35qFqF151J#0',$,IFCTEXT('2|LATE_PEAK'),$);
#1487=IFCPROPERTYSET('ZXjv3LCVNb5$i581vRoXab',#6,'OPS_Assignments',$,(#1486));
#1488=IFCRELDEFINESBYPROPERTIES('M3HJXpw7cjyLUz1X0velbR',#6,$,$,(#438),#1487);
#1489=IFCPROPERTYSINGLEVALUE('7nHRGN0tt$NZtBoX8LmteT#0',$,IFCTEXT('3|UNIFORM'),$);
#1490=IFCPROPERTYSET('CrvTW$H7Ov37QHBFJb$jEf',#6,'OPS_Assignments',$,(#1489));
#1491=IFCRELDEFINESBYPROPERTIES('j9yrTbUn2TKbzbGVYhPj_T',#6,$,$,(#446),#1490);
#1492=IFCPROPERTYSINGLEVALUE('_p6t_7H70BVR35qFqF151J#0',$,IFCTEXT('3|FRONT_LOADED'),$);
#1493=IFCPROPERTYSET('ZVxnFrlPtLLHpHbnGnhVu5',#6,'OPS_Assignments',$,(#1492));
#1494=IFCRELDEFINESBYPROPERTIES('gzfbCdB1OvJfvDBlDBLH9p',#6,$,$,(#448),#1493);
#1495=IFCPROPERTYSINGLEVALUE('9tY1M$nvsLHruf4Fb$9r0f#0',$,IFCTEXT('2|BACK_LOADED'),$);
#1496=IFCPROPERTYSET('GfeHrz4HrNcXYzt$4dGfIr',#6,'OPS_Assignments',$,(#1495));
#1497=IFCRELDEFINESBYPROPERTIES('NdelXtCnKJyL_pFV752raf',#6,$,$,(#450),#1496);
#1498=IFCPROPERTYSINGLEVALUE('7rEFj3Z129QDGLMlMr4TxF#0',$,IFCTEXT('3|BELL'),$);
#1499=IFCPROPERTYSET('_ps77dDn23WlL3f1YPqpKJ',#6,'OPS_Assignments',$,(#1498));
#1500=IFCRELDEFINESBYPROPERTIES('xHjPDF4lbV3fJ1RHoHH3Rx',#6,$,$,(#452),#1499);
#1501=IFCPROPERTYSINGLEVALUE('FrXhHVDFUP4DCFlVD7m9Wd#0',$,IFCTEXT('3|EARLY_PEAK'),$);
#1502=IFCPROPERTYSET('a3SzAhz1CTATzdIVUBrn3B',#6,'OPS_Assignments',$,(#1501));
#1503=IFCRELDEFINESBYPROPERTIES('ZVBVWXzlFHOded2XXj_Hbb',#6,$,$,(#454),#1502);
#1504=IFCPROPERTYSINGLEVALUE('_p6t_7H70BVR35qFqF151J#0',$,IFCTEXT('2|LATE_PEAK'),$);
#1505=IFCPROPERTYSET('Q1NbSFy1it6jU3v1przN2T',#6,'OPS_Assignments',$,(#1504));
#1506=IFCRELDEFINESBYPROPERTIES('JRTfOxk9zzYfdzhn3nLV0t',#6,$,$,(#456),#1505);
#1507=IFCPROPERTYSINGLEVALUE('7nHRGN0tt$NZtBoX8LmteT#0',$,IFCTEXT('3|UNIFORM'),$);
#1508=IFCPROPERTYSET('phJdvhqFWxPrufandFlrSN',#6,'OPS_Assignments',$,(#1507));
#1509=IFCRELDEFINESBYPROPERTIES('KPGvXj_nGJUxBJ5FIz0vZf',#6,$,$,(#464),#1508);
#1510=IFCPROPERTYSINGLEVALUE('_p6t_7H70BVR35qFqF151J#0',$,IFCTEXT('3|FRONT_LOADED'),$);
#1511=IFCPROPERTYSET('5hERmvcvWxtR$hslG1R1k7',#6,'OPS_Assignments',$,(#1510));
#1512=IFCRELDEFINESBYPROPERTIES('_nxVKfP9nHetFDP$0PKJoN',#6,$,$,(#466),#1511);
#1513=IFCPROPERTYSINGLEVALUE('9tY1M$nvsLHruf4Fb$9r0f#0',$,IFCTEXT('2|BACK_LOADED'),$);
#1514=IFCPROPERTYSET('orlbOTXva1XRjjN1gLOHXv',#6,'OPS_Assignments',$,(#1513));
#1515=IFCRELDEFINESBYPROPERTIES('L7C5g19NCzUftB2XHhfTzL',#6,$,$,(#468),#1514);
#1516=IFCPROPERTYSINGLEVALUE('7rEFj3Z129QDGLMlMr4TxF#0',$,IFCTEXT('3|BELL'),$);
#1517=IFCPROPERTYSET('ixdLxr7t$rT9JpDFHrJvbb',#6,'OPS_Assignments',$,(#1516));
#1518=IFCRELDEFINESBYPROPERTIES('DdMz_ru72TyhAR0VJ55HLJ',#6,$,$,(#470),#1517);
#1519=IFCPROPERTYSINGLEVALUE('FrXhHVDFUP4DCFlVD7m9Wd#0',$,IFCTEXT('3|EARLY_PEAK'),$);
#1520=IFCPROPERTYSET('f74ZyTGNg7p9ZhYFphfTT5',#6,'OPS_Assignments',$,(#1519));
#1521=IFCRELDEFINESBYPROPERTIES('Y3yZ8DvtHjKzjj$XmHXpuJ',#6,$,$,(#472),#1520);
#1522=IFCPROPERTYSINGLEVALUE('_p6t_7H70BVR35qFqF151J#0',$,IFCTEXT('2|LATE_PEAK'),$);
#1523=IFCPROPERTYSET('wlR$kp$PxbLHFdIXgFt3rT',#6,'OPS_Assignments',$,(#1522));
#1524=IFCRELDEFINESBYPROPERTIES('DLDv9$QvqPyhMrEVGFpPvf',#6,$,$,(#474),#1523);
#1525=IFCRELASSIGNSTOCONTROL('rDVhNjbXHjyDCF$VkTSruD',#6,$,$,(#42,#44,#46,#48,#50,#52,#54,#56,#58,#60,#62,#64,#66,#68,#70,#72,#74,#76,#78,#80,#82,#84,#86,#88,#90,#92,#94,#96,#98,#100,#102,#104,#106,#108,#110,#112,#114,#116,#118,#120,#122,#124,#126,#128,#130,#132,#134,#136,#138,#140,#142,#144,#146,#148,#150,#152,#154,#156,#158,#160,#162,#164,#166,#168,#170,#172,#174,#176,#178,#180,#182,#184,#186,#188,#190,#192,#194,#196,#198,#200,#202,#204,#206,#208,#210,#212,#214,#216,#218,#220,#222,#224,#226,#228,#230,#232,#234,#236,#238,#240,#242,#244,#246,#248,#250,#252,#254,#256,#258,#260,#262,#264,#266,#268,#270,#272,#274,#276,#278,#280,#282,#284,#286,#288,#290,#292,#294,#296,#298,#300,#302,#304,#306,#308,#310,#312,#314,#316,#318,#320,#322,#324,#326,#328,#330,#332,#334,#336,#338,#340,#342,#344,#346,#348,#350,#352,#354,#356,#358,#360,#362,#364,#366,#368,#370,#372,#374,#376,#378,#380,#382,#384,#386,#388,#390,#392,#394,#396,#398,#400,#402,#404,#406,#408,#410,#412,#414,#416,#418,#420,#422,#424,#426,#428,#430,#432,#434,#436,#438,#440,#442,#444,#446,#448,#450,#452,#454,#456,#458,#460,#462,#464,#466,#468,#470,#472,#474,#476,#478,#480,#482,#484,#486,#488,#490,#492,#494,#496,#498,#500,#502,#504,#506,#508,#510,#512,#514,#516,#518,#520,#522,#524,#526,#528,#530,#532,#534,#536,#538,#540,#542,#544,#546,#548,#550,#552,#554,#556,#558,#560),$,#37);
#1526=IFCPROPERTYSINGLEVALUE('wbsAutoNumber',$,IFCBOOLEAN(.T.),$);
#1527=IFCPROPERTYSINGLEVALUE('StatusDate',$,IFCDATE('2027-06-10'),$);
#1528=IFCPROPERTYSINGLEVALUE('ProjectStartDate',$,IFCDATE('2027-03-01'),$);
#1529=IFCPROPERTYSINGLEVALUE('ProjectEndDate',$,$,$);
#1530=IFCPROPERTYSINGLEVALUE('CreatedAt',$,IFCTEXT('2026-07-28T13:22:43.388Z'),$);
#1531=IFCPROPERTYSINGLEVALUE('ModifiedAt',$,IFCTEXT('2026-07-28T13:22:47.428Z'),$);
#1532=IFCPROPERTYSET('e5a3ArlP$tNZvpDF1ZK5n5',#6,'OPS_ProjectSettings',$,(#1526,#1527,#1528,#1529,#1530,#1531));
#1533=IFCRELDEFINESBYPROPERTIES('0Hdzo1sPJhdjQlBF$1BF9l',#6,$,$,(#13),#1532);
#1534=IFCPROPERTYSINGLEVALUE('structure',$,IFCTEXT('{"activityCodeTypes":[{"id":"act-ms4or9rxivbs333","name":"Tower","values":[{"code":"A","description":"Tower A","id":"acv-ms4or9ryb8wm334"},{"code":"B","description":"Tower B","id":"acv-ms4or9ryj1ew335"},{"code":"C","description":"Tower C","id":"acv-ms4or9rynge4336"},{"code":"GEN","description":"General / shared","color":"#6b7280","id":"acv-ms4or9ryw2im337"}]},{"id":"act-ms4or9rzamiq338","name":"Discipline","values":[{"code":"CIV","description":"Civil works","color":"#78350f","id":"acv-ms4or9rzpmsh339"},{"code":"STR","description":"Structural works","color":"#b45309","id":"acv-ms4or9s0iys5340"},{"code":"MEP","description":"Building services","color":"#0891b2","id":"acv-ms4or9s0o82s341"},{"code":"FIT","description":"Fit-out","color":"#7c3aed","id":"acv-ms4or9s0w4k0342"}]}],"customFieldDefs":[{"id":"cfd-ms4or9s1c8p2343","name":"Cost estimate","type":"cost"},{"id":"cfd-ms4or9s1myb0344","name":"Permit number","type":"text"},{"id":"cfd-ms4or9s1kbsh345","name":"Critical delivery","type":"boolean"}]}'),$);
#1535=IFCPROPERTYSET('d1lJfFqnq7WHJVnX3jMfA7',#6,'OPS_StructureMeta',$,(#1534));
#1536=IFCRELDEFINESBYPROPERTIES('$p_Xq51dhpYNtr61aNobxL',#6,$,$,(#13),#1535);
#1537=IFCSIMPLEPROPERTYTEMPLATE('xhsTOb2FCvedSjzHoHXp8D',#6,'Cost estimate',$,.P_SINGLEVALUE.,'IfcMonetaryMeasure',$,$,$,$,$,$);
#1538=IFCSIMPLEPROPERTYTEMPLATE('d5q5wPoHRLZtdFd$CFnhM9',#6,'Permit number',$,.P_SINGLEVALUE.,'IfcText',$,$,$,$,$,$);
#1539=IFCSIMPLEPROPERTYTEMPLATE('uJ5XOTNf459bdnnV3D_BmF',#6,'Critical delivery',$,.P_SINGLEVALUE.,'IfcBoolean',$,$,$,$,$,$);
#1540=IFCPROPERTYSETTEMPLATE('gv4T8LKngvJN55WVXp_rmX',#6,'OPS_CustomFields',$,.PSET_OCCURRENCEDRIVEN.,'IfcTask',(#1537,#1538,#1539));
#1541=IFCPROPERTYENUMERATION('Tower',(IFCLABEL('A'),IFCLABEL('B'),IFCLABEL('C'),IFCLABEL('GEN')),$);
#1542=IFCSIMPLEPROPERTYTEMPLATE('H5t52LCneH0nFJBnTTqR5h',#6,'Tower',$,.P_ENUMERATEDVALUE.,$,$,#1541,$,$,$,$);
#1543=IFCPROPERTYENUMERATION('Discipline',(IFCLABEL('CIV'),IFCLABEL('STR'),IFCLABEL('MEP'),IFCLABEL('FIT')),$);
#1544=IFCSIMPLEPROPERTYTEMPLATE('4D6tgbRXpvbX6$5lmlNhQB',#6,'Discipline',$,.P_ENUMERATEDVALUE.,$,$,#1543,$,$,$,$);
#1545=IFCPROPERTYSETTEMPLATE('tJJd1dA$aLdjIl71vxYhUl',#6,'OPS_ActivityCodes',$,.PSET_OCCURRENCEDRIVEN.,'IfcTask',(#1542,#1544));
#1546=IFCRELDECLARES('SXbHJ$I9R1lB4ZTn_bVpab',#6,$,$,#13,(#1540,#1545));
#1547=IFCPROPERTYENUMERATEDVALUE('Tower',$,(IFCLABEL('GEN')),$);
#1548=IFCPROPERTYENUMERATEDVALUE('Discipline',$,(IFCLABEL('CIV')),$);
#1549=IFCPROPERTYSET('V$lj9$sd73e9rdIXUhPJMp',#6,'OPS_ActivityCodes',$,(#1547,#1548));
#1550=IFCRELDEFINESBYPROPERTIES('tJ39cty1itU5f5Knwppdzr',#6,$,$,(#44),#1549);
#1551=IFCPROPERTYENUMERATEDVALUE('Tower',$,(IFCLABEL('GEN')),$);
#1552=IFCPROPERTYENUMERATEDVALUE('Discipline',$,(IFCLABEL('CIV')),$);
#1553=IFCPROPERTYSET('t9cNuDdt19Xbzb8$Uv8FHB',#6,'OPS_ActivityCodes',$,(#1551,#1552));
#1554=IFCRELDEFINESBYPROPERTIES('XZ09o$UfC3UfBDFXJb$jYn',#6,$,$,(#46),#1553);
#1555=IFCPROPERTYSINGLEVALUE('Permit number',$,IFCTEXT('OV-2026-00417'),$);
#1556=IFCPROPERTYSET('n7oF3L4HZpGXUNilOjnTtF',#6,'OPS_CustomFields',$,(#1555));
#1557=IFCRELDEFINESBYPROPERTIES('dR0tknylR1XRfvgHEF39mX',#6,$,$,(#48),#1556);
#1558=IFCPROPERTYENUMERATEDVALUE('Tower',$,(IFCLABEL('GEN')),$);
#1559=IFCPROPERTYENUMERATEDVALUE('Discipline',$,(IFCLABEL('CIV')),$);
#1560=IFCPROPERTYSET('od6D$dIHbV5XYt0X$1Llvx',#6,'OPS_ActivityCodes',$,(#1558,#1559));
#1561=IFCRELDEFINESBYPROPERTIES('cbWNeZFdtVBnb17$cdm98D',#6,$,$,(#48),#1560);
#1562=IFCPROPERTYENUMERATEDVALUE('Tower',$,(IFCLABEL('GEN')),$);
#1563=IFCPROPERTYENUMERATEDVALUE('Discipline',$,(IFCLABEL('CIV')),$);
#1564=IFCPROPERTYSET('VVrXqdr14nFDePEXuLu1ER',#6,'OPS_ActivityCodes',$,(#1562,#1563));
#1565=IFCRELDEFINESBYPROPERTIES('tpPz_PzHL7ed89811XVbLJ',#6,$,$,(#50),#1564);
#1566=IFCPROPERTYENUMERATEDVALUE('Tower',$,(IFCLABEL('GEN')),$);
#1567=IFCPROPERTYENUMERATEDVALUE('Discipline',$,(IFCLABEL('CIV')),$);
#1568=IFCPROPERTYSET('_lFxw3CVR115RrA1nxTNgJ',#6,'OPS_ActivityCodes',$,(#1566,#1567));
#1569=IFCRELDEFINESBYPROPERTIES('MTTf0FBHTJizxnDnVpkxFx',#6,$,$,(#52),#1568);
#1570=IFCPROPERTYENUMERATEDVALUE('Tower',$,(IFCLABEL('GEN')),$);
#1571=IFCPROPERTYENUMERATEDVALUE('Discipline',$,(IFCLABEL('CIV')),$);
#1572=IFCPROPERTYSET('hvqpX9KVxbrFPHrFxnt3nX',#6,'OPS_ActivityCodes',$,(#1570,#1571));
#1573=IFCRELDEFINESBYPROPERTIES('zponhfu729QpibqFeboXKj',#6,$,$,(#54),#1572);
#1574=IFCPROPERTYENUMERATEDVALUE('Tower',$,(IFCLABEL('GEN')),$);
#1575=IFCPROPERTYENUMERATEDVALUE('Discipline',$,(IFCLABEL('CIV')),$);
#1576=IFCPROPERTYSET('T34BZbQXzZMzlz$V8BiJUl',#6,'OPS_ActivityCodes',$,(#1574,#1575));
#1577=IFCRELDEFINESBYPROPERTIES('xn1BbVTHdd4DedoXuL81gp',#6,$,$,(#56),#1576);
#1578=IFCPROPERTYENUMERATEDVALUE('Tower',$,(IFCLABEL('GEN')),$);
#1579=IFCPROPERTYENUMERATEDVALUE('Discipline',$,(IFCLABEL('CIV')),$);
#1580=IFCPROPERTYSET('INuFdtjVX737clzlQZj7tJ',#6,'OPS_ActivityCodes',$,(#1578,#1579));
#1581=IFCRELDEFINESBYPROPERTIES('6BwtE3pXlD0nBPkXwJ7RHl',#6,$,$,(#58),#1580);
#1582=IFCPROPERTYENUMERATEDVALUE('Tower',$,(IFCLABEL('GEN')),$);
#1583=IFCPROPERTYENUMERATEDVALUE('Discipline',$,(IFCLABEL('CIV')),$);
#1584=IFCPROPERTYSET('JRJ7Jzrlh7e9B7MHYLvD47',#6,'OPS_ActivityCodes',$,(#1582,#1583));
#1585=IFCRELDEFINESBYPROPERTIES('h7yBrdQX3ZcDO7onYLFLE5',#6,$,$,(#60),#1584);
#1586=IFCPROPERTYENUMERATEDVALUE('Tower',$,(IFCLABEL('GEN')),$);
#1587=IFCPROPERTYENUMERATEDVALUE('Discipline',$,(IFCLABEL('CIV')),$);
#1588=IFCPROPERTYSET('6BY$cjUnc$U5BJLFxBS3j$',#6,'OPS_ActivityCodes',$,(#1586,#1587));
#1589=IFCRELDEFINESBYPROPERTIES('Y$Xz6341WRTPm5qF4LfZ5n',#6,$,$,(#62),#1588);
#1590=IFCPROPERTYENUMERATEDVALUE('Tower',$,(IFCLABEL('GEN')),$);
#1591=IFCPROPERTYENUMERATEDVALUE('Discipline',$,(IFCLABEL('CIV')),$);
#1592=IFCPROPERTYSET('STeH5rHPrtATpHBnpB5VKV',#6,'OPS_ActivityCodes',$,(#1590,#1591));
#1593=IFCRELDEFINESBYPROPERTIES('yHLlNjjFit6jsxaHv$FTNX',#6,$,$,(#64),#1592);
#1594=IFCPROPERTYENUMERATEDVALUE('Tower',$,(IFCLABEL('GEN')),$);
#1595=IFCPROPERTYENUMERATEDVALUE('Discipline',$,(IFCLABEL('CIV')),$);
#1596=IFCPROPERTYSET('mfmvL9CFqvOP4tyHZZyLM9',#6,'OPS_ActivityCodes',$,(#1594,#1595));
#1597=IFCRELDEFINESBYPROPERTIES('uBMPbxnvIVR$iRqFGH1js7',#6,$,$,(#66),#1596);
#1598=IFCPROPERTYENUMERATEDVALUE('Tower',$,(IFCLABEL('GEN')),$);
#1599=IFCPROPERTYENUMERATEDVALUE('Discipline',$,(IFCLABEL('CIV')),$);
#1600=IFCPROPERTYSET('7FfjRVB10hLlN5KHW92lF$',#6,'OPS_ActivityCodes',$,(#1598,#1599));
#1601=IFCRELDEFINESBYPROPERTIES('H5nDVfWtXPX3l3nVhd8nZx',#6,$,$,(#68),#1600);
#1602=IFCPROPERTYSINGLEVALUE('Cost estimate',$,IFCMONETARYMEASURE(340000),$);
#1603=IFCPROPERTYSET('tjLlZfvtHpGXMLgH6Dr1Un',#6,'OPS_CustomFields',$,(#1602));
#1604=IFCRELDEFINESBYPROPERTIES('nPUhLDsd5l51ibqHc39zNz',#6,$,$,(#70),#1603);
#1605=IFCPROPERTYENUMERATEDVALUE('Tower',$,(IFCLABEL('GEN')),$);
#1606=IFCPROPERTYENUMERATEDVALUE('Discipline',$,(IFCLABEL('CIV')),$);
#1607=IFCPROPERTYSET('sjBn9VUFMdNxx5e$PnnhUJ',#6,'OPS_ActivityCodes',$,(#1605,#1606));
#1608=IFCRELDEFINESBYPROPERTIES('o7cNSjs$8$U5DFv$wj7RhD',#6,$,$,(#70),#1607);
#1609=IFCPROPERTYENUMERATEDVALUE('Tower',$,(IFCLABEL('A')),$);
#1610=IFCPROPERTYENUMERATEDVALUE('Discipline',$,(IFCLABEL('CIV')),$);
#1611=IFCPROPERTYSET('nLD75lldjL7DaJpH1TyLMJ',#6,'OPS_ActivityCodes',$,(#1609,#1610));
#1612=IFCRELDEFINESBYPROPERTIES('tNwD7LqnmzG1GbGVi$fLwX',#6,$,$,(#72),#1611);
#1613=IFCPROPERTYENUMERATEDVALUE('Tower',$,(IFCLABEL('A')),$);
#1614=IFCPROPERTYENUMERATEDVALUE('Discipline',$,(IFCLABEL('CIV')),$);
#1615=IFCPROPERTYSET('MPunXjIHD5tbPHRFW9Mfox',#6,'OPS_ActivityCodes',$,(#1613,#1614));
#1616=IFCRELDEFINESBYPROPERTIES('2p6tQNGNox$ZZ94lDh$51p',#6,$,$,(#74),#1615);
#1617=IFCPROPERTYENUMERATEDVALUE('Tower',$,(IFCLABEL('A')),$);
#1618=IFCPROPERTYENUMERATEDVALUE('Discipline',$,(IFCLABEL('CIV')),$);
#1619=IFCPROPERTYSET('5lBFpjh12f2tr7sl0vWPHB',#6,'OPS_ActivityCodes',$,(#1617,#1618));
#1620=IFCRELDEFINESBYPROPERTIES('JRRH9zpVt1fZdTd$GHfLA7',#6,$,$,(#76),#1619);
#1621=IFCPROPERTYENUMERATEDVALUE('Tower',$,(IFCLABEL('A')),$);
#1622=IFCPROPERTYENUMERATEDVALUE('Discipline',$,(IFCLABEL('CIV')),$);
#1623=IFCPROPERTYSET('Dr9DBTedJhfTRLkFmHXDmV',#6,'OPS_ActivityCodes',$,(#1621,#1622));
#1624=IFCRELDEFINESBYPROPERTIES('BtIHPRg$QjC5vjFXvxULER',#6,$,$,(#78),#1623);
#1625=IFCPROPERTYENUMERATEDVALUE('Tower',$,(IFCLABEL('A')),$);
#1626=IFCPROPERTYENUMERATEDVALUE('Discipline',$,(IFCLABEL('CIV')),$);
#1627=IFCPROPERTYSET('$FhHPxotvNUNNbWXXDEbxr',#6,'OPS_ActivityCodes',$,(#1625,#1626));
#1628=IFCRELDEFINESBYPROPERTIES('NZ5FnLz$KfMFPlzHEDERV7',#6,$,$,(#80),#1627);
#1629=IFCPROPERTYENUMERATEDVALUE('Tower',$,(IFCLABEL('B')),$);
#1630=IFCPROPERTYENUMERATEDVALUE('Discipline',$,(IFCLABEL('CIV')),$);
#1631=IFCPROPERTYSET('QVrVuJZHFz2t1rA1jfUL_3',#6,'OPS_ActivityCodes',$,(#1629,#1630));
#1632=IFCRELDEFINESBYPROPERTIES('ohb12h4$edNx9BM$B9EX8J',#6,$,$,(#82),#1631);
#1633=IFCPROPERTYENUMERATEDVALUE('Tower',$,(IFCLABEL('B')),$);
#1634=IFCPROPERTYENUMERATEDVALUE('Discipline',$,(IFCLABEL('CIV')),$);
#1635=IFCPROPERTYSET('uhcJ1T09jN3NJ$xlOjtr8p',#6,'OPS_ActivityCodes',$,(#1633,#1634));
#1636=IFCRELDEFINESBYPROPERTIES('WXZNmtyHXdlj_j5FQduF$D',#6,$,$,(#84),#1635);
#1637=IFCPROPERTYENUMERATEDVALUE('Tower',$,(IFCLABEL('B')),$);
#1638=IFCPROPERTYENUMERATEDVALUE('Discipline',$,(IFCLABEL('CIV')),$);
#1639=IFCPROPERTYSET('mtKb0HfN0L3fJVnVDL7DGn',#6,'OPS_ActivityCodes',$,(#1637,#1638));
#1640=IFCRELDEFINESBYPROPERTIES('8Loby341GJsZ5RSH1ZqRrT',#6,$,$,(#86),#1639);
#1641=IFCPROPERTYENUMERATEDVALUE('Tower',$,(IFCLABEL('B')),$);
#1642=IFCPROPERTYENUMERATEDVALUE('Discipline',$,(IFCLABEL('CIV')),$);
#1643=IFCPROPERTYSET('h7CD9TNNGDw1WD3niVRFxl',#6,'OPS_ActivityCodes',$,(#1641,#1642));
#1644=IFCRELDEFINESBYPROPERTIES('zDonppXdFnCxvj1XqTCbDl',#6,$,$,(#88),#1643);
#1645=IFCPROPERTYENUMERATEDVALUE('Tower',$,(IFCLABEL('B')),$);
#1646=IFCPROPERTYENUMERATEDVALUE('Discipline',$,(IFCLABEL('CIV')),$);
#1647=IFCPROPERTYSET('zJobuLCXjBBnJjHXb5obBz',#6,'OPS_ActivityCodes',$,(#1645,#1646));
#1648=IFCRELDEFINESBYPROPERTIES('bXxnxld9xFV3ttiHurCbTN',#6,$,$,(#90),#1647);
#1649=IFCPROPERTYENUMERATEDVALUE('Tower',$,(IFCLABEL('C')),$);
#1650=IFCPROPERTYENUMERATEDVALUE('Discipline',$,(IFCLABEL('CIV')),$);
#1651=IFCPROPERTYSET('l5NRqbL$g7jfnd2Vt7S3HF',#6,'OPS_ActivityCodes',$,(#1649,#1650));
#1652=IFCRELDEFINESBYPROPERTIES('fdWN8JJnKJibnDv$EJYF5n',#6,$,$,(#92),#1651);
#1653=IFCPROPERTYENUMERATEDVALUE('Tower',$,(IFCLABEL('C')),$);
#1654=IFCPROPERTYENUMERATEDVALUE('Discipline',$,(IFCLABEL('CIV')),$);
#1655=IFCPROPERTYSET('Jb3tYf79t$fTDHJHPrKJAZ',#6,'OPS_ActivityCodes',$,(#1653,#1654));
#1656=IFCRELDEFINESBYPROPERTIES('L7CxMxFv29U5rJRFODz9y7',#6,$,$,(#94),#1655);
#1657=IFCPROPERTYENUMERATEDVALUE('Tower',$,(IFCLABEL('C')),$);
#1658=IFCPROPERTYENUMERATEDVALUE('Discipline',$,(IFCLABEL('CIV')),$);
#1659=IFCPROPERTYSET('IxnpPbUnYdSjMBc1c3tzBz',#6,'OPS_ActivityCodes',$,(#1657,#1658));
#1660=IFCRELDEFINESBYPROPERTIES('MvCDrTGf0hj7Y3t1q3unr7',#6,$,$,(#96),#1659);
#1661=IFCPROPERTYENUMERATEDVALUE('Tower',$,(IFCLABEL('C')),$);
#1662=IFCPROPERTYENUMERATEDVALUE('Discipline',$,(IFCLABEL('CIV')),$);
#1663=IFCPROPERTYSET('PXz9IHW9dD2tFpN1fJtBKX',#6,'OPS_ActivityCodes',$,(#1661,#1662));
#1664=IFCRELDEFINESBYPROPERTIES('FB7Ze5I919fTvJ91Gl9BWd',#6,$,$,(#98),#1663);
#1665=IFCPROPERTYENUMERATEDVALUE('Tower',$,(IFCLABEL('C')),$);
#1666=IFCPROPERTYENUMERATEDVALUE('Discipline',$,(IFCLABEL('CIV')),$);
#1667=IFCPROPERTYSET('MP8Xq5$PT16jUt0XdhmNcn',#6,'OPS_ActivityCodes',$,(#1665,#1666));
#1668=IFCRELDEFINESBYPROPERTIES('2ps75H17QXcVE$VXW9I1cL',#6,$,$,(#100),#1667);
#1669=IFCPROPERTYENUMERATEDVALUE('Tower',$,(IFCLABEL('GEN')),$);
#1670=IFCPROPERTYENUMERATEDVALUE('Discipline',$,(IFCLABEL('CIV')),$);
#1671=IFCPROPERTYSET('7h6p5BNfOP9Rb$v$2bVpGl',#6,'OPS_ActivityCodes',$,(#1669,#1670));
#1672=IFCRELDEFINESBYPROPERTIES('XXz9kHWthvWlJXd$Z$pdXZ',#6,$,$,(#102),#1671);
#1673=IFCPROPERTYENUMERATEDVALUE('Tower',$,(IFCLABEL('GEN')),$);
#1674=IFCPROPERTYENUMERATEDVALUE('Discipline',$,(IFCLABEL('CIV')),$);
#1675=IFCPROPERTYSET('a1NRSl0t$hvDqrkXITixPd',#6,'OPS_ActivityCodes',$,(#1673,#1674));
#1676=IFCRELDEFINESBYPROPERTIES('qBnxMbRXHj4DqBs1rDDdL9',#6,$,$,(#104),#1675);
#1677=IFCPROPERTYENUMERATEDVALUE('Tower',$,(IFCLABEL('GEN')),$);
#1678=IFCPROPERTYENUMERATEDVALUE('Discipline',$,(IFCLABEL('CIV')),$);
#1679=IFCPROPERTYSET('b$vBlRJFCdyhEXjH$XPjgt',#6,'OPS_ActivityCodes',$,(#1677,#1678));
#1680=IFCRELDEFINESBYPROPERTIES('phLH5Bv9bBdJQFf$r9gfch',#6,$,$,(#106),#1679);
#1681=IFCPROPERTYENUMERATEDVALUE('Tower',$,(IFCLABEL('GEN')),$);
#1682=IFCPROPERTYENUMERATEDVALUE('Discipline',$,(IFCLABEL('CIV')),$);
#1683=IFCPROPERTYSET('BDNjhN0trzOdajDl1zuF5H',#6,'OPS_ActivityCodes',$,(#1681,#1682));
#1684=IFCRELDEFINESBYPROPERTIES('D7EnxH9fol5$SvonkZixdP',#6,$,$,(#108),#1683);
#1685=IFCPROPERTYENUMERATEDVALUE('Tower',$,(IFCLABEL('GEN')),$);
#1686=IFCPROPERTYENUMERATEDVALUE('Discipline',$,(IFCLABEL('CIV')),$);
#1687=IFCPROPERTYSET('1H$rxHv9D7z7kHt$iVLXiV',#6,'OPS_ActivityCodes',$,(#1685,#1686));
#1688=IFCRELDEFINESBYPROPERTIES('f3dLNpH7mZqx1XZH0dyLE5',#6,$,$,(#110),#1687);
#1689=IFCPROPERTYENUMERATEDVALUE('Tower',$,(IFCLABEL('GEN')),$);
#1690=IFCPROPERTYENUMERATEDVALUE('Discipline',$,(IFCLABEL('STR')),$);
#1691=IFCPROPERTYSET('aXjv13S$Irvp0zpHrDpP9n',#6,'OPS_ActivityCodes',$,(#1689,#1690));
#1692=IFCRELDEFINESBYPROPERTIES('qLJPxrNNmTSjorEVaN_BOB',#6,$,$,(#114),#1691);
#1693=IFCPROPERTYENUMERATEDVALUE('Tower',$,(IFCLABEL('A')),$);
#1694=IFCPROPERTYENUMERATEDVALUE('Discipline',$,(IFCLABEL('STR')),$);
#1695=IFCPROPERTYSET('CrfJRVbV1hNTpHhnNNgZX3',#6,'OPS_ActivityCodes',$,(#1693,#1694));
#1696=IFCRELDEFINESBYPROPERTIES('qfM3YNP95nPrSv2FRx_BiJ',#6,$,$,(#116),#1695);
#1697=IFCPROPERTYENUMERATEDVALUE('Tower',$,(IFCLABEL('A')),$);
#1698=IFCPROPERTYENUMERATEDVALUE('Discipline',$,(IFCLABEL('STR')),$);
#1699=IFCPROPERTYSET('9NERalOv4lrF1BM13Dwj2X',#6,'OPS_ActivityCodes',$,(#1697,#1698));
#1700=IFCRELDEFINESBYPROPERTIES('V3C5oTtNshfZdTN$tTpPxl',#6,$,$,(#118),#1699);
#1701=IFCPROPERTYENUMERATEDVALUE('Tower',$,(IFCLABEL('A')),$);
#1702=IFCPROPERTYENUMERATEDVALUE('Discipline',$,(IFCLABEL('STR')),$);
#1703=IFCPROPERTYSET('ylp73rGfM7Dt$Bc$gBijsP',#6,'OPS_ActivityCodes',$,(#1701,#1702));
#1704=IFCRELDEFINESBYPROPERTIES('i5PLFnDX$hdJ6$rHBtQ7xh',#6,$,$,(#120),#1703);
#1705=IFCPROPERTYENUMERATEDVALUE('Tower',$,(IFCLABEL('A')),$);
#1706=IFCPROPERTYENUMERATEDVALUE('Discipline',$,(IFCLABEL('STR')),$);
#1707=IFCPROPERTYSET('4DIHpnKXBZqxVnzniDMZXT',#6,'OPS_ActivityCodes',$,(#1705,#1706));
#1708=IFCRELDEFINESBYPROPERTIES('a1npnnz$iJqTBpd$ijk1Ad',#6,$,$,(#122),#1707);
#1709=IFCPROPERTYENUMERATEDVALUE('Tower',$,(IFCLABEL('A')),$);
#1710=IFCPROPERTYENUMERATEDVALUE('Discipline',$,(IFCLABEL('STR')),$);
#1711=IFCPROPERTYSET('FBF5QtqXzZsT$$f$DBrF7f',#6,'OPS_ActivityCodes',$,(#1709,#1710));
#1712=IFCRELDEFINESBYPROPERTIES('9twtET9fsBLHlNyHlveVu5',#6,$,$,(#124),#1711);
#1713=IFCPROPERTYENUMERATEDVALUE('Tower',$,(IFCLABEL('A')),$);
#1714=IFCPROPERTYENUMERATEDVALUE('Discipline',$,(IFCLABEL('STR')),$);
#1715=IFCPROPERTYSET('3psvZ5Et3Fq5ZNGXax5HrT',#6,'OPS_ActivityCodes',$,(#1713,#1714));
#1716=IFCRELDEFINESBYPROPERTIES('b1vBpp$dlJypCL2FffI57f',#6,$,$,(#126),#1715);
#1717=IFCPROPERTYENUMERATEDVALUE('Tower',$,(IFCLABEL('A')),$);
#1718=IFCPROPERTYENUMERATEDVALUE('Discipline',$,(IFCLABEL('STR')),$);
#1719=IFCPROPERTYSET('J9KJNFCFGz8vU90XJxhXe3',#6,'OPS_ActivityCodes',$,(#1717,#1718));
#1720=IFCRELDEFINESBYPROPERTIES('5BklNJbVHJSBKVv1HP4ZPd',#6,$,$,(#128),#1719);
#1721=IFCPROPERTYENUMERATEDVALUE('Tower',$,(IFCLABEL('A')),$);
#1722=IFCPROPERTYENUMERATEDVALUE('Discipline',$,(IFCLABEL('STR')),$);
#1723=IFCPROPERTYSET('zJQjJzhldv8f11FVdL0vNz',#6,'OPS_ActivityCodes',$,(#1721,#1722));
#1724=IFCRELDEFINESBYPROPERTIES('bVj73BmNcVw1OV5FI3unpj',#6,$,$,(#130),#1723);
#1725=IFCPROPERTYENUMERATEDVALUE('Tower',$,(IFCLABEL('A')),$);
#1726=IFCPROPERTYENUMERATEDVALUE('Discipline',$,(IFCLABEL('STR')),$);
#1727=IFCPROPERTYSET('c5Cxwdg1AB3N9hsHOJ9rOL',#6,'OPS_ActivityCodes',$,(#1725,#1726));
#1728=IFCRELDEFINESBYPROPERTIES('2lFxAnjXNxXzXRynH7uFtl',#6,$,$,(#132),#1727);
#1729=IFCPROPERTYENUMERATEDVALUE('Tower',$,(IFCLABEL('A')),$);
#1730=IFCPROPERTYENUMERATEDVALUE('Discipline',$,(IFCLABEL('STR')),$);
#1731=IFCPROPERTYSET('jt4BhfW9bXhHxbaljt_lDl',#6,'OPS_ActivityCodes',$,(#1729,#1730));
#1732=IFCRELDEFINESBYPROPERTIES('xrgd3dbXPdaBGbmVEDcpK$',#6,$,$,(#134),#1731);
#1733=IFCPROPERTYENUMERATEDVALUE('Tower',$,(IFCLABEL('A')),$);
#1734=IFCPROPERTYENUMERATEDVALUE('Discipline',$,(IFCLABEL('STR')),$);
#1735=IFCPROPERTYSET('9jrFJzpVzn4hQZHXrJfLEN',#6,'OPS_ActivityCodes',$,(#1733,#1734));
#1736=IFCRELDEFINESBYPROPERTIES('FP2rdNv9xbzvA54FJR$Jk7',#6,$,$,(#136),#1735);
#1737=IFCPROPERTYENUMERATEDVALUE('Tower',$,(IFCLABEL('A')),$);
#1738=IFCPROPERTYENUMERATEDVALUE('Discipline',$,(IFCLABEL('STR')),$);
#1739=IFCPROPERTYSET('_HHb8hS$gxtRLtGXkZyhA7',#6,'OPS_ActivityCodes',$,(#1737,#1738));
#1740=IFCRELDEFINESBYPROPERTIES('gT396PklDRRX_vQldr4h_3',#6,$,$,(#138),#1739);
#1741=IFCPROPERTYENUMERATEDVALUE('Tower',$,(IFCLABEL('A')),$);
#1742=IFCPROPERTYENUMERATEDVALUE('Discipline',$,(IFCLABEL('STR')),$);
#1743=IFCPROPERTYSET('vlLl$d_nW5Pr4fWXlhlBuD',#6,'OPS_ActivityCodes',$,(#1741,#1742));
#1744=IFCRELDEFINESBYPROPERTIES('lb5nvvXdRVjvE1VXejFZV3',#6,$,$,(#140),#1743);
#1745=IFCPROPERTYENUMERATEDVALUE('Tower',$,(IFCLABEL('A')),$);
#1746=IFCPROPERTYENUMERATEDVALUE('Discipline',$,(IFCLABEL('STR')),$);
#1747=IFCPROPERTYSET('XXbHbx1P9XT9NvIFGl9rKj',#6,'OPS_ActivityCodes',$,(#1745,#1746));
#1748=IFCRELDEFINESBYPROPERTIES('9DfjrdA1SrZtbVhnpdqRdB',#6,$,$,(#142),#1747);
#1749=IFCPROPERTYENUMERATEDVALUE('Tower',$,(IFCLABEL('A')),$);
#1750=IFCPROPERTYENUMERATEDVALUE('Discipline',$,(IFCLABEL('STR')),$);
#1751=IFCPROPERTYSET('VVRl93hH$hHBqF1VQTLHdr',#6,'OPS_ActivityCodes',$,(#1749,#1750));
#1752=IFCRELDEFINESBYPROPERTIES('9pNjflmN8NZtZh_npvelfz',#6,$,$,(#144),#1751);
#1753=IFCPROPERTYENUMERATEDVALUE('Tower',$,(IFCLABEL('A')),$);
#1754=IFCPROPERTYENUMERATEDVALUE('Discipline',$,(IFCLABEL('STR')),$);
#1755=IFCPROPERTYSET('wL_B7vnv2ZaB03bFCnvDml',#6,'OPS_ActivityCodes',$,(#1753,#1754));
#1756=IFCRELDEFINESBYPROPERTIES('UVRlVtKXHD0nttqFuhm9GF',#6,$,$,(#146),#1755);
#1757=IFCPROPERTYENUMERATEDVALUE('Tower',$,(IFCLABEL('A')),$);
#1758=IFCPROPERTYENUMERATEDVALUE('Discipline',$,(IFCLABEL('STR')),$);
#1759=IFCPROPERTYSET('NZZNajkHvZq5DnHVNfwjIL',#6,'OPS_ActivityCodes',$,(#1757,#1758));
#1760=IFCRELDEFINESBYPROPERTIES('l9KbOzT1UpgnD3hFZ$zfQr',#6,$,$,(#148),#1759);
#1761=IFCPROPERTYENUMERATEDVALUE('Tower',$,(IFCLABEL('A')),$);
#1762=IFCPROPERTYENUMERATEDVALUE('Discipline',$,(IFCLABEL('STR')),$);
#1763=IFCPROPERTYSET('AJrFpJxVJrR1WDDF13unB7',#6,'OPS_ActivityCodes',$,(#1761,#1762));
#1764=IFCRELDEFINESBYPROPERTIES('EvQNm7AP5F7hohknK19B4L',#6,$,$,(#150),#1763);
#1765=IFCPROPERTYENUMERATEDVALUE('Tower',$,(IFCLABEL('A')),$);
#1766=IFCPROPERTYENUMERATEDVALUE('Discipline',$,(IFCLABEL('STR')),$);
#1767=IFCPROPERTYSET('kb3tUx2Nkh3fdZXXexAzhD',#6,'OPS_ActivityCodes',$,(#1765,#1766));
#1768=IFCRELDEFINESBYPROPERTIES('gd09c9qFiJCxh3719Zj7Bz',#6,$,$,(#152),#1767);
#1769=IFCPROPERTYENUMERATEDVALUE('Tower',$,(IFCLABEL('A')),$);
#1770=IFCPROPERTYENUMERATEDVALUE('Discipline',$,(IFCLABEL('STR')),$);
#1771=IFCPROPERTYSET('NZjv9VcXH$Y57pznWfMZj3',#6,'OPS_ActivityCodes',$,(#1769,#1770));
#1772=IFCRELDEFINESBYPROPERTIES('HtyB$ZmNArDdmB61epRFv9',#6,$,$,(#154),#1771);
#1773=IFCPROPERTYENUMERATEDVALUE('Tower',$,(IFCLABEL('A')),$);
#1774=IFCPROPERTYENUMERATEDVALUE('Discipline',$,(IFCLABEL('STR')),$);
#1775=IFCPROPERTYSET('aXL127Pt7ZiRxn3FSfMT3h',#6,'OPS_ActivityCodes',$,(#1773,#1774));
#1776=IFCRELDEFINESBYPROPERTIES('qLxXexktTp0nr7_F5rK5Dp',#6,$,$,(#156),#1775);
#1777=IFCPROPERTYENUMERATEDVALUE('Tower',$,(IFCLABEL('A')),$);
#1778=IFCPROPERTYENUMERATEDVALUE('Discipline',$,(IFCLABEL('STR')),$);
#1779=IFCPROPERTYSET('DrXLTtZ$on1TfRGX6Nkx1p',#6,'OPS_ActivityCodes',$,(#1777,#1778));
#1780=IFCRELDEFINESBYPROPERTIES('B9MdPbM$EHBnNvAlO5_rS9',#6,$,$,(#158),#1779);
#1781=IFCPROPERTYENUMERATEDVALUE('Tower',$,(IFCLABEL('A')),$);
#1782=IFCPROPERTYENUMERATEDVALUE('Discipline',$,(IFCLABEL('STR')),$);
#1783=IFCPROPERTYSET('ApXhb5FvEFnDe7AHCzWd$J',#6,'OPS_ActivityCodes',$,(#1781,#1782));
#1784=IFCRELDEFINESBYPROPERTIES('EdsTihT$Mvz7Y3HXznTNM9',#6,$,$,(#160),#1783);
#1785=IFCPROPERTYENUMERATEDVALUE('Tower',$,(IFCLABEL('A')),$);
#1786=IFCPROPERTYENUMERATEDVALUE('Discipline',$,(IFCLABEL('STR')),$);
#1787=IFCPROPERTYSET('vhwDvhiVhjUxrJhnbRgNEN',#6,'OPS_ActivityCodes',$,(#1785,#1786));
#1788=IFCRELDEFINESBYPROPERTIES('VXz9IJTlxxXzN7gHoDwjcF',#6,$,$,(#162),#1787);
#1789=IFCPROPERTYENUMERATEDVALUE('Tower',$,(IFCLABEL('A')),$);
#1790=IFCPROPERTYENUMERATEDVALUE('Discipline',$,(IFCLABEL('STR')),$);
#1791=IFCPROPERTYSET('H5t5_79fSLfTJ1jnlv8nvf',#6,'OPS_ActivityCodes',$,(#1789,#1790));
#1792=IFCRELDEFINESBYPROPERTIES('fd096zCVpbBFVxWXTVHrGV',#6,$,$,(#164),#1791);
#1793=IFCPROPERTYENUMERATEDVALUE('Tower',$,(IFCLABEL('A')),$);
#1794=IFCPROPERTYENUMERATEDVALUE('Discipline',$,(IFCLABEL('STR')),$);
#1795=IFCPROPERTYSET('s9Il5LrHjBpd8lv1$$5V4h',#6,'OPS_ActivityCodes',$,(#1793,#1794));
#1796=IFCRELDEFINESBYPROPERTIES('Uzij$ZmNQV_9z5Kn25LVSR',#6,$,$,(#166),#1795);
#1797=IFCPROPERTYENUMERATEDVALUE('Tower',$,(IFCLABEL('A')),$);
#1798=IFCPROPERTYENUMERATEDVALUE('Discipline',$,(IFCLABEL('STR')),$);
#1799=IFCPROPERTYSET('n7Y12dxX9hJvYNKFc7qRv5',#6,'OPS_ActivityCodes',$,(#1797,#1798));
#1800=IFCRELDEFINESBYPROPERTIES('dbGPP5k9V75$0Z$XMrCpuj',#6,$,$,(#168),#1799);
#1801=IFCPROPERTYENUMERATEDVALUE('Tower',$,(IFCLABEL('A')),$);
#1802=IFCPROPERTYENUMERATEDVALUE('Discipline',$,(IFCLABEL('STR')),$);
#1803=IFCPROPERTYSET('6LgzYNFd9$fZ1XRFGFpP9n',#6,'OPS_ActivityCodes',$,(#1801,#1802));
#1804=IFCRELDEFINESBYPROPERTIES('UVj7PtBHXvZdCHBn5lpPVT',#6,$,$,(#170),#1803);
#1805=IFCPROPERTYENUMERATEDVALUE('Tower',$,(IFCLABEL('A')),$);
#1806=IFCPROPERTYENUMERATEDVALUE('Discipline',$,(IFCLABEL('STR')),$);
#1807=IFCPROPERTYSET('Ev2XaDktL7u76$ZngHR1QL',#6,'OPS_ActivityCodes',$,(#1805,#1806));
#1808=IFCRELDEFINESBYPROPERTIES('cxa3QNGNW5lJAxanPlhHf3',#6,$,$,(#172),#1807);
#1809=IFCPROPERTYENUMERATEDVALUE('Tower',$,(IFCLABEL('B')),$);
#1810=IFCPROPERTYENUMERATEDVALUE('Discipline',$,(IFCLABEL('STR')),$);
#1811=IFCPROPERTYSET('mtSzEZnd9V5VIHlVZ1TtaN',#6,'OPS_ActivityCodes',$,(#1809,#1810));
#1812=IFCRELDEFINESBYPROPERTIES('uLAT8r09tXJ7cF1VIz0vbR',#6,$,$,(#174),#1811);
#1813=IFCPROPERTYENUMERATEDVALUE('Tower',$,(IFCLABEL('B')),$);
#1814=IFCPROPERTYENUMERATEDVALUE('Discipline',$,(IFCLABEL('STR')),$);
#1815=IFCPROPERTYSET('4nPzIJr18993dnP1OjtBCz',#6,'OPS_ActivityCodes',$,(#1813,#1814));
#1816=IFCRELDEFINESBYPROPERTIES('KRDdVN0tlpetnjRnqT4ZDD',#6,$,$,(#176),#1815);
#1817=IFCPROPERTYENUMERATEDVALUE('Tower',$,(IFCLABEL('B')),$);
#1818=IFCPROPERTYENUMERATEDVALUE('Discipline',$,(IFCLABEL('STR')),$);
#1819=IFCPROPERTYSET('5B2XKhhltVR1avIn8TR$Iv',#6,'OPS_ActivityCodes',$,(#1817,#1818));
#1820=IFCRELDEFINESBYPROPERTIES('Z$1ZW1l7Od1ZFds$v17R7x',#6,$,$,(#178),#1819);
#1821=IFCPROPERTYENUMERATEDVALUE('Tower',$,(IFCLABEL('B')),$);
#1822=IFCPROPERTYENUMERATEDVALUE('Discipline',$,(IFCLABEL('STR')),$);
#1823=IFCPROPERTYSET('a1Fp$ds1aBrFJpbHA5UL61',#6,'OPS_ActivityCodes',$,(#1821,#1822));
#1824=IFCRELDEFINESBYPROPERTIES('qBNJlxffArjvAPs15BCR1t',#6,$,$,(#180),#1823);
#1825=IFCPROPERTYENUMERATEDVALUE('Tower',$,(IFCLABEL('B')),$);
#1826=IFCPROPERTYENUMERATEDVALUE('Discipline',$,(IFCLABEL('STR')),$);
#1827=IFCPROPERTYSET('AtQf0n3$WbzvsRe$vXxl5r',#6,'OPS_ActivityCodes',$,(#1825,#1826));
#1828=IFCRELDEFINESBYPROPERTIES('UzCxMxlvqPq5JVFX5F$xf1',#6,$,$,(#182),#1827);
#1829=IFCPROPERTYENUMERATEDVALUE('Tower',$,(IFCLABEL('B')),$);
#1830=IFCPROPERTYENUMERATEDVALUE('Discipline',$,(IFCLABEL('STR')),$);
#1831=IFCPROPERTYSET('GfWNy3y$qZEBK1LlVjgNQH',#6,'OPS_ActivityCodes',$,(#1829,#1830));
#1832=IFCRELDEFINESBYPROPERTIES('8Bw9g1fNUDMn71rHb$1JEt',#6,$,$,(#184),#1831);
#1833=IFCPROPERTYENUMERATEDVALUE('Tower',$,(IFCLABEL('B')),$);
#1834=IFCPROPERTYENUMERATEDVALUE('Discipline',$,(IFCLABEL('STR')),$);
#1835=IFCPROPERTYSET('7FVhd5ktdpQVU3P1VD_By7',#6,'OPS_ActivityCodes',$,(#1833,#1834));
#1836=IFCRELDEFINESBYPROPERTIES('lx7Bfl0tRBnLgtal97yho9',#6,$,$,(#186),#1835);
#1837=IFCPROPERTYENUMERATEDVALUE('Tower',$,(IFCLABEL('B')),$);
#1838=IFCPROPERTYENUMERATEDVALUE('Discipline',$,(IFCLABEL('STR')),$);
#1839=IFCPROPERTYSET('I5ljnBFPrz8vAxCHkT4ZR$',#6,'OPS_ActivityCodes',$,(#1837,#1838));
#1840=IFCRELDEFINESBYPROPERTIES('g7iJ7dxXFH8NrDVXStMfM9',#6,$,$,(#188),#1839);
#1841=IFCPROPERTYENUMERATEDVALUE('Tower',$,(IFCLABEL('B')),$);
#1842=IFCPROPERTYENUMERATEDVALUE('Discipline',$,(IFCLABEL('STR')),$);
#1843=IFCPROPERTYSET('Z$HJxH1vw3sHXn3Fip2rOz',#6,'OPS_ActivityCodes',$,(#1841,#1842));
#1844=IFCRELDEFINESBYPROPERTIES('rjLHVtqXV7bXsvonQZpdh9',#6,$,$,(#190),#1843);
#1845=IFCPROPERTYENUMERATEDVALUE('Tower',$,(IFCLABEL('B')),$);
#1846=IFCPROPERTYENUMERATEDVALUE('Discipline',$,(IFCLABEL('STR')),$);
#1847=IFCPROPERTYSET('O3Phvhy$GZ4p0zJlLd8nBd',#6,'OPS_ActivityCodes',$,(#1845,#1846));
#1848=IFCRELDEFINESBYPROPERTIES('GtShbxvtv9cDutGXgLmfUD',#6,$,$,(#192),#1847);
#1849=IFCPROPERTYENUMERATEDVALUE('Tower',$,(IFCLABEL('B')),$);
#1850=IFCPROPERTYENUMERATEDVALUE('Discipline',$,(IFCLABEL('STR')),$);
#1851=IFCPROPERTYSET('7r_VuptfO7Td4Nu$QzfZRV',#6,'OPS_ActivityCodes',$,(#1849,#1850));
#1852=IFCRELDEFINESBYPROPERTIES('X1$Z4VcVdpYNtB_V97aBK$',#6,$,$,(#194),#1851);
#1853=IFCPROPERTYENUMERATEDVALUE('Tower',$,(IFCLABEL('B')),$);
#1854=IFCPROPERTYENUMERATEDVALUE('Discipline',$,(IFCLABEL('STR')),$);
#1855=IFCPROPERTYSET('BtMdtTnPHp0F1Bc$k$b$Yj',#6,'OPS_ActivityCodes',$,(#1853,#1854));
#1856=IFCRELDEFINESBYPROPERTIES('TZ8FLNuPFTUxLzFVdB4LkL',#6,$,$,(#196),#1855);
#1857=IFCPROPERTYENUMERATEDVALUE('Tower',$,(IFCLABEL('B')),$);
#1858=IFCPROPERTYENUMERATEDVALUE('Discipline',$,(IFCLABEL('STR')),$);
#1859=IFCPROPERTYSET('UTe1kpvt1BrndH3H_N2r0t',#6,'OPS_ActivityCodes',$,(#1857,#1858));
#1860=IFCRELDEFINESBYPROPERTIES('6lb$2B87krdjEV3lgByLIP',#6,$,$,(#198),#1859);
#1861=IFCPROPERTYENUMERATEDVALUE('Tower',$,(IFCLABEL('B')),$);
#1862=IFCPROPERTYENUMERATEDVALUE('Discipline',$,(IFCLABEL('STR')),$);
#1863=IFCPROPERTYSET('pvQNSlW933w1WphlDdCp8x',#6,'OPS_ActivityCodes',$,(#1861,#1862));
#1864=IFCRELDEFINESBYPROPERTIES('Rb09Yx2NMxvLc3xncP8$2z',#6,$,$,(#200),#1863);
#1865=IFCPROPERTYENUMERATEDVALUE('Tower',$,(IFCLABEL('B')),$);
#1866=IFCPROPERTYENUMERATEDVALUE('Discipline',$,(IFCLABEL('STR')),$);
#1867=IFCPROPERTYSET('NP8nTREH7Ngnh9mVejVD8p',#6,'OPS_ActivityCodes',$,(#1865,#1866));
#1868=IFCRELDEFINESBYPROPERTIES('$jIxIlmfenajwDTFUPSzN3',#6,$,$,(#202),#1867);
#1869=IFCPROPERTYENUMERATEDVALUE('Tower',$,(IFCLABEL('B')),$);
#1870=IFCPROPERTYENUMERATEDVALUE('Discipline',$,(IFCLABEL('STR')),$);
#1871=IFCPROPERTYSET('Kde1kpffMbhHDHzlc7aBK$',#6,'OPS_ActivityCodes',$,(#1869,#1870));
#1872=IFCRELDEFINESBYPROPERTIES('4p_V8rePXPN5bhUFPryZLN',#6,$,$,(#204),#1871);
#1873=IFCPROPERTYENUMERATEDVALUE('Tower',$,(IFCLABEL('B')),$);
#1874=IFCPROPERTYENUMERATEDVALUE('Discipline',$,(IFCLABEL('STR')),$);
#1875=IFCPROPERTYSET('d5ShlXTldPypmbWX3nxlxL',#6,'OPS_ActivityCodes',$,(#1873,#1874));
#1876=IFCRELDEFINESBYPROPERTIES('1lVhZftfkX3f5xmVQPOVCZ',#6,$,$,(#206),#1875);
#1877=IFCPROPERTYENUMERATEDVALUE('Tower',$,(IFCLABEL('B')),$);
#1878=IFCPROPERTYENUMERATEDVALUE('Discipline',$,(IFCLABEL('STR')),$);
#1879=IFCPROPERTYSET('Dh5XGf09hJwJUzt$078$6R',#6,'OPS_ActivityCodes',$,(#1877,#1878));
#1880=IFCRELDEFINESBYPROPERTIES('BNYhnFRn2T4LEL2FzFLXmn',#6,$,$,(#208),#1879);
#1881=IFCPROPERTYENUMERATEDVALUE('Tower',$,(IFCLABEL('B')),$);
#1882=IFCPROPERTYENUMERATEDVALUE('Discipline',$,(IFCLABEL('STR')),$);
#1883=IFCPROPERTYSET('qLp7LfO7edN5Xld1N92H9p',#6,'OPS_ActivityCodes',$,(#1881,#1882));
#1884=IFCRELDEFINESBYPROPERTIES('CtsvTRYnYpAHH9O$W9UF7t',#6,$,$,(#210),#1883);
#1885=IFCPROPERTYENUMERATEDVALUE('Tower',$,(IFCLABEL('B')),$);
#1886=IFCPROPERTYENUMERATEDVALUE('Discipline',$,(IFCLABEL('STR')),$);
#1887=IFCPROPERTYSET('ypIHPbg1gxNxvjlV71dxht',#6,'OPS_ActivityCodes',$,(#1885,#1886));
#1888=IFCRELDEFINESBYPROPERTIES('a$npbR3lL7uN9hkneRUF5l',#6,$,$,(#212),#1887);
#1889=IFCPROPERTYENUMERATEDVALUE('Tower',$,(IFCLABEL('B')),$);
#1890=IFCPROPERTYENUMERATEDVALUE('Discipline',$,(IFCLABEL('STR')),$);
#1891=IFCPROPERTYSET('jRrXmf0tzH0nxl9$8hGfgN',#6,'OPS_ActivityCodes',$,(#1889,#1890));
#1892=IFCRELDEFINESBYPROPERTIES('h7yZiLpXfFvhsRWX3nbFZ5',#6,$,$,(#214),#1891);
#1893=IFCPROPERTYENUMERATEDVALUE('Tower',$,(IFCLABEL('B')),$);
#1894=IFCPROPERTYENUMERATEDVALUE('Discipline',$,(IFCLABEL('STR')),$);
#1895=IFCPROPERTYSET('wLsZez3$8fb14TZFIX$5n5',#6,'OPS_ActivityCodes',$,(#1893,#1894));
#1896=IFCRELDEFINESBYPROPERTIES('UVDPl1Xd33_9npVX070vll',#6,$,$,(#216),#1895);
#1897=IFCPROPERTYENUMERATEDVALUE('Tower',$,(IFCLABEL('B')),$);
#1898=IFCPROPERTYENUMERATEDVALUE('Discipline',$,(IFCLABEL('STR')),$);
#1899=IFCPROPERTYSET('vr2VSjA$qvOP8FblMhGteZ',#6,'OPS_ActivityCodes',$,(#1897,#1898));
#1900=IFCRELDEFINESBYPROPERTIES('V$$Z0Hd9xlRVYT3niXTfwb',#6,$,$,(#218),#1899);
#1901=IFCPROPERTYENUMERATEDVALUE('Tower',$,(IFCLABEL('B')),$);
#1902=IFCPROPERTYENUMERATEDVALUE('Discipline',$,(IFCLABEL('STR')),$);
#1903=IFCPROPERTYSET('W$1TC5NN_zu7EVjlh7CRRx',#6,'OPS_ActivityCodes',$,(#1901,#1902));
#1904=IFCRELDEFINESBYPROPERTIES('upP3_vdtzZoBWjt14rxXup',#6,$,$,(#220),#1903);
#1905=IFCPROPERTYENUMERATEDVALUE('Tower',$,(IFCLABEL('B')),$);
#1906=IFCPROPERTYENUMERATEDVALUE('Discipline',$,(IFCLABEL('STR')),$);
#1907=IFCPROPERTYSET('U3ijhfmNSBJvIFBHxF15b$',#6,'OPS_ActivityCodes',$,(#1905,#1906));
#1908=IFCRELDEFINESBYPROPERTIES('wFNjrdUF_3edK1blgnfZxl',#6,$,$,(#222),#1907);
#1909=IFCPROPERTYENUMERATEDVALUE('Tower',$,(IFCLABEL('B')),$);
#1910=IFCPROPERTYENUMERATEDVALUE('Discipline',$,(IFCLABEL('STR')),$);
#1911=IFCPROPERTYSET('e3fb41Itb$HBqn1Xc3VRlH',#6,'OPS_ActivityCodes',$,(#1909,#1910));
#1912=IFCRELDEFINESBYPROPERTIES('mtKRuhqF8XUfx5u$DL$5$J',#6,$,$,(#224),#1911);
#1913=IFCPROPERTYENUMERATEDVALUE('Tower',$,(IFCLABEL('B')),$);
#1914=IFCPROPERTYENUMERATEDVALUE('Discipline',$,(IFCLABEL('STR')),$);
#1915=IFCPROPERTYSET('7H39IFCVhdK3pZFVzDwjYJ',#6,'OPS_ActivityCodes',$,(#1913,#1914));
#1916=IFCRELDEFINESBYPROPERTIES('HbTf8BmfwledKV1Xa9A9eh',#6,$,$,(#226),#1915);
#1917=IFCPROPERTYENUMERATEDVALUE('Tower',$,(IFCLABEL('B')),$);
#1918=IFCPROPERTYENUMERATEDVALUE('Discipline',$,(IFCLABEL('STR')),$);
#1919=IFCPROPERTYSET('zJcj771PFZYxTtiluryTHr',#6,'OPS_ActivityCodes',$,(#1917,#1918));
#1920=IFCRELDEFINESBYPROPERTIES('bXJ7lbZlj9$x5x0VhvCDi1',#6,$,$,(#228),#1919);
#1921=IFCPROPERTYENUMERATEDVALUE('Tower',$,(IFCLABEL('B')),$);
#1922=IFCPROPERTYENUMERATEDVALUE('Discipline',$,(IFCLABEL('STR')),$);
#1923=IFCPROPERTYSET('pLjdJVIlf5HjgfmVOR2Hhj',#6,'OPS_ActivityCodes',$,(#1921,#1922));
#1924=IFCRELDEFINESBYPROPERTIES('rNQj$Tedrt_bJjN1QzPJ_T',#6,$,$,(#230),#1923);
#1925=IFCPROPERTYENUMERATEDVALUE('Tower',$,(IFCLABEL('C')),$);
#1926=IFCPROPERTYENUMERATEDVALUE('Discipline',$,(IFCLABEL('STR')),$);
#1927=IFCPROPERTYSET('h3dhhjEH79_bjDTFkZCDeB',#6,'OPS_ActivityCodes',$,(#1925,#1926));
#1928=IFCRELDEFINESBYPROPERTIES('JNmP9zz$arrnlTTnYBR$_X',#6,$,$,(#232),#1927);
#1929=IFCPROPERTYENUMERATEDVALUE('Tower',$,(IFCLABEL('C')),$);
#1930=IFCPROPERTYENUMERATEDVALUE('Discipline',$,(IFCLABEL('STR')),$);
#1931=IFCPROPERTYSET('5L2B5l$7gdlJ_Df$HdSrqH',#6,'OPS_ActivityCodes',$,(#1929,#1930));
#1932=IFCRELDEFINESBYPROPERTIES('ZVRHhJIlnF4hMt4FhdGfEt',#6,$,$,(#234),#1931);
#1933=IFCPROPERTYENUMERATEDVALUE('Tower',$,(IFCLABEL('C')),$);
#1934=IFCPROPERTYENUMERATEDVALUE('Discipline',$,(IFCLABEL('STR')),$);
#1935=IFCPROPERTYSET('whULbbB1mjY51$FVvbYFVz',#6,'OPS_ActivityCodes',$,(#1933,#1934));
#1936=IFCRELDEFINESBYPROPERTIES('UV5FzBGNI193D3pHp78$cB',#6,$,$,(#236),#1935);
#1937=IFCPROPERTYENUMERATEDVALUE('Tower',$,(IFCLABEL('C')),$);
#1938=IFCPROPERTYENUMERATEDVALUE('Discipline',$,(IFCLABEL('STR')),$);
#1939=IFCPROPERTYSET('eZDd$vYNq3slplDl$TSzPr',#6,'OPS_ActivityCodes',$,(#1937,#1938));
#1940=IFCRELDEFINESBYPROPERTIES('mfmPpFin2fIPav6lVpIxhN',#6,$,$,(#238),#1939);
#1941=IFCPROPERTYENUMERATEDVALUE('Tower',$,(IFCLABEL('C')),$);
#1942=IFCPROPERTYENUMERATEDVALUE('Discipline',$,(IFCLABEL('STR')),$);
#1943=IFCPROPERTYSET('qBdzkHGfKtUxBDP$yPWdXZ',#6,'OPS_ActivityCodes',$,(#1941,#1942));
#1944=IFCRELDEFINESBYPROPERTIES('qf6DxL31WRJNrjRF8ZzfA3',#6,$,$,(#240),#1943);
#1945=IFCPROPERTYENUMERATEDVALUE('Tower',$,(IFCLABEL('C')),$);
#1946=IFCPROPERTYENUMERATEDVALUE('Discipline',$,(IFCLABEL('STR')),$);
#1947=IFCPROPERTYSET('ynFxM179fHTdyTTFMLG9GH',#6,'OPS_ActivityCodes',$,(#1945,#1946));
#1948=IFCRELDEFINESBYPROPERTIES('ibBXqRr1GDAldzxFY7mtiV',#6,$,$,(#242),#1947);
#1949=IFCPROPERTYENUMERATEDVALUE('Tower',$,(IFCLABEL('C')),$);
#1950=IFCPROPERTYENUMERATEDVALUE('Discipline',$,(IFCLABEL('STR')),$);
#1951=IFCPROPERTYSET('O3fb4XQVrtU51XrnVFj7pH',#6,'OPS_ActivityCodes',$,(#1949,#1950));
#1952=IFCRELDEFINESBYPROPERTIES('G9KR8rW9vzuvorYVxHDPtF',#6,$,$,(#244),#1951);
#1953=IFCPROPERTYENUMERATEDVALUE('Tower',$,(IFCLABEL('C')),$);
#1954=IFCPROPERTYENUMERATEDVALUE('Discipline',$,(IFCLABEL('STR')),$);
#1955=IFCPROPERTYSET('X1X3IpXPTjibxHf12f_ByL',#6,'OPS_ActivityCodes',$,(#1953,#1954));
#1956=IFCRELDEFINESBYPROPERTIES('tJjP$dM$_zG$Wjv$hdOVK1',#6,$,$,(#246),#1955);
#1957=IFCPROPERTYENUMERATEDVALUE('Tower',$,(IFCLABEL('C')),$);
#1958=IFCPROPERTYENUMERATEDVALUE('Discipline',$,(IFCLABEL('STR')),$);
#1959=IFCPROPERTYSET('xFNj91ktdpAHRrM1VFB1of',#6,'OPS_ActivityCodes',$,(#1957,#1958));
#1960=IFCRELDEFINESBYPROPERTIES('jxFpbRpF_Zq5pHTHCz8F$j',#6,$,$,(#248),#1959);
#1961=IFCPROPERTYENUMERATEDVALUE('Tower',$,(IFCLABEL('C')),$);
#1962=IFCPROPERTYENUMERATEDVALUE('Discipline',$,(IFCLABEL('STR')),$);
#1963=IFCPROPERTYSET('FPoR0lFPX57hghcHJ5j775',#6,'OPS_ActivityCodes',$,(#1961,#1962));
#1964=IFCRELDEFINESBYPROPERTIES('PxSzwZu7YpE7UTblI$zfYp',#6,$,$,(#250),#1963);
#1965=IFCPROPERTYENUMERATEDVALUE('Tower',$,(IFCLABEL('C')),$);
#1966=IFCPROPERTYENUMERATEDVALUE('Discipline',$,(IFCLABEL('STR')),$);
#1967=IFCPROPERTYSET('gvKjL9a1_92RzRGXab1JkL',#6,'OPS_ActivityCodes',$,(#1965,#1966));
#1968=IFCRELDEFINESBYPROPERTIES('_JI5QpI97TSr4zv1B9gfUJ',#6,$,$,(#252),#1967);
#1969=IFCPROPERTYENUMERATEDVALUE('Tower',$,(IFCLABEL('C')),$);
#1970=IFCPROPERTYENUMERATEDVALUE('Discipline',$,(IFCLABEL('STR')),$);
#1971=IFCPROPERTYSET('_ps79XElZ1khA5SHNN6j2$',#6,'OPS_ActivityCodes',$,(#1969,#1970));
#1972=IFCRELDEFINESBYPROPERTIES('c17Bt$gP7tQDCHTHaf6j6V',#6,$,$,(#254),#1971);
#1973=IFCPROPERTYENUMERATEDVALUE('Tower',$,(IFCLABEL('C')),$);
#1974=IFCPROPERTYENUMERATEDVALUE('Discipline',$,(IFCLABEL('STR')),$);
#1975=IFCPROPERTYSET('db8X8p9fmZCTvJnVR$$jAz',#6,'OPS_ActivityCodes',$,(#1973,#1974));
#1976=IFCRELDEFINESBYPROPERTIES('1n5XKt31q3w1Wp3nmlnTN1',#6,$,$,(#256),#1975);
#1977=IFCPROPERTYENUMERATEDVALUE('Tower',$,(IFCLABEL('C')),$);
#1978=IFCPROPERTYENUMERATEDVALUE('Discipline',$,(IFCLABEL('STR')),$);
#1979=IFCPROPERTYSET('gvSLLpcvG3WlhTblsbQvrT',#6,'OPS_ActivityCodes',$,(#1977,#1978));
#1980=IFCRELDEFINESBYPROPERTIES('_JcJ$3qnaLdJ6VnV75kxFx',#6,$,$,(#258),#1979);
#1981=IFCPROPERTYENUMERATEDVALUE('Tower',$,(IFCLABEL('C')),$);
#1982=IFCPROPERTYENUMERATEDVALUE('Discipline',$,(IFCLABEL('STR')),$);
#1983=IFCPROPERTYSET('6rwtQ9KF2ZqZTfGXa9Mf_X',#6,'OPS_ActivityCodes',$,(#1981,#1982));
#1984=IFCRELDEFINESBYPROPERTIES('U$t5IpvtPdiz$L2nZ1LH3d',#6,$,$,(#260),#1983);
#1985=IFCPROPERTYENUMERATEDVALUE('Tower',$,(IFCLABEL('C')),$);
#1986=IFCPROPERTYENUMERATEDVALUE('Discipline',$,(IFCLABEL('STR')),$);
#1987=IFCPROPERTYSET('2FxVWXzHZjqxDFP$SN6Jgp',#6,'OPS_ActivityCodes',$,(#1985,#1986));
#1988=IFCRELDEFINESBYPROPERTIES('g3vBZ5MPbBtzbVLFHLfZlL',#6,$,$,(#262),#1987);
#1989=IFCPROPERTYENUMERATEDVALUE('Tower',$,(IFCLABEL('C')),$);
#1990=IFCPROPERTYENUMERATEDVALUE('Discipline',$,(IFCLABEL('STR')),$);
#1991=IFCPROPERTYSET('hT39wdM$_Z4papXXWNQDOB',#6,'OPS_ActivityCodes',$,(#1989,#1990));
#1992=IFCRELDEFINESBYPROPERTIES('jta3kDPtXPvLgrYVXlfhsd',#6,$,$,(#264),#1991);
#1993=IFCPROPERTYENUMERATEDVALUE('Tower',$,(IFCLABEL('C')),$);
#1994=IFCPROPERTYENUMERATEDVALUE('Discipline',$,(IFCLABEL('STR')),$);
#1995=IFCPROPERTYSET('UzKbqxtNyx$ZDFN1fJ1jIr',#6,'OPS_ActivityCodes',$,(#1993,#1994));
#1996=IFCRELDEFINESBYPROPERTIES('6nHRmN8vMRp9lTTFwD39Wd',#6,$,$,(#266),#1995);
#1997=IFCPROPERTYENUMERATEDVALUE('Tower',$,(IFCLABEL('C')),$);
#1998=IFCPROPERTYENUMERATEDVALUE('Discipline',$,(IFCLABEL('STR')),$);
#1999=IFCPROPERTYSET('xrw92vF7gbz7gh_nVJstiD',#6,'OPS_ActivityCodes',$,(#1997,#1998));
#2000=IFCRELDEFINESBYPROPERTIES('T$t5QjYFkrlBWJ71PB4Lgj',#6,$,$,(#268),#1999);
#2001=IFCPROPERTYENUMERATEDVALUE('Tower',$,(IFCLABEL('C')),$);
#2002=IFCPROPERTYENUMERATEDVALUE('Discipline',$,(IFCLABEL('STR')),$);
#2003=IFCPROPERTYSET('SXrXupVdtBlBeXZl4v4T9F',#6,'OPS_ActivityCodes',$,(#2001,#2002));
#2004=IFCRELDEFINESBYPROPERTIES('ChR12Bu7ElJNFdEXiJ6d$j',#6,$,$,(#270),#2003);
#2005=IFCPROPERTYENUMERATEDVALUE('Tower',$,(IFCLABEL('C')),$);
#2006=IFCPROPERTYENUMERATEDVALUE('Discipline',$,(IFCLABEL('STR')),$);
#2007=IFCPROPERTYSET('Nvijr7_fcDe9X5mVUrjvVP',#6,'OPS_ActivityCodes',$,(#2005,#2006));
#2008=IFCRELDEFINESBYPROPERTIES('1pIHrTOvSrxXwj7193FLUH',#6,$,$,(#272),#2007);
#2009=IFCPROPERTYENUMERATEDVALUE('Tower',$,(IFCLABEL('C')),$);
#2010=IFCPROPERTYENUMERATEDVALUE('Discipline',$,(IFCLABEL('STR')),$);
#2011=IFCPROPERTYSET('OZBVSnSHZV_tBvonIZyThf',#6,'OPS_ActivityCodes',$,(#2009,#2010));
#2012=IFCRELDEFINESBYPROPERTIES('GNuX8jRVpdPreXTHqzGtCF',#6,$,$,(#274),#2011);
#2013=IFCPROPERTYENUMERATEDVALUE('Tower',$,(IFCLABEL('C')),$);
#2014=IFCPROPERTYENUMERATEDVALUE('Discipline',$,(IFCLABEL('STR')),$);
#2015=IFCPROPERTYSET('hPmd7hiV9VZ9b1d1WfcpOz',#6,'OPS_ActivityCodes',$,(#2013,#2014));
#2016=IFCRELDEFINESBYPROPERTIES('zJcjb1P9Db5$4NmV07elxh',#6,$,$,(#276),#2015);
#2017=IFCPROPERTYENUMERATEDVALUE('Tower',$,(IFCLABEL('C')),$);
#2018=IFCPROPERTYENUMERATEDVALUE('Discipline',$,(IFCLABEL('STR')),$);
#2019=IFCPROPERTYSET('JtaLTNffePvhcFf$DrJ7Vd',#6,'OPS_ActivityCodes',$,(#2017,#2018));
#2020=IFCRELDEFINESBYPROPERTIES('5BAvfFiXnZ2RNPg$zDoRBZ',#6,$,$,(#278),#2019);
#2021=IFCPROPERTYENUMERATEDVALUE('Tower',$,(IFCLABEL('C')),$);
#2022=IFCPROPERTYENUMERATEDVALUE('Discipline',$,(IFCLABEL('STR')),$);
#2023=IFCPROPERTYSET('S3qp17gPljKRfv_nXj2lLJ',#6,'OPS_ActivityCodes',$,(#2021,#2022));
#2024=IFCRELDEFINESBYPROPERTIES('4ntpJ1w7sNTt5lN$2tYnjz',#6,$,$,(#280),#2023);
#2025=IFCPROPERTYENUMERATEDVALUE('Tower',$,(IFCLABEL('C')),$);
#2026=IFCPROPERTYENUMERATEDVALUE('Discipline',$,(IFCLABEL('STR')),$);
#2027=IFCPROPERTYSET('2H1Bfny1GDQVsvcHtZR1I7',#6,'OPS_ActivityCodes',$,(#2025,#2026));
#2028=IFCRELDEFINESBYPROPERTIES('gTDd3vPtN5tbxHP$T1hlzv',#6,$,$,(#282),#2027);
#2029=IFCPROPERTYENUMERATEDVALUE('Tower',$,(IFCLABEL('C')),$);
#2030=IFCPROPERTYENUMERATEDVALUE('Discipline',$,(IFCLABEL('STR')),$);
#2031=IFCPROPERTYSET('dRGPdRklB9oBun3nS9MfIB',#6,'OPS_ActivityCodes',$,(#2029,#2030));
#2032=IFCRELDEFINESBYPROPERTIES('$nJdxhT1wTUxfRu$9Z5VSR',#6,$,$,(#284),#2031);
#2033=IFCPROPERTYENUMERATEDVALUE('Tower',$,(IFCLABEL('C')),$);
#2034=IFCPROPERTYENUMERATEDVALUE('Discipline',$,(IFCLABEL('STR')),$);
#2035=IFCPROPERTYSET('$p6t_hiXNn1ZhTBHB9sti$',#6,'OPS_ActivityCodes',$,(#2033,#2034));
#2036=IFCRELDEFINESBYPROPERTIES('P$txEZ9NMxnDK$hlDvWdjZ',#6,$,$,(#286),#2035);
#2037=IFCPROPERTYENUMERATEDVALUE('Tower',$,(IFCLABEL('C')),$);
#2038=IFCPROPERTYENUMERATEDVALUE('Discipline',$,(IFCLABEL('STR')),$);
#2039=IFCPROPERTYSET('6nlRKL3$ipWl1XLFzFZNw5',#6,'OPS_ActivityCodes',$,(#2037,#2038));
#2040=IFCRELDEFINESBYPROPERTIES('kRz9AhrHVd$TVFjnVHVp0t',#6,$,$,(#288),#2039);
#2041=IFCPROPERTYENUMERATEDVALUE('Tower',$,(IFCLABEL('GEN')),$);
#2042=IFCPROPERTYENUMERATEDVALUE('Discipline',$,(IFCLABEL('STR')),$);
#2043=IFCPROPERTYSET('qLz9oZffCZ6JsPw$uhuFHr',#6,'OPS_ActivityCodes',$,(#2041,#2042));
#2044=IFCRELDEFINESBYPROPERTIES('C969w7otx5Fp4ZZFwjNLYl',#6,$,$,(#292),#2043);
#2045=IFCPROPERTYENUMERATEDVALUE('Tower',$,(IFCLABEL('A')),$);
#2046=IFCPROPERTYENUMERATEDVALUE('Discipline',$,(IFCLABEL('STR')),$);
#2047=IFCPROPERTYSET('rp1rPNNNW5fxRrEXuLeVij',#6,'OPS_ActivityCodes',$,(#2045,#2046));
#2048=IFCRELDEFINESBYPROPERTIES('D7sv1Ze7itwjkF5HmHfhEf',#6,$,$,(#296),#2047);
#2049=IFCPROPERTYENUMERATEDVALUE('Tower',$,(IFCLABEL('A')),$);
#2050=IFCPROPERTYENUMERATEDVALUE('Discipline',$,(IFCLABEL('STR')),$);
#2051=IFCPROPERTYSET('3nztwz4Hf5X3tNWX$Ti5b$',#6,'OPS_ActivityCodes',$,(#2049,#2050));
#2052=IFCRELDEFINESBYPROPERTIES('LZTfmPcXl$cDSds$VpgZZ5',#6,$,$,(#298),#2051);
#2053=IFCPROPERTYENUMERATEDVALUE('Tower',$,(IFCLABEL('A')),$);
#2054=IFCPROPERTYENUMERATEDVALUE('Discipline',$,(IFCLABEL('STR')),$);
#2055=IFCPROPERTYSET('Z3SLH1H7uXcVknrlXlvRpH',#6,'OPS_ActivityCodes',$,(#2053,#2054));
#2056=IFCRELDEFINESBYPROPERTIES('xFXLZ9xFq7WlbBg$fJFZv9',#6,$,$,(#300),#2055);
#2057=IFCPROPERTYENUMERATEDVALUE('Tower',$,(IFCLABEL('A')),$);
#2058=IFCPROPERTYENUMERATEDVALUE('Discipline',$,(IFCLABEL('STR')),$);
#2059=IFCPROPERTYSET('dxiJZxMP3nKbbXRFuhWPdP',#6,'OPS_ActivityCodes',$,(#2057,#2058));
#2060=IFCRELDEFINESBYPROPERTIES('$lfJj3bFYPiRVbaHb5_BKV',#6,$,$,(#302),#2059);
#2061=IFCPROPERTYENUMERATEDVALUE('Tower',$,(IFCLABEL('A')),$);
#2062=IFCPROPERTYENUMERATEDVALUE('Discipline',$,(IFCLABEL('STR')),$);
#2063=IFCPROPERTYSET('d$dhTN79TXIdi$JFLd07hD',#6,'OPS_ActivityCodes',$,(#2061,#2062));
#2064=IFCRELDEFINESBYPROPERTIES('FhDvR1P9nlOtB7QHv5QDGX',#6,$,$,(#304),#2063);
#2065=IFCPROPERTYENUMERATEDVALUE('Tower',$,(IFCLABEL('A')),$);
#2066=IFCPROPERTYENUMERATEDVALUE('Discipline',$,(IFCLABEL('STR')),$);
#2067=IFCPROPERTYSET('ltyZ0nhHJ9djcZlXxriJgJ',#6,'OPS_ActivityCodes',$,(#2065,#2066));
#2068=IFCRELDEFINESBYPROPERTIES('vrU1gRB$ijKbNdQ$El1jcn',#6,$,$,(#306),#2067);
#2069=IFCPROPERTYENUMERATEDVALUE('Tower',$,(IFCLABEL('A')),$);
#2070=IFCPROPERTYENUMERATEDVALUE('Discipline',$,(IFCLABEL('STR')),$);
#2071=IFCPROPERTYSET('X3yBpDffArhHnvonMFXbdr',#6,'OPS_ActivityCodes',$,(#2069,#2070));
#2072=IFCRELDEFINESBYPROPERTIES('vn1BxnxnmTSjkRinI3WP1j',#6,$,$,(#308),#2071);
#2073=IFCPROPERTYENUMERATEDVALUE('Tower',$,(IFCLABEL('A')),$);
#2074=IFCPROPERTYENUMERATEDVALUE('Discipline',$,(IFCLABEL('STR')),$);
#2075=IFCPROPERTYSET('lNmvZ5kt5lLH7DjnVnLXiV',#6,'OPS_ActivityCodes',$,(#2073,#2074));
#2076=IFCRELDEFINESBYPROPERTIES('vhsZ0Hv93F4LAPEVSxbnTb',#6,$,$,(#310),#2075);
#2077=IFCPROPERTYENUMERATEDVALUE('Tower',$,(IFCLABEL('A')),$);
#2078=IFCPROPERTYENUMERATEDVALUE('Discipline',$,(IFCLABEL('STR')),$);
#2079=IFCPROPERTYSET('gT5n13CXlVAlLzd$ZXPJIr',#6,'OPS_ActivityCodes',$,(#2077,#2078));
#2080=IFCRELDEFINESBYPROPERTIES('IN8F912NE5tb1r_XBJ7R9J',#6,$,$,(#312),#2079);
#2081=IFCPROPERTYENUMERATEDVALUE('Tower',$,(IFCLABEL('A')),$);
#2082=IFCPROPERTYENUMERATEDVALUE('Discipline',$,(IFCLABEL('STR')),$);
#2083=IFCPROPERTYSET('7rY$wZ091LnLQnd$yPWddP',#6,'OPS_ActivityCodes',$,(#2081,#2082));
#2084=IFCRELDEFINESBYPROPERTIES('V1X3_v1dnTAZP35nwpRnvt',#6,$,$,(#314),#2083);
#2085=IFCPROPERTYENUMERATEDVALUE('Tower',$,(IFCLABEL('B')),$);
#2086=IFCPROPERTYENUMERATEDVALUE('Discipline',$,(IFCLABEL('STR')),$);
#2087=IFCPROPERTYSET('a3yZ0HFdpPPBuHXX6Dr1AZ',#6,'OPS_ActivityCodes',$,(#2085,#2086));
#2088=IFCRELDEFINESBYPROPERTIES('4n7TSJkHRVrnJJP1pPyL_Z',#6,$,$,(#316),#2087);
#2089=IFCPROPERTYENUMERATEDVALUE('Tower',$,(IFCLABEL('B')),$);
#2090=IFCPROPERTYENUMERATEDVALUE('Discipline',$,(IFCLABEL('STR')),$);
#2091=IFCPROPERTYSET('mv2VitjVvTyD4zt$0PqD0N',#6,'OPS_ActivityCodes',$,(#2089,#2090));
#2092=IFCRELDEFINESBYPROPERTIES('e5S3_halTVAlrj3lYBDPFb',#6,$,$,(#318),#2091);
#2093=IFCPROPERTYENUMERATEDVALUE('Tower',$,(IFCLABEL('B')),$);
#2094=IFCPROPERTYENUMERATEDVALUE('Discipline',$,(IFCLABEL('STR')),$);
#2095=IFCPROPERTYSET('AtY$gbbXjNxXYTzF4P8$sd',#6,'OPS_ActivityCodes',$,(#2093,#2094));
#2096=IFCRELDEFINESBYPROPERTIES('U34ZCRRVddSjIFBHH7G9a5',#6,$,$,(#320),#2095);
#2097=IFCPROPERTYENUMERATEDVALUE('Tower',$,(IFCLABEL('B')),$);
#2098=IFCPROPERTYENUMERATEDVALUE('Discipline',$,(IFCLABEL('STR')),$);
#2099=IFCPROPERTYSET('SzyTmdIH73mXIbqlc7SzT9',#6,'OPS_ActivityCodes',$,(#2097,#2098));
#2100=IFCRELDEFINESBYPROPERTIES('ynvTCxXP1NTtR$lXRbI$QB',#6,$,$,(#322),#2099);
#2101=IFCPROPERTYENUMERATEDVALUE('Tower',$,(IFCLABEL('B')),$);
#2102=IFCPROPERTYENUMERATEDVALUE('Discipline',$,(IFCLABEL('STR')),$);
#2103=IFCPROPERTYSET('N7C5gXr$8NrFv$JFtZBF5H',#6,'OPS_ActivityCodes',$,(#2101,#2102));
#2104=IFCRELDEFINESBYPROPERTIES('$DQf8BmfcV_9Lfyl9z$5NV',#6,$,$,(#324),#2103);
#2105=IFCPROPERTYENUMERATEDVALUE('Tower',$,(IFCLABEL('B')),$);
#2106=IFCPROPERTYENUMERATEDVALUE('Discipline',$,(IFCLABEL('STR')),$);
#2107=IFCPROPERTYSET('7rcfKhz1SLdJgfe1BphXKJ',#6,'OPS_ActivityCodes',$,(#2105,#2106));
#2108=IFCRELDEFINESBYPROPERTIES('X$NRGNWtDRbVM94lj5B$oR',#6,$,$,(#326),#2107);
#2109=IFCPROPERTYENUMERATEDVALUE('Tower',$,(IFCLABEL('B')),$);
#2110=IFCPROPERTYENUMERATEDVALUE('Discipline',$,(IFCLABEL('STR')),$);
#2111=IFCPROPERTYSET('CrNJHbTHX5$TdTt1xrqbn$',#6,'OPS_ActivityCodes',$,(#2109,#2110));
#2112=IFCRELDEFINESBYPROPERTIES('Cfg3M$tfSL15xbyH5Fvpe3',#6,$,$,(#328),#2111);
#2113=IFCPROPERTYENUMERATEDVALUE('Tower',$,(IFCLABEL('B')),$);
#2114=IFCPROPERTYENUMERATEDVALUE('Discipline',$,(IFCLABEL('STR')),$);
#2115=IFCPROPERTYSET('G769AFhlnzYf$XzHcdG9mV',#6,'OPS_ActivityCodes',$,(#2113,#2114));
#2116=IFCRELDEFINESBYPROPERTIES('O5iRujTl1hPj_jZH07u$6X',#6,$,$,(#330),#2115);
#2117=IFCPROPERTYENUMERATEDVALUE('Tower',$,(IFCLABEL('B')),$);
#2118=IFCPROPERTYENUMERATEDVALUE('Discipline',$,(IFCLABEL('STR')),$);
#2119=IFCPROPERTYSET('7n7Z0FDVDPNxBjzlEnpPbX',#6,'OPS_ActivityCodes',$,(#2117,#2118));
#2120=IFCRELDEFINESBYPROPERTIES('H5Vz67sP3ZQpOPA1p7077b',#6,$,$,(#332),#2119);
#2121=IFCPROPERTYENUMERATEDVALUE('Tower',$,(IFCLABEL('B')),$);
#2122=IFCPROPERTYENUMERATEDVALUE('Discipline',$,(IFCLABEL('STR')),$);
#2123=IFCPROPERTYSET('0lnxcjElhJ_bhfaH3nTNYj',#6,'OPS_ActivityCodes',$,(#2121,#2122));
#2124=IFCRELDEFINESBYPROPERTIES('OTrVGvo97tEryZJFHdi5$j',#6,$,$,(#334),#2123);
#2125=IFCPROPERTYENUMERATEDVALUE('Tower',$,(IFCLABEL('C')),$);
#2126=IFCPROPERTYENUMERATEDVALUE('Discipline',$,(IFCLABEL('STR')),$);
#2127=IFCPROPERTYSET('WVJ7bVzHfxN5xxe$NtI$_T',#6,'OPS_ActivityCodes',$,(#2125,#2126));
#2128=IFCRELDEFINESBYPROPERTIES('uJjdtzpXn3slj$RHk$b1cL',#6,$,$,(#336),#2127);
#2129=IFCPROPERTYENUMERATEDVALUE('Tower',$,(IFCLABEL('C')),$);
#2130=IFCPROPERTYENUMERATEDVALUE('Discipline',$,(IFCLABEL('STR')),$);
#2131=IFCPROPERTYSET('xHzt6TedJhdjcTt1Z$jv9D',#6,'OPS_ActivityCodes',$,(#2129,#2130));
#2132=IFCRELDEFINESBYPROPERTIES('JbTN0HHPh7G$Ods$hZhlvR',#6,$,$,(#338),#2131);
#2133=IFCPROPERTYENUMERATEDVALUE('Tower',$,(IFCLABEL('C')),$);
#2134=IFCPROPERTYENUMERATEDVALUE('Discipline',$,(IFCLABEL('STR')),$);
#2135=IFCPROPERTYSET('exyBnL5nKji3R1f$$1DPHr',#6,'OPS_ActivityCodes',$,(#2133,#2134));
#2136=IFCRELDEFINESBYPROPERTIES('0H$B7PZljfj7_7oFMBi51j',#6,$,$,(#340),#2135);
#2137=IFCPROPERTYENUMERATEDVALUE('Tower',$,(IFCLABEL('C')),$);
#2138=IFCPROPERTYENUMERATEDVALUE('Discipline',$,(IFCLABEL('STR')),$);
#2139=IFCPROPERTYSET('whERqdbVx5N51VDHn5Rnrd',#6,'OPS_ActivityCodes',$,(#2137,#2138));
#2140=IFCRELDEFINESBYPROPERTIES('UXh$27l7q7WlzPM13jUn7N',#6,$,$,(#342),#2139);
#2141=IFCPROPERTYENUMERATEDVALUE('Tower',$,(IFCLABEL('C')),$);
#2142=IFCPROPERTYENUMERATEDVALUE('Discipline',$,(IFCLABEL('STR')),$);
#2143=IFCPROPERTYSET('9NYhVtSlTXE7wVv$b$lzF1',#6,'OPS_ActivityCodes',$,(#2141,#2142));
#2144=IFCRELDEFINESBYPROPERTIES('V34rJZV7yb3vI5e1abH3Vv',#6,$,$,(#344),#2143);
#2145=IFCPROPERTYENUMERATEDVALUE('Tower',$,(IFCLABEL('C')),$);
#2146=IFCPROPERTYENUMERATEDVALUE('Discipline',$,(IFCLABEL('STR')),$);
#2147=IFCPROPERTYSET('2llRGdYFIhrnBvEFEnRnf$',#6,'OPS_ActivityCodes',$,(#2145,#2146));
#2148=IFCRELDEFINESBYPROPERTIES('MZzto3pVnZ_Rv1xH0dixxF',#6,$,$,(#346),#2147);
#2149=IFCPROPERTYENUMERATEDVALUE('Tower',$,(IFCLABEL('C')),$);
#2150=IFCPROPERTYENUMERATEDVALUE('Discipline',$,(IFCLABEL('STR')),$);
#2151=IFCPROPERTYSET('6nFxQpAPb$HB0TN1FNszTt',#6,'OPS_ActivityCodes',$,(#2149,#2150));
#2152=IFCRELDEFINESBYPROPERTIES('IbTNW11P7fo7IHv1JRH3pH',#6,$,$,(#348),#2151);
#2153=IFCPROPERTYENUMERATEDVALUE('Tower',$,(IFCLABEL('C')),$);
#2154=IFCPROPERTYENUMERATEDVALUE('Discipline',$,(IFCLABEL('STR')),$);
#2155=IFCPROPERTYSET('sfIxMRB1KJ4LwjHXtvijwX',#6,'OPS_ActivityCodes',$,(#2153,#2154));
#2156=IFCRELDEFINESBYPROPERTIES('YTunHxd97ZKzVxO1u3Hr09',#6,$,$,(#350),#2155);
#2157=IFCPROPERTYENUMERATEDVALUE('Tower',$,(IFCLABEL('C')),$);
#2158=IFCPROPERTYENUMERATEDVALUE('Discipline',$,(IFCLABEL('STR')),$);
#2159=IFCPROPERTYSET('Y195cpE9pvTPmr61y7Kjwx',#6,'OPS_ActivityCodes',$,(#2157,#2158));
#2160=IFCRELDEFINESBYPROPERTIES('spHRW$7991Xb5nDnhzXbV7',#6,$,$,(#352),#2159);
#2161=IFCPROPERTYENUMERATEDVALUE('Tower',$,(IFCLABEL('C')),$);
#2162=IFCPROPERTYENUMERATEDVALUE('Discipline',$,(IFCLABEL('STR')),$);
#2163=IFCPROPERTYSET('6rMd7hiFstHri1jFBNAzTN',#6,'OPS_ActivityCodes',$,(#2161,#2162));
#2164=IFCRELDEFINESBYPROPERTIES('Y1Phhp_f_ZqT5x8$2RVpmH',#6,$,$,(#354),#2163);
#2165=IFCPROPERTYENUMERATEDVALUE('Tower',$,(IFCLABEL('GEN')),$);
#2166=IFCPROPERTYENUMERATEDVALUE('Discipline',$,(IFCLABEL('STR')),$);
#2167=IFCPROPERTYSET('5r69YNXv45FpCL6HlhfTF5',#6,'OPS_ActivityCodes',$,(#2165,#2166));
#2168=IFCRELDEFINESBYPROPERTIES('Z$txwzaHZ$cp89e$nxDdf$',#6,$,$,(#356),#2167);
#2169=IFCPROPERTYENUMERATEDVALUE('Tower',$,(IFCLABEL('GEN')),$);
#2170=IFCPROPERTYENUMERATEDVALUE('Discipline',$,(IFCLABEL('STR')),$);
#2171=IFCPROPERTYSET('tDtDRRr$GJEr0Zf$9zlBeh',#6,'OPS_ActivityCodes',$,(#2169,#2170));
#2172=IFCRELDEFINESBYPROPERTIES('n7kH9Ztfs9XbV50Xb$fhA3',#6,$,$,(#358),#2171);
#2173=IFCPROPERTYENUMERATEDVALUE('Tower',$,(IFCLABEL('GEN')),$);
#2174=IFCPROPERTYENUMERATEDVALUE('Discipline',$,(IFCLABEL('MEP')),$);
#2175=IFCPROPERTYSET('UTWfuhiFIVzf$11VA1XDuj',#6,'OPS_ActivityCodes',$,(#2173,#2174));
#2176=IFCRELDEFINESBYPROPERTIES('wHTNCPr$C3slpFnVJ5z90t',#6,$,$,(#362),#2175);
#2177=IFCPROPERTYENUMERATEDVALUE('Tower',$,(IFCLABEL('GEN')),$);
#2178=IFCPROPERTYENUMERATEDVALUE('Discipline',$,(IFCLABEL('MEP')),$);
#2179=IFCPROPERTYSET('pPM3MVL$o5HJAPYX9Z5VOZ',#6,'OPS_ActivityCodes',$,(#2177,#2178));
#2180=IFCRELDEFINESBYPROPERTIES('R5qpDH8Pd7m1WDpnn5j7vR',#6,$,$,(#364),#2179);
#2181=IFCPROPERTYENUMERATEDVALUE('Tower',$,(IFCLABEL('GEN')),$);
#2182=IFCPROPERTYENUMERATEDVALUE('Discipline',$,(IFCLABEL('MEP')),$);
#2183=IFCPROPERTYSET('FrHRe5gd7tM3B7AH4PGfE5',#6,'OPS_ActivityCodes',$,(#2181,#2182));
#2184=IFCRELDEFINESBYPROPERTIES('99QfqbRXLpkdCHRnqZqbRR',#6,$,$,(#366),#2183);
#2185=IFCPROPERTYENUMERATEDVALUE('Tower',$,(IFCLABEL('GEN')),$);
#2186=IFCPROPERTYENUMERATEDVALUE('Discipline',$,(IFCLABEL('MEP')),$);
#2187=IFCPROPERTYSET('BfQjZRM1g5lJEVjlB9I$oR',#6,'OPS_ActivityCodes',$,(#2185,#2186));
#2188=IFCRELDEFINESBYPROPERTIES('Z3yBdthHd78flNqnuZDPrv',#6,$,$,(#368),#2187);
#2189=IFCPROPERTYENUMERATEDVALUE('Tower',$,(IFCLABEL('A')),$);
#2190=IFCPROPERTYENUMERATEDVALUE('Discipline',$,(IFCLABEL('MEP')),$);
#2191=IFCPROPERTYSET('cbmPXfe7OFyDWjHX1T4THL',#6,'OPS_ActivityCodes',$,(#2189,#2190));
#2192=IFCRELDEFINESBYPROPERTIES('_nJPzdRXFzo7_pnXzJI$AP',#6,$,$,(#370),#2191);
#2193=IFCPROPERTYENUMERATEDVALUE('Tower',$,(IFCLABEL('A')),$);
#2194=IFCPROPERTYENUMERATEDVALUE('Discipline',$,(IFCLABEL('MEP')),$);
#2195=IFCPROPERTYSET('FvQfexgPrZaJgrQ$sbgf21',#6,'OPS_ActivityCodes',$,(#2193,#2194));
#2196=IFCRELDEFINESBYPROPERTIES('dbO1oVoH1Llri$xHW96dr7',#6,$,$,(#372),#2195);
#2197=IFCPROPERTYENUMERATEDVALUE('Tower',$,(IFCLABEL('A')),$);
#2198=IFCPROPERTYENUMERATEDVALUE('Discipline',$,(IFCLABEL('MEP')),$);
#2199=IFCPROPERTYSET('FvklfpfN_ZSjkFTFojs9OB',#6,'OPS_ActivityCodes',$,(#2197,#2198));
#2200=IFCRELDEFINESBYPROPERTIES('dRWNO5k9nF4LAPg1vbcvPL',#6,$,$,(#374),#2199);
#2201=IFCPROPERTYENUMERATEDVALUE('Tower',$,(IFCLABEL('A')),$);
#2202=IFCPROPERTYENUMERATEDVALUE('Discipline',$,(IFCLABEL('MEP')),$);
#2203=IFCPROPERTYSET('2JIxwTmNuXYfZNe$HLHByB',#6,'OPS_ActivityCodes',$,(#2201,#2202));
#2204=IFCRELDEFINESBYPROPERTIES('cXRHvBGfaVTtTLoFYLHB0N',#6,$,$,(#376),#2203);
#2205=IFCPROPERTYENUMERATEDVALUE('Tower',$,(IFCLABEL('A')),$);
#2206=IFCPROPERTYENUMERATEDVALUE('Discipline',$,(IFCLABEL('MEP')),$);
#2207=IFCPROPERTYSET('c$V3MbZlP7WHbhYnJRNLcr',#6,'OPS_ActivityCodes',$,(#2205,#2206));
#2208=IFCRELDEFINESBYPROPERTIES('or7TmdcXjh$5$V5n2b1Jcr',#6,$,$,(#378),#2207);
#2209=IFCPROPERTYENUMERATEDVALUE('Tower',$,(IFCLABEL('A')),$);
#2210=IFCPROPERTYENUMERATEDVALUE('Discipline',$,(IFCLABEL('MEP')),$);
#2211=IFCPROPERTYSET('8hgzAnT$I1fTh3VVAVRnN$',#6,'OPS_ActivityCodes',$,(#2209,#2210));
#2212=IFCRELDEFINESBYPROPERTIES('WVJ7DDl7evbVE1VVStMfUF',#6,$,$,(#380),#2211);
#2213=IFCPROPERTYENUMERATEDVALUE('Tower',$,(IFCLABEL('A')),$);
#2214=IFCPROPERTYENUMERATEDVALUE('Discipline',$,(IFCLABEL('MEP')),$);
#2215=IFCPROPERTYSET('0FZf0lXvahXRzRO$4POXub',#6,'OPS_ActivityCodes',$,(#2213,#2214));
#2216=IFCRELDEFINESBYPROPERTIES('O3txkp$PF3Idy9an9P8n7f',#6,$,$,(#382),#2215);
#2217=IFCPROPERTYSINGLEVALUE('Critical delivery',$,IFCBOOLEAN(.T.),$);
#2218=IFCPROPERTYSET('PRmv9XYnM5$TJ1zF0v8Fnx',#6,'OPS_CustomFields',$,(#2217));
#2219=IFCRELDEFINESBYPROPERTIES('1np7PthHzH0F713nyvK5lh',#6,$,$,(#384),#2218);
#2220=IFCPROPERTYENUMERATEDVALUE('Tower',$,(IFCLABEL('A')),$);
#2221=IFCPROPERTYENUMERATEDVALUE('Discipline',$,(IFCLABEL('MEP')),$);
#2222=IFCPROPERTYSET('QRGPzPbVV5FDGbmVol7b75',#6,'OPS_ActivityCodes',$,(#2220,#2221));
#2223=IFCRELDEFINESBYPROPERTIES('_njPnlV70B7pCLInGXlrKJ',#6,$,$,(#384),#2222);
#2224=IFCPROPERTYENUMERATEDVALUE('Tower',$,(IFCLABEL('A')),$);
#2225=IFCPROPERTYENUMERATEDVALUE('Discipline',$,(IFCLABEL('MEP')),$);
#2226=IFCPROPERTYSET('pvcfan4lv3G$8nbHA5QDat',#6,'OPS_ActivityCodes',$,(#2224,#2225));
#2227=IFCRELDEFINESBYPROPERTIES('bR09Ybg$gvRV_plXjtEVWd',#6,$,$,(#386),#2226);
#2228=IFCPROPERTYENUMERATEDVALUE('Tower',$,(IFCLABEL('B')),$);
#2229=IFCPROPERTYENUMERATEDVALUE('Discipline',$,(IFCLABEL('MEP')),$);
#2230=IFCPROPERTYSET('ndgzgVTlxbZduHd$xr4LAT',#6,'OPS_ActivityCodes',$,(#2228,#2229));
#2231=IFCRELDEFINESBYPROPERTIES('d5ahLpgdlpetbVjHR$fLwX',#6,$,$,(#388),#2230);
#2232=IFCPROPERTYENUMERATEDVALUE('Tower',$,(IFCLABEL('B')),$);
#2233=IFCPROPERTYENUMERATEDVALUE('Discipline',$,(IFCLABEL('MEP')),$);
#2234=IFCPROPERTYSET('GvMdjVkl738fRLclxF9zTt',#6,'OPS_ActivityCodes',$,(#2232,#2233));
#2235=IFCRELDEFINESBYPROPERTIES('e54rP9Z1c$khMfe1b5Qpu5',#6,$,$,(#390),#2234);
#2236=IFCPROPERTYENUMERATEDVALUE('Tower',$,(IFCLABEL('B')),$);
#2237=IFCPROPERTYENUMERATEDVALUE('Discipline',$,(IFCLABEL('MEP')),$);
#2238=IFCPROPERTYSET('ujb1UbwV1BR$a7IF8ZDdrP',#6,'OPS_ActivityCodes',$,(#2236,#2237));
#2239=IFCRELDEFINESBYPROPERTIES('mvY1Al7tfl3vIHXXARYn9H',#6,$,$,(#392),#2238);
#2240=IFCPROPERTYENUMERATEDVALUE('Tower',$,(IFCLABEL('B')),$);
#2241=IFCPROPERTYENUMERATEDVALUE('Discipline',$,(IFCLABEL('MEP')),$);
#2242=IFCPROPERTYSET('eb0t6Z8PXbJNXnZFEDs3$9',#6,'OPS_ActivityCodes',$,(#2240,#2241));
#2243=IFCRELDEFINESBYPROPERTIES('0nztknKF63AHxxu1kZazRx',#6,$,$,(#394),#2242);
#2244=IFCPROPERTYENUMERATEDVALUE('Tower',$,(IFCLABEL('B')),$);
#2245=IFCPROPERTYENUMERATEDVALUE('Discipline',$,(IFCLABEL('MEP')),$);
#2246=IFCPROPERTYSET('5LQjR11dpv5$03jlDBhH$t',#6,'OPS_ActivityCodes',$,(#2244,#2245));
#2247=IFCRELDEFINESBYPROPERTIES('TXZfSj_nWxFpChMHczVRNZ',#6,$,$,(#396),#2246);
#2248=IFCPROPERTYENUMERATEDVALUE('Tower',$,(IFCLABEL('B')),$);
#2249=IFCPROPERTYENUMERATEDVALUE('Discipline',$,(IFCLABEL('MEP')),$);
#2250=IFCPROPERTYSET('3D2X8JpFwFypapVXqTCDGn',#6,'OPS_ActivityCodes',$,(#2248,#2249));
#2251=IFCRELDEFINESBYPROPERTIES('R$1TSFCXfRzvErYVnNA39j',#6,$,$,(#398),#2250);
#2252=IFCPROPERTYENUMERATEDVALUE('Tower',$,(IFCLABEL('B')),$);
#2253=IFCPROPERTYENUMERATEDVALUE('Discipline',$,(IFCLABEL('MEP')),$);
#2254=IFCPROPERTYSET('3HF5M19f0hb1ePQ1kXdj_$',#6,'OPS_ActivityCodes',$,(#2252,#2253));
#2255=IFCRELDEFINESBYPROPERTIES('L3fRCRRVhjIhELcHH7u$2$',#6,$,$,(#400),#2254);
#2256=IFCPROPERTYSINGLEVALUE('Critical delivery',$,IFCBOOLEAN(.T.),$);
#2257=IFCPROPERTYSET('bXL$_hKX3ni39N0VbVRF$D',#6,'OPS_CustomFields',$,(#2256));
#2258=IFCRELDEFINESBYPROPERTIES('pB7ZK9rH$NzNvpJn$V15Hr',#6,$,$,(#402),#2257);
#2259=IFCPROPERTYENUMERATEDVALUE('Tower',$,(IFCLABEL('B')),$);
#2260=IFCPROPERTYENUMERATEDVALUE('Discipline',$,(IFCLABEL('MEP')),$);
#2261=IFCPROPERTYSET('Q1dhjVEHV5tbD35nEldxlL',#6,'OPS_ActivityCodes',$,(#2259,#2260));
#2262=IFCRELDEFINESBYPROPERTIES('oB1rDDdtZDG$WphHlrb1Ul',#6,$,$,(#402),#2261);
#2263=IFCPROPERTYENUMERATEDVALUE('Tower',$,(IFCLABEL('B')),$);
#2264=IFCPROPERTYENUMERATEDVALUE('Discipline',$,(IFCLABEL('MEP')),$);
#2265=IFCPROPERTYSET('9JZNmvMdBzm1Wjv$FNoRN3',#6,'OPS_ActivityCodes',$,(#2263,#2264));
#2266=IFCRELDEFINESBYPROPERTIES('FPQJPfNNi96JoBw14vi5Bv',#6,$,$,(#404),#2265);
#2267=IFCPROPERTYENUMERATEDVALUE('Tower',$,(IFCLABEL('C')),$);
#2268=IFCPROPERTYENUMERATEDVALUE('Discipline',$,(IFCLABEL('MEP')),$);
#2269=IFCPROPERTYSET('UZ8X8BmNALFhQZv1_9wP9H',#6,'OPS_ActivityCodes',$,(#2267,#2268));
#2270=IFCRELDEFINESBYPROPERTIES('6lxXi9Z1_z0FJD5HWfobBZ',#6,$,$,(#406),#2269);
#2271=IFCPROPERTYENUMERATEDVALUE('Tower',$,(IFCLABEL('C')),$);
#2272=IFCPROPERTYENUMERATEDVALUE('Discipline',$,(IFCLABEL('MEP')),$);
#2273=IFCPROPERTYSET('CtEnTxgP7fw$mhwHJfwJEf',#6,'OPS_ActivityCodes',$,(#2271,#2272));
#2274=IFCRELDEFINESBYPROPERTIES('azqpbbbVrZqTfRWV$307F$',#6,$,$,(#408),#2273);
#2275=IFCPROPERTYENUMERATEDVALUE('Tower',$,(IFCLABEL('C')),$);
#2276=IFCPROPERTYENUMERATEDVALUE('Discipline',$,(IFCLABEL('MEP')),$);
#2277=IFCPROPERTYSET('9pFx6Ps$Onyp8tmVIz8FJZ',#6,'OPS_ActivityCodes',$,(#2275,#2276));
#2278=IFCRELDEFINESBYPROPERTIES('F76t_BGN2ze9jJXVQ3VRN3',#6,$,$,(#410),#2277);
#2279=IFCPROPERTYENUMERATEDVALUE('Tower',$,(IFCLABEL('C')),$);
#2280=IFCPROPERTYENUMERATEDVALUE('Discipline',$,(IFCLABEL('MEP')),$);
#2281=IFCPROPERTYSET('ZTe$UxAPHXw$O1XXm1BFHh',#6,'OPS_ActivityCodes',$,(#2279,#2280));
#2282=IFCRELDEFINESBYPROPERTIES('5HR1MVh1w3IP49inA$7bzd',#6,$,$,(#412),#2281);
#2283=IFCPROPERTYENUMERATEDVALUE('Tower',$,(IFCLABEL('C')),$);
#2284=IFCPROPERTYENUMERATEDVALUE('Discipline',$,(IFCLABEL('MEP')),$);
#2285=IFCPROPERTYSET('6Hb1MbjFu1oBK1JnbVz9mH',#6,'OPS_ActivityCodes',$,(#2283,#2284));
#2286=IFCRELDEFINESBYPROPERTIES('I5dLxhBlFnKzb$lVZXVb19',#6,$,$,(#414),#2285);
#2287=IFCPROPERTYENUMERATEDVALUE('Tower',$,(IFCLABEL('C')),$);
#2288=IFCPROPERTYENUMERATEDVALUE('Discipline',$,(IFCLABEL('MEP')),$);
#2289=IFCPROPERTYSET('XXztw7YfyRZPutmVghGfsZ',#6,'OPS_ActivityCodes',$,(#2287,#2288));
#2290=IFCRELDEFINESBYPROPERTIES('9plRiBFPznSrWJnVvxMZdd',#6,$,$,(#416),#2289);
#2291=IFCPROPERTYENUMERATEDVALUE('Tower',$,(IFCLABEL('C')),$);
#2292=IFCPROPERTYENUMERATEDVALUE('Discipline',$,(IFCLABEL('MEP')),$);
#2293=IFCPROPERTYSET('ebmPvrO7uVo7U98$wNwJQr',#6,'OPS_ActivityCodes',$,(#2291,#2292));
#2294=IFCRELDEFINESBYPROPERTIES('0FJdbRxX3Z_RPl3HQv4Lkh',#6,$,$,(#418),#2293);
#2295=IFCPROPERTYSINGLEVALUE('Critical delivery',$,IFCBOOLEAN(.T.),$);
#2296=IFCPROPERTYSET('vh_r77FvAh9zHzlXDPK59l',#6,'OPS_CustomFields',$,(#2295));
#2297=IFCRELDEFINESBYPROPERTIES('VXRHND1PPPaJ6DTFA$vR$f',#6,$,$,(#420),#2296);
#2298=IFCPROPERTYENUMERATEDVALUE('Tower',$,(IFCLABEL('C')),$);
#2299=IFCPROPERTYENUMERATEDVALUE('Discipline',$,(IFCLABEL('MEP')),$);
#2300=IFCPROPERTYSET('6BcfuJ3lTji3DT1XUdyh_$',#6,'OPS_ActivityCodes',$,(#2298,#2299));
#2301=IFCRELDEFINESBYPROPERTIES('U1fRiNv9D7jNtrYVzD6JIB',#6,$,$,(#420),#2300);
#2302=IFCPROPERTYENUMERATEDVALUE('Tower',$,(IFCLABEL('C')),$);
#2303=IFCPROPERTYENUMERATEDVALUE('Discipline',$,(IFCLABEL('MEP')),$);
#2304=IFCPROPERTYSET('od_BZRkH7zuN$1N17RcvPB',#6,'OPS_ActivityCodes',$,(#2302,#2303));
#2305=IFCRELDEFINESBYPROPERTIES('QROHdRM1At$5Ht0VTTixxl',#6,$,$,(#422),#2304);
#2306=IFCPROPERTYENUMERATEDVALUE('Tower',$,(IFCLABEL('A')),$);
#2307=IFCPROPERTYENUMERATEDVALUE('Discipline',$,(IFCLABEL('FIT')),$);
#2308=IFCPROPERTYSET('CBvTyTW9ZpGXIban1TqDKX',#6,'OPS_ActivityCodes',$,(#2306,#2307));
#2309=IFCRELDEFINESBYPROPERTIES('CfQJzBevOlmVsvInKVhX4r',#6,$,$,(#426),#2308);
#2310=IFCPROPERTYENUMERATEDVALUE('Tower',$,(IFCLABEL('A')),$);
#2311=IFCPROPERTYENUMERATEDVALUE('Discipline',$,(IFCLABEL('FIT')),$);
#2312=IFCPROPERTYSET('ZZuVujL$kB7pSp$XIT4LIP',#6,'OPS_ActivityCodes',$,(#2310,#2311));
#2313=IFCRELDEFINESBYPROPERTIES('5lxVCdpFgvrnlzHXVJMNYF',#6,$,$,(#428),#2312);
#2314=IFCPROPERTYENUMERATEDVALUE('Tower',$,(IFCLABEL('A')),$);
#2315=IFCPROPERTYENUMERATEDVALUE('Discipline',$,(IFCLABEL('FIT')),$);
#2316=IFCPROPERTYSET('nPg3IH09d7WlZ9KlGVlBi1',#6,'OPS_ActivityCodes',$,(#2314,#2315));
#2317=IFCRELDEFINESBYPROPERTIES('dxahdb_FeHe9DTnV$$5Vux',#6,$,$,(#430),#2316);
#2318=IFCPROPERTYENUMERATEDVALUE('Tower',$,(IFCLABEL('A')),$);
#2319=IFCPROPERTYENUMERATEDVALUE('Discipline',$,(IFCLABEL('FIT')),$);
#2320=IFCPROPERTYSET('wnfJ7P5V19fTh3lXrj1JE5',#6,'OPS_ActivityCodes',$,(#2318,#2319));
#2321=IFCRELDEFINESBYPROPERTIES('kbbHDnKXdvmV61jFXHXp8D',#6,$,$,(#432),#2320);
#2322=IFCPROPERTYENUMERATEDVALUE('Tower',$,(IFCLABEL('A')),$);
#2323=IFCPROPERTYENUMERATEDVALUE('Discipline',$,(IFCLABEL('FIT')),$);
#2324=IFCPROPERTYSET('GN8XObEHZX_t35SHJNYhAT',#6,'OPS_ActivityCodes',$,(#2322,#2323));
#2325=IFCRELDEFINESBYPROPERTIES('8rU$IniXB3mVorIVcP07xL',#6,$,$,(#434),#2324);
#2326=IFCPROPERTYENUMERATEDVALUE('Tower',$,(IFCLABEL('A')),$);
#2327=IFCPROPERTYENUMERATEDVALUE('Discipline',$,(IFCLABEL('FIT')),$);
#2328=IFCPROPERTYSET('urQfaD2fM7TP0zplNfUhMD',#6,'OPS_ActivityCodes',$,(#2326,#2327));
#2329=IFCRELDEFINESBYPROPERTIES('W$NR0lldb1fZDlbnuZj7Tf',#6,$,$,(#436),#2328);
#2330=IFCPROPERTYENUMERATEDVALUE('Tower',$,(IFCLABEL('A')),$);
#2331=IFCPROPERTYENUMERATEDVALUE('Discipline',$,(IFCLABEL('FIT')),$);
#2332=IFCPROPERTYSET('QxyZanCFKtEBO$FVZz0v7R',#6,'OPS_ActivityCodes',$,(#2330,#2331));
#2333=IFCRELDEFINESBYPROPERTIES('_HvZujh1ol51WpJnrtUnRV',#6,$,$,(#438),#2332);
#2334=IFCPROPERTYENUMERATEDVALUE('Tower',$,(IFCLABEL('A')),$);
#2335=IFCPROPERTYENUMERATEDVALUE('Discipline',$,(IFCLABEL('FIT')),$);
#2336=IFCPROPERTYSET('MPuVyVA$eHufRh6lxrSBSf',#6,'OPS_ActivityCodes',$,(#2334,#2335));
#2337=IFCRELDEFINESBYPROPERTIES('2DAvzB09dvu7Qzplxri5bX',#6,$,$,(#440),#2336);
#2338=IFCPROPERTYENUMERATEDVALUE('Tower',$,(IFCLABEL('A')),$);
#2339=IFCPROPERTYENUMERATEDVALUE('Discipline',$,(IFCLABEL('FIT')),$);
#2340=IFCPROPERTYSET('ZT8FJzxnmDYNfRe$DvWdht',#6,'OPS_ActivityCodes',$,(#2338,#2339));
#2341=IFCRELDEFINESBYPROPERTIES('xHrFZ5sdnn4LkHt10PqDSf',#6,$,$,(#442),#2340);
#2342=IFCPROPERTYENUMERATEDVALUE('Tower',$,(IFCLABEL('B')),$);
#2343=IFCPROPERTYENUMERATEDVALUE('Discipline',$,(IFCLABEL('FIT')),$);
#2344=IFCPROPERTYSET('7nFxo3T$onX3Pn$XI1R$MN',#6,'OPS_ActivityCodes',$,(#2342,#2343));
#2345=IFCRELDEFINESBYPROPERTIES('l5NRqPRXLp_tX5WXhz$xHr',#6,$,$,(#444),#2344);
#2346=IFCPROPERTYENUMERATEDVALUE('Tower',$,(IFCLABEL('B')),$);
#2347=IFCPROPERTYENUMERATEDVALUE('Discipline',$,(IFCLABEL('FIT')),$);
#2348=IFCPROPERTYSET('3Hlby$o9Dv51ibSlHrBFnb',#6,'OPS_ActivityCodes',$,(#2346,#2347));
#2349=IFCRELDEFINESBYPROPERTIES('L3t5QDgd7N_971rHzDwJQl',#6,$,$,(#446),#2348);
#2350=IFCPROPERTYENUMERATEDVALUE('Tower',$,(IFCLABEL('B')),$);
#2351=IFCPROPERTYENUMERATEDVALUE('Discipline',$,(IFCLABEL('FIT')),$);
#2352=IFCPROPERTYSET('Q5ShplOv45nDadM$bV3tS9',#6,'OPS_ActivityCodes',$,(#2350,#2351));
#2353=IFCRELDEFINESBYPROPERTIES('2lVL$d_nufpdOPc$IZKjcH',#6,$,$,(#448),#2352);
#2354=IFCPROPERTYENUMERATEDVALUE('Tower',$,(IFCLABEL('B')),$);
#2355=IFCPROPERTYENUMERATEDVALUE('Discipline',$,(IFCLABEL('FIT')),$);
#2356=IFCPROPERTYSET('7Hb$MVDFUdajk5u1HPqDuj',#6,'OPS_ActivityCodes',$,(#2354,#2355));
#2357=IFCRELDEFINESBYPROPERTIES('HRBVyzylpx1Z$1v1ITi5zr',#6,$,$,(#450),#2356);
#2358=IFCPROPERTYENUMERATEDVALUE('Tower',$,(IFCLABEL('B')),$);
#2359=IFCPROPERTYENUMERATEDVALUE('Discipline',$,(IFCLABEL('FIT')),$);
#2360=IFCPROPERTYSET('BfAT0nBHxH37kb4n$VvDqH',#6,'OPS_ActivityCodes',$,(#2358,#2359));
#2361=IFCRELDEFINESBYPROPERTIES('Z3iRmfGfkhb$03Tl8zNTvf',#6,$,$,(#452),#2360);
#2362=IFCPROPERTYENUMERATEDVALUE('Tower',$,(IFCLABEL('B')),$);
#2363=IFCPROPERTYENUMERATEDVALUE('Discipline',$,(IFCLABEL('FIT')),$);
#2364=IFCPROPERTYSET('jtqx_BWtr96J2JZlqnnh61',#6,'OPS_ActivityCodes',$,(#2362,#2363));
#2365=IFCRELDEFINESBYPROPERTIES('xrcfmvkth70nV5GVYBTt8x',#6,$,$,(#454),#2364);
#2366=IFCPROPERTYENUMERATEDVALUE('Tower',$,(IFCLABEL('B')),$);
#2367=IFCPROPERTYENUMERATEDVALUE('Discipline',$,(IFCLABEL('FIT')),$);
#2368=IFCPROPERTYSET('Z3ShFnBHFFajk5GXgryhoR',#6,'OPS_ActivityCodes',$,(#2366,#2367));
#2369=IFCRELDEFINESBYPROPERTIES('5FXLzvFvILpdeVxnopgTRV',#6,$,$,(#456),#2368);
#2370=IFCPROPERTYENUMERATEDVALUE('Tower',$,(IFCLABEL('B')),$);
#2371=IFCPROPERTYENUMERATEDVALUE('Discipline',$,(IFCLABEL('FIT')),$);
#2372=IFCPROPERTYSET('5Fd3YNlPJhVRdljldrCRRx',#6,'OPS_ActivityCodes',$,(#2370,#2371));
#2373=IFCRELDEFINESBYPROPERTIES('j51Z8DdtxF1ZjVHXdHJ7fz',#6,$,$,(#458),#2372);
#2374=IFCPROPERTYENUMERATEDVALUE('Tower',$,(IFCLABEL('B')),$);
#2375=IFCPROPERTYENUMERATEDVALUE('Discipline',$,(IFCLABEL('FIT')),$);
#2376=IFCPROPERTYSET('YVpP17I9hdSBaj5ngnfZFx',#6,'OPS_ActivityCodes',$,(#2374,#2375));
#2377=IFCRELDEFINESBYPROPERTIES('sJp7nrv9ljKR9fe$mFZf2X',#6,$,$,(#460),#2376);
#2378=IFCPROPERTYENUMERATEDVALUE('Tower',$,(IFCLABEL('C')),$);
#2379=IFCPROPERTYENUMERATEDVALUE('Discipline',$,(IFCLABEL('FIT')),$);
#2380=IFCPROPERTYSET('fTBVqPTHLJ_bFjhn$zeXCn',#6,'OPS_ActivityCodes',$,(#2378,#2379));
#2381=IFCRELDEFINESBYPROPERTIES('H94ZWXxXbVR$eVTHCZijs3',#6,$,$,(#462),#2380);
#2382=IFCPROPERTYENUMERATEDVALUE('Tower',$,(IFCLABEL('C')),$);
#2383=IFCPROPERTYENUMERATEDVALUE('Discipline',$,(IFCLABEL('FIT')),$);
#2384=IFCPROPERTYSET('yHTf0lfN0BFh6Xv1TTSzhp',#6,'OPS_ActivityCodes',$,(#2382,#2383));
#2385=IFCRELDEFINESBYPROPERTIES('ixt5IpPt5FN57J7$RVj7Rx',#6,$,$,(#464),#2384);
#2386=IFCPROPERTYENUMERATEDVALUE('Tower',$,(IFCLABEL('C')),$);
#2387=IFCPROPERTYENUMERATEDVALUE('Discipline',$,(IFCLABEL('FIT')),$);
#2388=IFCPROPERTYSET('Ev69g5$P5Rhl1$$XI1hHJX',#6,'OPS_ActivityCodes',$,(#2386,#2387));
#2389=IFCRELDEFINESBYPROPERTIES('Q5ibqR3lTDu7IHv$v52rab',#6,$,$,(#466),#2388);
#2390=IFCPROPERTYENUMERATEDVALUE('Tower',$,(IFCLABEL('C')),$);
#2391=IFCPROPERTYENUMERATEDVALUE('Discipline',$,(IFCLABEL('FIT')),$);
#2392=IFCPROPERTYSET('xF$rpJr1OFSrapVXmV1579',#6,'OPS_ActivityCodes',$,(#2390,#2391));
#2393=IFCRELDEFINESBYPROPERTIES('j5dhXNOv4xX37XN$IXXbBZ',#6,$,$,(#468),#2392);
#2394=IFCPROPERTYENUMERATEDVALUE('Tower',$,(IFCLABEL('C')),$);
#2395=IFCPROPERTYENUMERATEDVALUE('Discipline',$,(IFCLABEL('FIT')),$);
#2396=IFCPROPERTYSET('ZVZfK9hlDvLlBD91hTZtiV',#6,'OPS_ActivityCodes',$,(#2394,#2395));
#2397=IFCRELDEFINESBYPROPERTIES('rDPzUtpVFTU5$X3lcP07zP',#6,$,$,(#470),#2396);
#2398=IFCPROPERTYENUMERATEDVALUE('Tower',$,(IFCLABEL('C')),$);
#2399=IFCPROPERTYENUMERATEDVALUE('Discipline',$,(IFCLABEL('FIT')),$);
#2400=IFCPROPERTYSET('or9DH$nv6naJgfGV_5z94r',#6,'OPS_ActivityCodes',$,(#2398,#2399));
#2401=IFCRELDEFINESBYPROPERTIES('sfIxAL3$qv8ftB2XFRFZTb',#6,$,$,(#472),#2400);
#2402=IFCPROPERTYENUMERATEDVALUE('Tower',$,(IFCLABEL('C')),$);
#2403=IFCPROPERTYENUMERATEDVALUE('Discipline',$,(IFCLABEL('FIT')),$);
#2404=IFCPROPERTYSET('zjATaJUFgb372dkV_x39uj',#6,'OPS_ActivityCodes',$,(#2402,#2403));
#2405=IFCRELDEFINESBYPROPERTIES('bVZfmvAdFFq5fbu1MBSBmX',#6,$,$,(#474),#2404);
#2406=IFCPROPERTYENUMERATEDVALUE('Tower',$,(IFCLABEL('C')),$);
#2407=IFCPROPERTYENUMERATEDVALUE('Discipline',$,(IFCLABEL('FIT')),$);
#2408=IFCPROPERTYSET('iduVyZWtLPKb1rUXDLlrSN',#6,'OPS_ActivityCodes',$,(#2406,#2407));
#2409=IFCRELDEFINESBYPROPERTIES('yDU$slXvGD_9rvgHYh9zrz',#6,$,$,(#476),#2408);
#2410=IFCPROPERTYENUMERATEDVALUE('Tower',$,(IFCLABEL('C')),$);
#2411=IFCPROPERTYENUMERATEDVALUE('Discipline',$,(IFCLABEL('FIT')),$);
#2412=IFCPROPERTYSET('vrU1kFS$YjUxVFpnzHFZlh',#6,'OPS_ActivityCodes',$,(#2410,#2411));
#2413=IFCRELDEFINESBYPROPERTIES('X1VzQjwX5bjfjVN$kXlruj',#6,$,$,(#478),#2412);
#2414=IFCPROPERTYENUMERATEDVALUE('Tower',$,(IFCLABEL('GEN')),$);
#2415=IFCPROPERTYENUMERATEDVALUE('Discipline',$,(IFCLABEL('FIT')),$);
#2416=IFCPROPERTYSET('S3azsFT1krtzlTLHhT5V8b',#6,'OPS_ActivityCodes',$,(#2414,#2415));
#2417=IFCRELDEFINESBYPROPERTIES('ynPzw7_Nc$Yx9hEFk$Ll$N',#6,$,$,(#480),#2416);
#2418=IFCPROPERTYENUMERATEDVALUE('Tower',$,(IFCLABEL('GEN')),$);
#2419=IFCPROPERTYENUMERATEDVALUE('Discipline',$,(IFCLABEL('FIT')),$);
#2420=IFCPROPERTYSET('ltSLDHW9hPSBCBYXvx2BCz',#6,'OPS_ActivityCodes',$,(#2418,#2419));
#2421=IFCRELDEFINESBYPROPERTIES('vrsvNHOdPp_9rd2VdnPjob',#6,$,$,(#482),#2420);
#2422=IFCPROPERTYENUMERATEDVALUE('Tower',$,(IFCLABEL('GEN')),$);
#2423=IFCPROPERTYENUMERATEDVALUE('Discipline',$,(IFCLABEL('FIT')),$);
#2424=IFCPROPERTYSET('idWNyTOddjoBe$f$XHXDuJ',#6,'OPS_ActivityCodes',$,(#2422,#2423));
#2425=IFCRELDEFINESBYPROPERTIES('yD6tAHv9FZU5j1jFb1nTpp',#6,$,$,(#484),#2424);
#2426=IFCPROPERTYENUMERATEDVALUE('Tower',$,(IFCLABEL('GEN')),$);
#2427=IFCPROPERTYENUMERATEDVALUE('Discipline',$,(IFCLABEL('FIT')),$);
#2428=IFCPROPERTYSET('KbjvRXZHV5f57JlX5LWPr7',#6,'OPS_ActivityCodes',$,(#2426,#2427));
#2429=IFCRELDEFINESBYPROPERTIES('KdG7JTldJBTtxnTF_NEbPr',#6,$,$,(#486),#2428);
#2430=IFCPROPERTYENUMERATEDVALUE('Tower',$,(IFCLABEL('GEN')),$);
#2431=IFCPROPERTYENUMERATEDVALUE('Discipline',$,(IFCLABEL('FIT')),$);
#2432=IFCPROPERTYSET('TTGvFhbn6lm1CB6$aNwjMt',#6,'OPS_ActivityCodes',$,(#2430,#2431));
#2433=IFCRELDEFINESBYPROPERTIES('5Hp7XJs$qzAH1$XVmH7bzv',#6,$,$,(#488),#2432);
#2434=IFCPROPERTYENUMERATEDVALUE('Tower',$,(IFCLABEL('GEN')),$);
#2435=IFCPROPERTYENUMERATEDVALUE('Discipline',$,(IFCLABEL('FIT')),$);
#2436=IFCPROPERTYSET('fznpRRTlvfYflNyFdBCbvR',#6,'OPS_ActivityCodes',$,(#2434,#2435));
#2437=IFCRELDEFINESBYPROPERTIES('HN0toZlPl1EribKleJ1jw$',#6,$,$,(#490),#2436);
#2438=IFCPROPERTYENUMERATEDVALUE('Tower',$,(IFCLABEL('GEN')),$);
#2439=IFCPROPERTYENUMERATEDVALUE('Discipline',$,(IFCLABEL('FIT')),$);
#2440=IFCPROPERTYSET('T3CxEXA$el8NXllVNfEbHl',#6,'OPS_ActivityCodes',$,(#2438,#2439));
#2441=IFCRELDEFINESBYPROPERTIES('xnFx_779rze9v$zFWtYnpJ',#6,$,$,(#492),#2440);
#2442=IFCPROPERTYENUMERATEDVALUE('Tower',$,(IFCLABEL('GEN')),$);
#2443=IFCPROPERTYENUMERATEDVALUE('Discipline',$,(IFCLABEL('CIV')),$);
#2444=IFCPROPERTYSET('X$FpH17tjN5VwpTFYh93rz',#6,'OPS_ActivityCodes',$,(#2442,#2443));
#2445=IFCRELDEFINESBYPROPERTIES('tJTfOZndHJiRLNClA5A3Bz',#6,$,$,(#494),#2444);
#2446=IFCPROPERTYENUMERATEDVALUE('Tower',$,(IFCLABEL('GEN')),$);
#2447=IFCPROPERTYENUMERATEDVALUE('Discipline',$,(IFCLABEL('CIV')),$);
#2448=IFCPROPERTYSET('qNk5shRng5tb99SH3FhVq3',#6,'OPS_ActivityCodes',$,(#2446,#2447));
#2449=IFCRELDEFINESBYPROPERTIES('aTunnhRFwZorSjhn5ryZR$',#6,$,$,(#496),#2448);
#2450=IFCPROPERTYENUMERATEDVALUE('Tower',$,(IFCLABEL('GEN')),$);
#2451=IFCPROPERTYENUMERATEDVALUE('Discipline',$,(IFCLABEL('MEP')),$);
#2452=IFCPROPERTYSET('ORe$g1vtLJAZtBg1fDTN2V',#6,'OPS_ActivityCodes',$,(#2450,#2451));
#2453=IFCRELDEFINESBYPROPERTIES('0FR$6dg1EFV3$hEFMLmN6R',#6,$,$,(#498),#2452);
#2454=IFCPROPERTYENUMERATEDVALUE('Tower',$,(IFCLABEL('GEN')),$);
#2455=IFCPROPERTYENUMERATEDVALUE('Discipline',$,(IFCLABEL('MEP')),$);
#2456=IFCPROPERTYSET('TzKjhNWtl1kLcTf$nfA39j',#6,'OPS_ActivityCodes',$,(#2454,#2455));
#2457=IFCRELDEFINESBYPROPERTIES('xFfjb1F7shtzDzjH3DUh6X',#6,$,$,(#500),#2456);
#2458=IFCPROPERTYENUMERATEDVALUE('Tower',$,(IFCLABEL('GEN')),$);
#2459=IFCPROPERTYENUMERATEDVALUE('Discipline',$,(IFCLABEL('MEP')),$);
#2460=IFCPROPERTYSET('sJ39QD6v_3WHZ9KnMHxXiX',#6,'OPS_ActivityCodes',$,(#2458,#2459));
#2461=IFCRELDEFINESBYPROPERTIES('ovU1UfVvS1vpunjF$Vvp0N',#6,$,$,(#502),#2460);
#2462=IFCPROPERTYENUMERATEDVALUE('Tower',$,(IFCLABEL('GEN')),$);
#2463=IFCPROPERTYENUMERATEDVALUE('Discipline',$,(IFCLABEL('MEP')),$);
#2464=IFCPROPERTYSET('TXj7bXzlTpWltrw$mFhVmF',#6,'OPS_ActivityCodes',$,(#2462,#2463));
#2465=IFCRELDEFINESBYPROPERTIES('Bp9pvB0t55drKRKnkVPJUp',#6,$,$,(#504),#2464);
#2466=IFCPROPERTYENUMERATEDVALUE('Tower',$,(IFCLABEL('GEN')),$);
#2467=IFCPROPERTYENUMERATEDVALUE('Discipline',$,(IFCLABEL('MEP')),$);
#2468=IFCPROPERTYSET('7BU$sr79HpePWDjF93NZFx',#6,'OPS_ActivityCodes',$,(#2466,#2467));
#2469=IFCRELDEFINESBYPROPERTIES('X1X3InCVl1cp8l$XS5DdBv',#6,$,$,(#506),#2468);
#2470=IFCPROPERTYENUMERATEDVALUE('Tower',$,(IFCLABEL('GEN')),$);
#2471=IFCPROPERTYENUMERATEDVALUE('Discipline',$,(IFCLABEL('MEP')),$);
#2472=IFCPROPERTYSET('ZZ09AB7trzWHhZhlrJdxLf',#6,'OPS_ActivityCodes',$,(#2470,#2471));
#2473=IFCRELDEFINESBYPROPERTIES('5HztQpE91h93NdoXOpJvBZ',#6,$,$,(#508),#2472);
#2474=IFCPROPERTYENUMERATEDVALUE('Tower',$,(IFCLABEL('GEN')),$);
#2475=IFCPROPERTYENUMERATEDVALUE('Discipline',$,(IFCLABEL('FIT')),$);
#2476=IFCPROPERTYSET('n7Il7Bmfi9kLEh6lf9UnF5',#6,'OPS_ActivityCodes',$,(#2474,#2475));
#2477=IFCRELDEFINESBYPROPERTIES('dRWf8DF7ANDdWphlJNQD4P',#6,$,$,(#510),#2476);
#2478=IFCPROPERTYENUMERATEDVALUE('Tower',$,(IFCLABEL('GEN')),$);
#2479=IFCPROPERTYENUMERATEDVALUE('Discipline',$,(IFCLABEL('MEP')),$);
#2480=IFCPROPERTYSET('XVzt6dUFIVLl$1XX07eVeB',#6,'OPS_ActivityCodes',$,(#2478,#2479));
#2481=IFCRELDEFINESBYPROPERTIES('tDHbKLRn2z0ndlxnA$1Jo5',#6,$,$,(#512),#2480);
#2482=IFCPROPERTYENUMERATEDVALUE('Tower',$,(IFCLABEL('GEN')),$);
#2483=IFCPROPERTYENUMERATEDVALUE('Discipline',$,(IFCLABEL('MEP')),$);
#2484=IFCPROPERTYSET('rpd3QfOvKfAlhZRlIXNZHL',#6,'OPS_ActivityCodes',$,(#2482,#2483));
#2485=IFCRELDEFINESBYPROPERTIES('D7U1kpffoxPBiRKFI1Bnxn',#6,$,$,(#514),#2484);
#2486=IFCPROPERTYENUMERATEDVALUE('Tower',$,(IFCLABEL('GEN')),$);
#2487=IFCPROPERTYENUMERATEDVALUE('Discipline',$,(IFCLABEL('MEP')),$);
#2488=IFCPROPERTYSET('ktyTeT$7_TqZj15l8LeVCn',#6,'OPS_ActivityCodes',$,(#2486,#2487));
#2489=IFCRELDEFINESBYPROPERTIES('wLoRiNFdpvRV2J3HI3WPPd',#6,$,$,(#516),#2488);
#2490=IFCPROPERTYENUMERATEDVALUE('Tower',$,(IFCLABEL('GEN')),$);
#2491=IFCPROPERTYENUMERATEDVALUE('Discipline',$,(IFCLABEL('CIV')),$);
#2492=IFCPROPERTYSET('h7CDz7P9pRRXcH3lQ7Kjw$',#6,'OPS_ActivityCodes',$,(#2490,#2491));
#2493=IFCRELDEFINESBYPROPERTIES('zDon1Zmf63kPajjHFNEbR5',#6,$,$,(#518),#2492);
#2494=IFCPROPERTYENUMERATEDVALUE('Tower',$,(IFCLABEL('GEN')),$);
#2495=IFCPROPERTYENUMERATEDVALUE('Discipline',$,(IFCLABEL('CIV')),$);
#2496=IFCPROPERTYSET('Q54ZqPbVTX6$qhwHTXfTpD',#6,'OPS_ActivityCodes',$,(#2494,#2495));
#2497=IFCRELDEFINESBYPROPERTIES('_l7ZO5wvgPN5pnVVGVHriV',#6,$,$,(#520),#2496);
#2498=IFCPROPERTYENUMERATEDVALUE('Tower',$,(IFCLABEL('GEN')),$);
#2499=IFCPROPERTYENUMERATEDVALUE('Discipline',$,(IFCLABEL('CIV')),$);
#2500=IFCPROPERTYSET('aXblDnalLJgzFJpH5hmNMJ',#6,'OPS_ActivityCodes',$,(#2498,#2499));
#2501=IFCRELDEFINESBYPROPERTIES('qhrnJZtNUP4DavEF2NoR3P',#6,$,$,(#522),#2500);
#2502=IFCPROPERTYENUMERATEDVALUE('Tower',$,(IFCLABEL('GEN')),$);
#2503=IFCPROPERTYENUMERATEDVALUE('Discipline',$,(IFCLABEL('CIV')),$);
#2504=IFCPROPERTYSET('N37rVpI9pbhHHfql69UFbX',#6,'OPS_ActivityCodes',$,(#2502,#2503));
#2505=IFCRELDEFINESBYPROPERTIES('HfunPNVvq7G18lf125B1Qr',#6,$,$,(#524),#2504);
#2506=IFCPROPERTYENUMERATEDVALUE('Tower',$,(IFCLABEL('GEN')),$);
#2507=IFCPROPERTYENUMERATEDVALUE('Discipline',$,(IFCLABEL('CIV')),$);
#2508=IFCPROPERTYSET('C9MdPxc7mZ4pKbilKVDPVZ',#6,'OPS_ActivityCodes',$,(#2506,#2507));
#2509=IFCRELDEFINESBYPROPERTIES('a34rbVbVxRx1ixmVQPm9yB',#6,$,$,(#526),#2508);
#2510=IFCPROPERTYENUMERATEDVALUE('Tower',$,(IFCLABEL('GEN')),$);
#2511=IFCPROPERTYENUMERATEDVALUE('Discipline',$,(IFCLABEL('CIV')),$);
#2512=IFCPROPERTYSET('HbztEVcX5FvLU3nV$$Z9Sf',#6,'OPS_ActivityCodes',$,(#2510,#2511));
#2513=IFCRELDEFINESBYPROPERTIES('N7a3M5fNsLFhQnXXmnZNQl',#6,$,$,(#528),#2512);
#2514=IFCPROPERTYENUMERATEDVALUE('Tower',$,(IFCLABEL('GEN')),$);
#2515=IFCPROPERTYENUMERATEDVALUE('Discipline',$,(IFCLABEL('CIV')),$);
#2516=IFCPROPERTYSET('AtkHlXTlbhJ72DVXy7CpOL',#6,'OPS_ActivityCodes',$,(#2514,#2515));
#2517=IFCRELDEFINESBYPROPERTIES('U3iJ3hS$2fw$uNSHLTzNE5',#6,$,$,(#530),#2516);
#2518=IFCPROPERTYENUMERATEDVALUE('Tower',$,(IFCLABEL('GEN')),$);
#2519=IFCPROPERTYENUMERATEDVALUE('Discipline',$,(IFCLABEL('CIV')),$);
#2520=IFCPROPERTYSET('EvcfWVzH5F1ZXnjnrfgTP7',#6,'OPS_ActivityCodes',$,(#2518,#2519));
#2521=IFCRELDEFINESBYPROPERTIES('QxqxMx$P79Yxd35nsXxlZt',#6,$,$,(#532),#2520);
#2522=IFCPROPERTYENUMERATEDVALUE('Tower',$,(IFCLABEL('GEN')),$);
#2523=IFCPROPERTYENUMERATEDVALUE('Discipline',$,(IFCLABEL('CIV')),$);
#2524=IFCPROPERTYSET('3FjPVtaH$hnh_plXhTR1cn',#6,'OPS_ActivityCodes',$,(#2522,#2523));
#2525=IFCRELDEFINESBYPROPERTIES('LTJvl5FvExX3p3bFClDdb1',#6,$,$,(#534),#2524);
#2526=IFCPROPERTYENUMERATEDVALUE('Tower',$,(IFCLABEL('GEN')),$);
#2527=IFCPROPERTYENUMERATEDVALUE('Discipline',$,(IFCLABEL('CIV')),$);
#2528=IFCPROPERTYSET('xF$rJT9NonvLEXplVD2riX',#6,'OPS_ActivityCodes',$,(#2526,#2527));
#2529=IFCRELDEFINESBYPROPERTIES('j5dh$7ktl1ILMhIF8hGtWP',#6,$,$,(#536),#2528);
#2530=IFCPROPERTYENUMERATEDVALUE('Tower',$,(IFCLABEL('GEN')),$);
#2531=IFCPROPERTYENUMERATEDVALUE('Discipline',$,(IFCLABEL('CIV')),$);
#2532=IFCPROPERTYSET('A9oFfnqFyn9bFjZl0PqDGl',#6,'OPS_ActivityCodes',$,(#2530,#2531));
#2533=IFCRELDEFINESBYPROPERTIES('UzCplVL1Mbzv2JLFHrZ9CF',#6,$,$,(#538),#2532);
#2534=IFCPROPERTYENUMERATEDVALUE('Tower',$,(IFCLABEL('GEN')),$);
#2535=IFCPROPERTYENUMERATEDVALUE('Discipline',$,(IFCLABEL('FIT')),$);
#2536=IFCPROPERTYSET('NTh1YxQ7CdSjk5u1Ax2r8b',#6,'OPS_ActivityCodes',$,(#2534,#2535));
#2537=IFCRELDEFINESBYPROPERTIES('H9a3AFjVFFSB03jltZDP9F',#6,$,$,(#540),#2536);
#2538=IFCPROPERTYENUMERATEDVALUE('Tower',$,(IFCLABEL('A')),$);
#2539=IFCPROPERTYENUMERATEDVALUE('Discipline',$,(IFCLABEL('FIT')),$);
#2540=IFCPROPERTYSET('t9Y$c94Hnn4h_vQl5H5Vub',#6,'OPS_ActivityCodes',$,(#2538,#2539));
#2541=IFCRELDEFINESBYPROPERTIES('XT8V0nJXdpovw$jnfj7RtD',#6,$,$,(#542),#2540);
#2542=IFCPROPERTYENUMERATEDVALUE('Tower',$,(IFCLABEL('B')),$);
#2543=IFCPROPERTYENUMERATEDVALUE('Discipline',$,(IFCLABEL('FIT')),$);
#2544=IFCPROPERTYSET('a34BFB$76naJQHjH3pER3d',#6,'OPS_ActivityCodes',$,(#2542,#2543));
#2545=IFCRELDEFINESBYPROPERTIES('4F$rdtRnQjiR3bGVCndJYJ',#6,$,$,(#544),#2544);
#2546=IFCPROPERTYENUMERATEDVALUE('Tower',$,(IFCLABEL('C')),$);
#2547=IFCPROPERTYENUMERATEDVALUE('Discipline',$,(IFCLABEL('FIT')),$);
#2548=IFCPROPERTYSET('uhoRe5AdLvedqHDlN9Unf$',#6,'OPS_ActivityCodes',$,(#2546,#2547));
#2549=IFCRELDEFINESBYPROPERTIES('WXL1M$P9rNgFxl71NJNhQh',#6,$,$,(#546),#2548);
#2550=IFCPROPERTYENUMERATEDVALUE('Tower',$,(IFCLABEL('GEN')),$);
#2551=IFCPROPERTYENUMERATEDVALUE('Discipline',$,(IFCLABEL('FIT')),$);
#2552=IFCPROPERTYSET('5ronnhRns9fZrD$X6t_Hrz',#6,'OPS_ActivityCodes',$,(#2550,#2551));
#2553=IFCRELDEFINESBYPROPERTIES('Z1ljVJoHHDWl7DBHHPyLsT',#6,$,$,(#548),#2552);
#2554=IFCPROPERTYENUMERATEDVALUE('Tower',$,(IFCLABEL('GEN')),$);
#2555=IFCPROPERTYENUMERATEDVALUE('Discipline',$,(IFCLABEL('FIT')),$);
#2556=IFCPROPERTYSET('2pMPlXzl9rvpClDHHrR$6V',#6,'OPS_ActivityCodes',$,(#2554,#2555));
#2557=IFCRELDEFINESBYPROPERTIES('c1dhpHW99LZtB7MH292HFX',#6,$,$,(#550),#2556);
#2558=IFCPROPERTYENUMERATEDVALUE('Tower',$,(IFCLABEL('GEN')),$);
#2559=IFCPROPERTYENUMERATEDVALUE('Discipline',$,(IFCLABEL('FIT')),$);
#2560=IFCPROPERTYSET('q9Y$E$_Nkhzf$1nXfpLVyr',#6,'OPS_ActivityCodes',$,(#2558,#2559));
#2561=IFCRELDEFINESBYPROPERTIES('a3yTaHmfS1Hr03RnK$fLcH',#6,$,$,(#552),#2560);
#2562=IFCPROPERTYENUMERATEDVALUE('Tower',$,(IFCLABEL('GEN')),$);
#2563=IFCPROPERTYENUMERATEDVALUE('Discipline',$,(IFCLABEL('FIT')),$);
#2564=IFCPROPERTYSET('h7KbmdM1k$NTpHRn4hXR7R',#6,'OPS_ActivityCodes',$,(#2562,#2563));
#2565=IFCRELDEFINESBYPROPERTIES('zD69w3ylXdV3Fpt$xhOHT9',#6,$,$,(#554),#2564);
#2566=IFCPROPERTYENUMERATEDVALUE('Tower',$,(IFCLABEL('GEN')),$);
#2567=IFCPROPERTYENUMERATEDVALUE('Discipline',$,(IFCLABEL('FIT')),$);
#2568=IFCPROPERTYSET('HfeH$vQ7iD8vgrYXFfcDKX',#6,'OPS_ActivityCodes',$,(#2566,#2567));
#2569=IFCRELDEFINESBYPROPERTIES('7LUhLjUn_9QD0Z71w9gfER',#6,$,$,(#556),#2568);
#2570=IFCPROPERTYENUMERATEDVALUE('Tower',$,(IFCLABEL('GEN')),$);
#2571=IFCPROPERTYENUMERATEDVALUE('Discipline',$,(IFCLABEL('FIT')),$);
#2572=IFCPROPERTYSET('vnlbez5n4nHJclxFIV1xlh',#6,'OPS_ActivityCodes',$,(#2570,#2571));
#2573=IFCRELDEFINESBYPROPERTIES('l5txYbYFArhlvjP$DPKJw1',#6,$,$,(#558),#2572);
#2574=IFCPROPERTYENUMERATEDVALUE('Tower',$,(IFCLABEL('GEN')),$);
#2575=IFCPROPERTYENUMERATEDVALUE('Discipline',$,(IFCLABEL('CIV')),$);
#2576=IFCPROPERTYSET('T$dLND7ttVT9V5e1yrLHtp',#6,'OPS_ActivityCodes',$,(#2574,#2575));
#2577=IFCRELDEFINESBYPROPERTIES('xrcfqd5XlVw$ixGXeJVDCT',#6,$,$,(#560),#2576);
#2578=IFCPROPERTYSINGLEVALUE('ConstraintType',$,IFCLABEL('MSO'),$);
#2579=IFCPROPERTYSINGLEVALUE('ConstraintDate',$,IFCDATE('2027-03-11'),$);
#2580=IFCPROPERTYSINGLEVALUE('Hard',$,IFCBOOLEAN(.T.),$);
#2581=IFCPROPERTYSET('vB69oT1v6l0njjFXtz$5FR',#6,'OPS_Constraints',$,(#2578,#2579,#2580));
#2582=IFCRELDEFINESBYPROPERTIES('kt4BzL4HB9M37$TnI1Bn$D',#6,$,$,(#50),#2581);
#2583=IFCPROPERTYSINGLEVALUE('ConstraintType2',$,IFCLABEL('SNLT'),$);
#2584=IFCPROPERTYSINGLEVALUE('ConstraintDate2',$,IFCDATE('2028-04-24'),$);
#2585=IFCPROPERTYSET('ovMd1P2F0rNTpF1VEJUnBP',#6,'OPS_Constraints',$,(#2583,#2584));
#2586=IFCRELDEFINESBYPROPERTIES('BJrnrPEHhpUN5xO$9delVv',#6,$,$,(#384),#2585);
#2587=IFCPROPERTYSINGLEVALUE('Deadline',$,IFCDATE('2029-04-23'),$);
#2588=IFCPROPERTYSET('J5FpzPh$Q$kLQTv$wt_lfT',#6,'OPS_Constraints',$,(#2587));
#2589=IFCRELDEFINESBYPROPERTIES('wFdz2hy$mpMF9tCHQv4TJ3',#6,$,$,(#554),#2588);
#2590=IFCPROPERTYSINGLEVALUE('Links',$,IFCTEXT('[{"direction":"predecessor","relType":"FS","lagDays":0,"anchorDate":"2027-04-06","sourceRef":{"projectId":"proj-ms4or96yzu6z19","projectName":"Site Works Subcontractor","taskId":"task-ms4or970l4q727","taskName":"Site ready for main contractor paving","filePath":"examples/showcase-groot-terrein-onderaannemer.ifc"},"sourceMissing":true,"id":"extlink-ms4orayy23uk604"}]'),$);
#2591=IFCPROPERTYSET('LzX3ALT$c1UxJVnVfDDdjT',#6,'OPS_ExternalLink',$,(#2590));
#2592=IFCRELDEFINESBYPROPERTIES('odERqbTlV51ZltO1Kj2H5h',#6,$,$,(#526),#2591);
#2593=IFCPROPERTYSINGLEVALUE('IsHammock',$,IFCBOOLEAN(.T.),$);
#2594=IFCPROPERTYSET('kfmv91I93ZM3rPkXojI1QF',#6,'OPS_Hammock',$,(#2593));
#2595=IFCRELDEFINESBYPROPERTIES('L3tx_hqnSh1xhznVr9k$UH',#6,$,$,(#290),#2594);
#2596=IFCPROPERTYSINGLEVALUE('MilestoneKind',$,IFCLABEL('START'),$);
#2597=IFCPROPERTYSET('RbuFflGN_3e9ttqnu3vpy7',#6,'OPS_Milestone',$,(#2596));
#2598=IFCRELDEFINESBYPROPERTIES('U1fbal8d5RBnJJd1JfMZFx',#6,$,$,(#42),#2597);
#2599=IFCPROPERTYSINGLEVALUE('MilestoneKind',$,IFCLABEL('FINISH'),$);
#2600=IFCPROPERTYSINGLEVALUE('Mandatory',$,IFCBOOLEAN(.T.),$);
#2601=IFCPROPERTYSET('NT39wdcXR$XRvX1XWNcpi$',#6,'OPS_Milestone',$,(#2599,#2600));
#2602=IFCRELDEFINESBYPROPERTIES('mdIxsLpV9$NTFvclxF15Bd',#6,$,$,(#60),#2601);
#2603=IFCPROPERTYSINGLEVALUE('MilestoneKind',$,IFCLABEL('FINISH'),$);
#2604=IFCPROPERTYSINGLEVALUE('Mandatory',$,IFCBOOLEAN(.T.),$);
#2605=IFCPROPERTYSET('zpcNeZdtHXkdSdM$R$l3j$',#6,'OPS_Milestone',$,(#2603,#2604));
#2606=IFCRELDEFINESBYPROPERTIES('yl5XuBudd7uv6VlVffIxFx',#6,$,$,(#110),#2605);
#2607=IFCPROPERTYSINGLEVALUE('MilestoneKind',$,IFCLABEL('FINISH'),$);
#2608=IFCPROPERTYSET('IxnDrT8dvtMzt9KHGlHzbb',#6,'OPS_Milestone',$,(#2607));
#2609=IFCRELDEFINESBYPROPERTIES('rtkHhpE9TX6$CFXXCFFL2X',#6,$,$,(#172),#2608);
#2610=IFCPROPERTYSINGLEVALUE('MilestoneKind',$,IFCLABEL('FINISH'),$);
#2611=IFCPROPERTYSET('9jTN0HvtBTyLEroXipEbpn',#6,'OPS_Milestone',$,(#2610));
#2612=IFCRELDEFINESBYPROPERTIES('m9KRGfOdthhlDHhF$zunR$',#6,$,$,(#230),#2611);
#2613=IFCPROPERTYSINGLEVALUE('MilestoneKind',$,IFCLABEL('FINISH'),$);
#2614=IFCPROPERTYSET('2l$rpJ5XjBpPCL6HN9A9uR',#6,'OPS_Milestone',$,(#2613));
#2615=IFCRELDEFINESBYPROPERTIES('tJhH3vXdD59R1BUXv5AzB3',#6,$,$,(#288),#2614);
#2616=IFCPROPERTYSINGLEVALUE('MilestoneKind',$,IFCLABEL('FINISH'),$);
#2617=IFCPROPERTYSINGLEVALUE('Mandatory',$,IFCBOOLEAN(.T.),$);
#2618=IFCPROPERTYSET('lxPLj$o9DdvhMLclfpbF$J',#6,'OPS_Milestone',$,(#2616,#2617));
#2619=IFCRELDEFINESBYPROPERTIES('AtIlJ1Qvmpo7IxO1v$VDmV',#6,$,$,(#386),#2618);
#2620=IFCPROPERTYSINGLEVALUE('MilestoneKind',$,IFCLABEL('FINISH'),$);
#2621=IFCPROPERTYSINGLEVALUE('Mandatory',$,IFCBOOLEAN(.T.),$);
#2622=IFCPROPERTYSET('5HD7NlOPvT4DqhclBfs319',#6,'OPS_Milestone',$,(#2620,#2621));
#2623=IFCRELDEFINESBYPROPERTIES('CBVh9TP9JL7DmxylXHVDyL',#6,$,$,(#404),#2622);
#2624=IFCPROPERTYSINGLEVALUE('MilestoneKind',$,IFCLABEL('FINISH'),$);
#2625=IFCPROPERTYSINGLEVALUE('Mandatory',$,IFCBOOLEAN(.T.),$);
#2626=IFCPROPERTYSET('kbrVm7ItlXYNZNWVt7yLQB',#6,'OPS_Milestone',$,(#2624,#2625));
#2627=IFCRELDEFINESBYPROPERTIES('BNcjJzLlx5N5n72Fp7m9yv',#6,$,$,(#422),#2626);
#2628=IFCPROPERTYSINGLEVALUE('MilestoneKind',$,IFCLABEL('FINISH'),$);
#2629=IFCPROPERTYSINGLEVALUE('Mandatory',$,IFCBOOLEAN(.T.),$);
#2630=IFCPROPERTYSET('ortDFHP9lX61aJTHejXpWv',#6,'OPS_Milestone',$,(#2628,#2629));
#2631=IFCRELDEFINESBYPROPERTIES('hP0tYbkHr96Jcn7$k$rF9l',#6,$,$,(#516),#2630);
#2632=IFCPROPERTYSINGLEVALUE('MilestoneKind',$,IFCLABEL('START'),$);
#2633=IFCPROPERTYSET('M7KJnL314lJfDFf$PLWPHB',#6,'OPS_Milestone',$,(#2632));
#2634=IFCRELDEFINESBYPROPERTIES('ZZ096TedVP$ZVl$XmlnZxl',#6,$,$,(#520),#2633);
#2635=IFCPROPERTYSINGLEVALUE('MilestoneKind',$,IFCLABEL('FINISH'),$);
#2636=IFCPROPERTYSINGLEVALUE('Mandatory',$,IFCBOOLEAN(.T.),$);
#2637=IFCPROPERTYSET('ovU1QpgPjf3NXnZFoJcvLD',#6,'OPS_Milestone',$,(#2635,#2636));
#2638=IFCRELDEFINESBYPROPERTIES('7r2V0H9NQ1QpyZBl5lBFb1',#6,$,$,(#538),#2637);
#2639=IFCPROPERTYSINGLEVALUE('MilestoneKind',$,IFCLABEL('FINISH'),$);
#2640=IFCPROPERTYSINGLEVALUE('Mandatory',$,IFCBOOLEAN(.T.),$);
#2641=IFCPROPERTYSET('DvIlfj5VbXpdqhglglj7JX',#6,'OPS_Milestone',$,(#2639,#2640));
#2642=IFCRELDEFINESBYPROPERTIES('wrQNSpI9xFPri$bH2fQDCl',#6,$,$,(#542),#2641);
#2643=IFCPROPERTYSINGLEVALUE('MilestoneKind',$,IFCLABEL('FINISH'),$);
#2644=IFCPROPERTYSINGLEVALUE('Mandatory',$,IFCBOOLEAN(.T.),$);
#2645=IFCPROPERTYSET('OxCx_d5V1fBFnpd$07eltJ',#6,'OPS_Milestone',$,(#2643,#2644));
#2646=IFCRELDEFINESBYPROPERTIES('XTuVOTnPPvOdKbqlkzeVGn',#6,$,$,(#544),#2645);
#2647=IFCPROPERTYSINGLEVALUE('MilestoneKind',$,IFCLABEL('FINISH'),$);
#2648=IFCPROPERTYSINGLEVALUE('Mandatory',$,IFCBOOLEAN(.T.),$);
#2649=IFCPROPERTYSET('qNkxAH7tDdHjY9WVLTzNMf',#6,'OPS_Milestone',$,(#2647,#2648));
#2650=IFCRELDEFINESBYPROPERTIES('5hUhNpv9$hlrKVXVMh8$23',#6,$,$,(#546),#2649);
#2651=IFCPROPERTYSINGLEVALUE('MilestoneKind',$,IFCLABEL('FINISH'),$);
#2652=IFCPROPERTYSINGLEVALUE('Mandatory',$,IFCBOOLEAN(.T.),$);
#2653=IFCPROPERTYSET('l94B3hCVH$ErmxKFsXjv7R',#6,'OPS_Milestone',$,(#2651,#2652));
#2654=IFCRELDEFINESBYPROPERTIES('ebOH93bnIr9z3bu1gn9zpn',#6,$,$,(#554),#2653);
#2655=IFCPROPERTYSINGLEVALUE('MilestoneKind',$,IFCLABEL('START'),$);
#2656=IFCPROPERTYSET('DLb$cf87sL$5rpXViDs3FV',#6,'OPS_Milestone',$,(#2655));
#2657=IFCRELDEFINESBYPROPERTIES('Kva3YNVvipGVIxWVDdaB4h',#6,$,$,(#556),#2656);
#2658=IFCPROPERTYSINGLEVALUE('Notes',$,IFCTEXT('[{"id":"note-ms4oraln1bqh554","text":"Check kitchen appliance delivery with the supplier","done":false}]'),$);
#2659=IFCPROPERTYSET('XXjv3rOdtrVb1BQ1I$hlF1',#6,'OPS_TaskNotes',$,(#2658));
#2660=IFCRELDEFINESBYPROPERTIES('6LcjHxd9pbjf9LMH2RP5jz',#6,$,$,(#432),#2659);
#2661=IFCPROPERTYSINGLEVALUE('Notes',$,IFCTEXT('[{"id":"note-ms4oranoltr4562","text":"Moisture readings taken on walls","done":true}]'),$);
#2662=IFCPROPERTYSET('YzCD$vMPXbZPy9yFBtMNId',#6,'OPS_TaskNotes',$,(#2661));
#2663=IFCRELDEFINESBYPROPERTIES('t92XOTvt9Vb$431XWNER3d',#6,$,$,(#446),#2662);
#2664=IFCPROPERTYSINGLEVALUE('Baselines',$,IFCTEXT('[{"id":"baseline-ms4orctzm6se1076","name":"Contract","createdAt":"2026-07-28T13:22:47.353Z","tasks":[{"taskId":"task-ms4or9sa8o1d359","start":"2027-03-01","finish":"2027-03-01","duration":0,"isMilestone":true,"milestoneKind":"START"},{"taskId":"task-ms4or9sc1u47361","start":"2027-03-01","finish":"2027-03-03","duration":3,"isMilestone":false},{"taskId":"task-ms4or9sd18ch362","start":"2027-03-04","finish":"2027-03-17","duration":10,"isMilestone":false},{"taskId":"task-ms4or9sfg0uh363","start":"2027-03-11","finish":"2027-03-15","duration":3,"isMilestone":false},{"taskId":"task-ms4or9sg8eyg364","start":"2027-03-18","finish":"2027-03-23","duration":4,"isMilestone":false},{"taskId":"task-ms4or9si51ze365","start":"2027-03-24","finish":"2027-03-25","duration":2,"isMilestone":false},{"taskId":"task-ms4or9sja34a366","start":"2027-03-30","finish":"2027-04-02","duration":4,"isMilestone":false},{"taskId":"task-ms4or9slst19367","start":"2027-04-05","finish":"2027-04-09","duration":5,"isMilestone":false},{"taskId":"task-ms4or9sn8my1368","start":"2027-04-09","finish":"2027-04-09","duration":0,"isMilestone":true,"milestoneKind":"FINISH"},{"taskId":"task-ms4or9sqmla4370","start":"2027-04-12","finish":"2027-04-13","duration":2,"isMilestone":false},{"taskId":"task-ms4or9ssvw62371","start":"2027-04-14","finish":"2027-04-21","duration":6,"isMilestone":false},{"taskId":"task-ms4or9sujqge372","start":"2027-04-22","finish":"2027-04-29","duration":5,"isMilestone":false},{"taskId":"task-ms4or9sw4d1b373","start":"2027-04-30","finish":"2027-05-07","duration":4,"isMilestone":false},{"taskId":"task-ms4or9szmkt0374","start":"2027-05-10","finish":"2027-05-12","duration":3,"isMilestone":false},{"taskId":"task-ms4or9t1jjus375","start":"2027-05-13T07:00","finish":"2027-05-13T15:00","duration":5,"isMilestone":false},{"taskId":"task-ms4or9t3gp3x376","start":"2027-05-14T07:00","finish":"2027-05-14T13:00","duration":5,"isMilestone":false},{"taskId":"task-ms4or9t590dr377","start":"2027-05-14T13:00","finish":"2027-05-18T13:00","duration":5,"isMilestone":false},{"taskId":"task-ms4or9t7vo90378","start":"2027-05-18T13:00","finish":"2027-05-19T09:00","duration":5,"isMilestone":false},{"taskId":"task-ms4or9ta2gi6379","start":"2027-05-10","finish":"2027-05-12","duration":3,"isMilestone":false},{"taskId":"task-ms4or9tcszjg380","start":"2027-05-13T07:00","finish":"2027-05-13T15:00","duration":5,"isMilestone":false},{"taskId":"task-ms4or9tea161381","start":"2027-05-14T07:00","finish":"2027-05-14T13:00","duration":5,"isMilestone":false},{"taskId":"task-ms4or9tg3y32382","start":"2027-05-14T13:00","finish":"2027-05-18T13:00","duration":5,"isMilestone":false},{"taskId":"task-ms4or9tirvtl383","start":"2027-05-18T13:00","finish":"2027-05-19T09:00","duration":5,"isMilestone":false},{"taskId":"task-ms4or9tlunj9384","start":"2027-05-10","finish":"2027-05-12","duration":3,"isMilestone":false},{"taskId":"task-ms4or9tnnj5b385","start":"2027-05-13T07:00","finish":"2027-05-13T15:00","duration":5,"isMilestone":false},{"taskId":"task-ms4or9tqt08b386","start":"2027-05-14T07:00","finish":"2027-05-14T13:00","duration":5,"isMilestone":false},{"taskId":"task-ms4or9tsssi5387","start":"2027-05-14T13:00","finish":"2027-05-18T13:00","duration":5,"isMilestone":false},{"taskId":"task-ms4or9tvjht1388","start":"2027-05-18T13:00","finish":"2027-05-19T09:00","duration":5,"isMilestone":false},{"taskId":"task-ms4or9tye4jq389","start":"2027-05-20","finish":"2027-05-24","duration":3,"isMilestone":false},{"taskId":"task-ms4or9u0k3sv390","start":"2027-05-25","finish":"2027-05-27","duration":3,"isMilestone":false},{"taskId":"task-ms4or9u3o6rs391","start":"2027-05-28","finish":"2027-06-03","duration":5,"isMilestone":false},{"taskId":"task-ms4or9u6wnh1392","start":"2027-06-04","finish":"2027-06-07","duration":2,"isMilestone":false},{"taskId":"task-ms4or9u9vnue393","start":"2027-06-07","finish":"2027-06-07","duration":0,"isMilestone":true,"milestoneKind":"FINISH"},{"taskId":"task-ms4or9udjitq395","start":"2027-06-08","finish":"2027-06-10","duration":3,"isMilestone":false},{"taskId":"task-ms4or9ujsvp2397","start":"2027-06-11","finish":"2027-06-16","duration":4,"isMilestone":false},{"taskId":"task-ms4or9umt3zq398","start":"2027-06-17","finish":"2027-06-22","duration":4,"isMilestone":false},{"taskId":"task-ms4or9urwvhc399","start":"2027-06-21","finish":"2027-06-23","duration":3,"isMilestone":false},{"taskId":"task-ms4or9uu21l2400","start":"2027-06-24","finish":"2027-06-29","duration":4,"isMilestone":false},{"taskId":"task-ms4or9uyoa5w401","start":"2027-06-28","finish":"2027-06-30","duration":3,"isMilestone":false},{"taskId":"task-ms4or9v22tuz402","start":"2027-07-01","finish":"2027-07-06","duration":4,"isMilestone":false},{"taskId":"task-ms4or9v6h6lx403","start":"2027-07-05","finish":"2027-07-07","duration":3,"isMilestone":false},{"taskId":"task-ms4or9vatpja404","start":"2027-07-08","finish":"2027-07-13","duration":4,"isMilestone":false},{"taskId":"task-ms4or9ve98zr405","start":"2027-07-12","finish":"2027-07-14","duration":3,"isMilestone":false},{"taskId":"task-ms4or9viznj4406","start":"2027-07-15","finish":"2027-07-20","duration":4,"isMilestone":false},{"taskId":"task-ms4or9vm0km4407","start":"2027-07-19","finish":"2027-07-21","duration":3,"isMilestone":false},{"taskId":"task-ms4or9vqhpa3408","start":"2027-07-22","finish":"2027-08-17","duration":4,"isMilestone":false},{"taskId":"task-ms4or9vu8p0u409","start":"2027-08-16","finish":"2027-08-18","duration":3,"isMilestone":false},{"taskId":"task-ms4or9vyud88410","start":"2027-08-19","finish":"2027-08-24","duration":4,"isMilestone":false},{"taskId":"task-ms4or9w20nbc411","start":"2027-08-23","finish":"2027-08-25","duration":3,"isMilestone":false},{"taskId":"task-ms4or9w8gmp5412","start":"2027-08-26","finish":"2027-08-31","duration":4,"isMilestone":false},{"taskId":"task-ms4or9wb7qip413","start":"2027-08-30","finish":"2027-09-01","duration":3,"isMilestone":false},{"taskId":"task-ms4or9wfea9w414","start":"2027-09-02","finish":"2027-09-07","duration":4,"isMilestone":false},{"taskId":"task-ms4or9wi5w8s415","start":"2027-09-06","finish":"2027-09-08","duration":3,"isMilestone":false},{"taskId":"task-ms4or9wl2b1a416","start":"2027-09-09","finish":"2027-09-14","duration":4,"isMilestone":false},{"taskId":"task-ms4or9wp9xwl417","start":"2027-09-13","finish":"2027-09-15","duration":3,"isMilestone":false},{"taskId":"task-ms4or9wshs7a418","start":"2027-09-16","finish":"2027-09-21","duration":4,"isMilestone":false},{"taskId":"task-ms4or9wwv62u419","start":"2027-09-20","finish":"2027-09-22","duration":3,"isMilestone":false},{"taskId":"task-ms4or9x0l6de420","start":"2027-09-23","finish":"2027-09-28","duration":4,"isMilestone":false},{"taskId":"task-ms4or9x4f7b2421","start":"2027-09-27","finish":"2027-09-29","duration":3,"isMilestone":false},{"taskId":"task-ms4or9x7h6c9422","start":"2027-06-11","finish":"2027-08-20","duration":36,"isMilestone":false},{"taskId":"task-ms4or9xbru4b423","start":"2027-09-30","finish":"2027-10-06","duration":5,"isMilestone":false},{"taskId":"task-ms4or9xftlsq424","start":"2027-10-06","finish":"2027-10-06","duration":0,"isMilestone":true,"milestoneKind":"FINISH"},{"taskId":"task-ms4or9xn698s426","start":"2027-06-11","finish":"2027-06-16","duration":4,"isMilestone":false},{"taskId":"task-ms4or9xru0yb427","start":"2027-06-17","finish":"2027-06-22","duration":4,"isMilestone":false},{"taskId":"task-ms4or9xvsv8m428","start":"2027-06-21","finish":"2027-06-23","duration":3,"isMilestone":false},{"taskId":"task-ms4or9xznfi4429","start":"2027-06-24","finish":"2027-06-29","duration":4,"isMilestone":false},{"taskId":"task-ms4or9y3rbkb430","start":"2027-06-28","finish":"2027-06-30","duration":3,"isMilestone":false},{"taskId":"task-ms4or9y75rdt431","start":"2027-07-01","finish":"2027-07-06","duration":4,"isMilestone":false},{"taskId":"task-ms4or9ybpdh0432","start":"2027-07-05","finish":"2027-07-07","duration":3,"isMilestone":false},{"taskId":"task-ms4or9ygi3tm433","start":"2027-07-08","finish":"2027-07-13","duration":4,"isMilestone":false},{"taskId":"task-ms4or9ykyrqs434","start":"2027-07-12","finish":"2027-07-14","duration":3,"isMilestone":false},{"taskId":"task-ms4or9yqnz4m435","start":"2027-07-15","finish":"2027-07-20","duration":4,"isMilestone":false},{"taskId":"task-ms4or9yuulj9436","start":"2027-07-19","finish":"2027-07-21","duration":3,"isMilestone":false},{"taskId":"task-ms4or9yy6s52437","start":"2027-07-22","finish":"2027-08-17","duration":4,"isMilestone":false},{"taskId":"task-ms4or9z3ytcu438","start":"2027-08-16","finish":"2027-08-18","duration":3,"isMilestone":false},{"taskId":"task-ms4or9z7i9bx439","start":"2027-08-19","finish":"2027-08-24","duration":4,"isMilestone":false},{"taskId":"task-ms4or9zbivho440","start":"2027-08-23","finish":"2027-08-25","duration":3,"isMilestone":false},{"taskId":"task-ms4or9zg1l6f441","start":"2027-08-26","finish":"2027-08-31","duration":4,"isMilestone":false},{"taskId":"task-ms4or9zkjvck442","start":"2027-08-30","finish":"2027-09-01","duration":3,"isMilestone":false},{"taskId":"task-ms4or9zpxmws443","start":"2027-09-02","finish":"2027-09-07","duration":4,"isMilestone":false},{"taskId":"task-ms4or9ztdlxn444","start":"2027-09-06","finish":"2027-09-08","duration":3,"isMilestone":false},{"taskId":"task-ms4or9zy2y13445","start":"2027-09-09","finish":"2027-09-14","duration":4,"isMilestone":false},{"taskId":"task-ms4ora020xl6446","start":"2027-09-13","finish":"2027-09-15","duration":3,"isMilestone":false},{"taskId":"task-ms4ora07aeju447","start":"2027-09-16","finish":"2027-09-21","duration":4,"isMilestone":false},{"taskId":"task-ms4ora0c70ko448","start":"2027-09-20","finish":"2027-09-22","duration":3,"isMilestone":false},{"taskId":"task-ms4ora0g96r1449","start":"2027-09-23","finish":"2027-09-28","duration":4,"isMilestone":false},{"taskId":"task-ms4ora0lzkew450","start":"2027-09-27","finish":"2027-09-29","duration":3,"isMilestone":false},{"taskId":"task-ms4ora0qbsh7451","start":"2027-06-11","finish":"2027-08-20","duration":36,"isMilestone":false},{"taskId":"task-ms4ora0vmv74452","start":"2027-09-30","finish":"2027-10-06","duration":5,"isMilestone":false},{"taskId":"task-ms4ora10e4ds453","start":"2027-10-06","finish":"2027-10-06","duration":0,"isMilestone":true,"milestoneKind":"FINISH"},{"taskId":"task-ms4ora1cjesw455","start":"2027-06-11","finish":"2027-06-16","duration":4,"isMilestone":false},{"taskId":"task-ms4ora1hlb06456","start":"2027-06-17","finish":"2027-06-22","duration":4,"isMilestone":false},{"taskId":"task-ms4ora1m6p2b457","start":"2027-06-21","finish":"2027-06-23","duration":3,"isMilestone":false},{"taskId":"task-ms4ora1r5cwk458","start":"2027-06-24","finish":"2027-06-29","duration":4,"isMilestone":false},{"taskId":"task-ms4ora1wxs9d459","start":"2027-06-28","finish":"2027-06-30","duration":3,"isMilestone":false},{"taskId":"task-ms4ora224354460","start":"2027-07-01","finish":"2027-07-06","duration":4,"isMilestone":false},{"taskId":"task-ms4ora28uico461","start":"2027-07-05","finish":"2027-07-07","duration":3,"isMilestone":false},{"taskId":"task-ms4ora2doha9462","start":"2027-07-08","finish":"2027-07-13","duration":4,"isMilestone":false},{"taskId":"task-ms4ora2j7uo1463","start":"2027-07-12","finish":"2027-07-14","duration":3,"isMilestone":false},{"taskId":"task-ms4ora2pc504464","start":"2027-07-15","finish":"2027-07-20","duration":4,"isMilestone":false},{"taskId":"task-ms4ora2vqwfi465","start":"2027-07-19","finish":"2027-07-21","duration":3,"isMilestone":false},{"taskId":"task-ms4ora31oepo466","start":"2027-07-22","finish":"2027-08-17","duration":4,"isMilestone":false},{"taskId":"task-ms4ora36g4n5467","start":"2027-08-16","finish":"2027-08-18","duration":3,"isMilestone":false},{"taskId":"task-ms4ora3ctlf2468","start":"2027-08-19","finish":"2027-08-24","duration":4,"isMilestone":false},{"taskId":"task-ms4ora3i5sxq469","start":"2027-08-23","finish":"2027-08-25","duration":3,"isMilestone":false},{"taskId":"task-ms4ora3olghk470","start":"2027-08-26","finish":"2027-08-31","duration":4,"isMilestone":false},{"taskId":"task-ms4ora3ufuul471","start":"2027-08-30","finish":"2027-09-01","duration":3,"isMilestone":false},{"taskId":"task-ms4ora40hld0472","start":"2027-09-02","finish":"2027-09-07","duration":4,"isMilestone":false},{"taskId":"task-ms4ora4av3wq473","start":"2027-09-06","finish":"2027-09-08","duration":3,"isMilestone":false},{"taskId":"task-ms4ora4gyli5474","start":"2027-09-09","finish":"2027-09-14","duration":4,"isMilestone":false},{"taskId":"task-ms4ora4mtvjq475","start":"2027-09-13","finish":"2027-09-15","duration":3,"isMilestone":false},{"taskId":"task-ms4ora4sa8r2476","start":"2027-09-16","finish":"2027-09-21","duration":4,"isMilestone":false},{"taskId":"task-ms4ora4y8nw5477","start":"2027-09-20","finish":"2027-09-22","duration":3,"isMilestone":false},{"taskId":"task-ms4ora547gbd478","start":"2027-09-23","finish":"2027-09-28","duration":4,"isMilestone":false},{"taskId":"task-ms4ora5ar2ii479","start":"2027-09-27","finish":"2027-09-29","duration":3,"isMilestone":false},{"taskId":"task-ms4ora5g1lr0480","start":"2027-06-11","finish":"2027-08-20","duration":36,"isMilestone":false},{"taskId":"task-ms4ora5nj986481","start":"2027-09-30","finish":"2027-10-06","duration":5,"isMilestone":false},{"taskId":"task-ms4ora5tx3io482","start":"2027-10-06","finish":"2027-10-06","duration":0,"isMilestone":true,"milestoneKind":"FINISH"},{"taskId":"task-ms4ora5zjnfh483","start":"2027-06-11","finish":"2027-10-06","duration":69,"isMilestone":false},{"taskId":"task-ms4ora62pprr484","start":"2027-10-07","finish":"2027-10-08","duration":2,"isMilestone":false},{"taskId":"task-ms4ora6hmyj4487","start":"2027-10-07","finish":"2027-10-11","duration":3,"isMilestone":false},{"taskId":"task-ms4ora6n4npm488","start":"2027-10-12","finish":"2027-10-21","duration":8,"isMilestone":false},{"taskId":"task-ms4ora6uyh4z489","start":"2027-10-22","finish":"2027-11-04","duration":10,"isMilestone":false},{"taskId":"task-ms4ora70b88e490","start":"2027-11-05","finish":"2027-11-12","duration":6,"isMilestone":false},{"taskId":"task-ms4ora7a45px491","start":"2027-10-07","finish":"2027-10-13","duration":5,"isMilestone":false},{"taskId":"task-ms4ora7ht9b2492","start":"2027-10-14","finish":"2027-10-20","duration":5,"isMilestone":false},{"taskId":"task-ms4ora7ntrvv493","start":"2027-11-15","finish":"2027-11-19","duration":5,"isMilestone":false},{"taskId":"task-ms4ora7uxnlu494","start":"2027-10-21","finish":"2027-10-25","duration":3,"isMilestone":false},{"taskId":"task-ms4ora80notj495","start":"2027-11-22","finish":"2027-11-23","duration":2,"isMilestone":false},{"taskId":"task-ms4ora8dv3du497","start":"2027-10-07","finish":"2027-10-11","duration":3,"isMilestone":false},{"taskId":"task-ms4ora8khi1r498","start":"2027-10-12","finish":"2027-10-21","duration":8,"isMilestone":false},{"taskId":"task-ms4ora8r7q40499","start":"2027-10-22","finish":"2027-11-04","duration":10,"isMilestone":false},{"taskId":"task-ms4ora8yrsui500","start":"2027-11-05","finish":"2027-11-12","duration":6,"isMilestone":false},{"taskId":"task-ms4ora94kvj9501","start":"2027-10-07","finish":"2027-10-13","duration":5,"isMilestone":false},{"taskId":"task-ms4ora9bfzn4502","start":"2027-10-14","finish":"2027-10-20","duration":5,"isMilestone":false},{"taskId":"task-ms4ora9il903503","start":"2027-11-15","finish":"2027-11-19","duration":5,"isMilestone":false},{"taskId":"task-ms4ora9qfnjt504","start":"2027-10-21","finish":"2027-10-25","duration":3,"isMilestone":false},{"taskId":"task-ms4ora9xi64z505","start":"2027-11-22","finish":"2027-11-23","duration":2,"isMilestone":false},{"taskId":"task-ms4oraagisz9507","start":"2027-10-07","finish":"2027-10-11","duration":3,"isMilestone":false},{"taskId":"task-ms4oraao8dps508","start":"2027-10-12","finish":"2027-10-21","duration":8,"isMilestone":false},{"taskId":"task-ms4oraavjbkz509","start":"2027-10-22","finish":"2027-11-04","duration":10,"isMilestone":false},{"taskId":"task-ms4orab2uzdd510","start":"2027-11-05","finish":"2027-11-12","duration":6,"isMilestone":false},{"taskId":"task-ms4orabaf72m511","start":"2027-10-07","finish":"2027-10-13","duration":5,"isMilestone":false},{"taskId":"task-ms4orabia7it512","start":"2027-10-14","finish":"2027-10-20","duration":5,"isMilestone":false},{"taskId":"task-ms4orabqqhzm513","start":"2027-11-15","finish":"2027-11-19","duration":5,"isMilestone":false},{"taskId":"task-ms4orabxmkys514","start":"2027-10-21","finish":"2027-10-25","duration":3,"isMilestone":false},{"taskId":"task-ms4orac4m0v9515","start":"2027-11-22","finish":"2027-11-23","duration":2,"isMilestone":false},{"taskId":"task-ms4oracck8mw516","start":"2027-11-24","finish":"2027-11-29","duration":4,"isMilestone":false},{"taskId":"task-ms4oracjq0p4517","start":"2027-06-04","finish":"2027-06-10","duration":5,"isMilestone":false},{"taskId":"task-ms4oracty8za519","start":"2027-11-30","finish":"2027-12-07","duration":6,"isMilestone":false},{"taskId":"task-ms4orad0xs8i520","start":"2027-12-08","finish":"2027-12-13","duration":4,"isMilestone":false},{"taskId":"task-ms4orad8ktff521","start":"2027-12-14","finish":"2027-12-16","duration":3,"isMilestone":false},{"taskId":"task-ms4oradlahdm522","start":"2027-12-17","finish":"2027-12-22","duration":4,"isMilestone":false},{"taskId":"task-ms4orae0nh5n524","start":"2027-11-24","finish":"2027-12-03","duration":8,"isMilestone":false},{"taskId":"task-ms4orae79zbn525","start":"2027-11-26","finish":"2027-12-06","duration":7,"isMilestone":false},{"taskId":"task-ms4oraegpj90526","start":"2027-12-07","finish":"2027-12-13","duration":5,"isMilestone":false},{"taskId":"task-ms4oraepffv7527","start":"2027-12-14","finish":"2027-12-20","duration":5,"isMilestone":false},{"taskId":"task-ms4oraeyesun528","start":"2027-12-21","finish":"2027-12-24","duration":4,"isMilestone":false},{"taskId":"task-ms4oraf7wyef529","start":"2027-12-27","finish":"2027-12-30","duration":4,"isMilestone":false},{"taskId":"task-ms4oraffhx6v530","start":"2027-12-31","finish":"2028-01-13","duration":10,"isMilestone":false},{"taskId":"task-ms4orafqun6j531","start":"2028-01-13","finish":"2028-01-13","duration":0,"isMilestone":true,"milestoneKind":"FINISH"},{"taskId":"task-ms4orag74e40533","start":"2027-11-24","finish":"2027-12-03","duration":8,"isMilestone":false},{"taskId":"task-ms4oragfx37c534","start":"2027-11-26","finish":"2027-12-06","duration":7,"isMilestone":false},{"taskId":"task-ms4oragsq9m0535","start":"2027-12-07","finish":"2027-12-13","duration":5,"isMilestone":false},{"taskId":"task-ms4orah00r8c536","start":"2027-12-14","finish":"2027-12-20","duration":5,"isMilestone":false},{"taskId":"task-ms4orah9lcnz537","start":"2027-12-21","finish":"2027-12-24","duration":4,"isMilestone":false},{"taskId":"task-ms4orahj9bs7538","start":"2027-12-27","finish":"2027-12-30","duration":4,"isMilestone":false},{"taskId":"task-ms4orahsem8r539","start":"2027-12-31","finish":"2028-01-13","duration":10,"isMilestone":false},{"taskId":"task-ms4orai9to6k540","start":"2028-01-13","finish":"2028-01-13","duration":0,"isMilestone":true,"milestoneKind":"FINISH"},{"taskId":"task-ms4oraiq1a43542","start":"2027-11-24","finish":"2027-12-03","duration":8,"isMilestone":false},{"taskId":"task-ms4oraizwb0w543","start":"2027-11-26","finish":"2027-12-06","duration":7,"isMilestone":false},{"taskId":"task-ms4oraj8470o544","start":"2027-12-07","finish":"2027-12-13","duration":5,"isMilestone":false},{"taskId":"task-ms4orajhpvvz545","start":"2027-12-14","finish":"2027-12-20","duration":5,"isMilestone":false},{"taskId":"task-ms4orajqaj9w546","start":"2027-12-21","finish":"2027-12-24","duration":4,"isMilestone":false},{"taskId":"task-ms4orajzcan8547","start":"2027-12-27","finish":"2027-12-30","duration":4,"isMilestone":false},{"taskId":"task-ms4orak8kcas548","start":"2027-12-31","finish":"2028-01-13","duration":10,"isMilestone":false},{"taskId":"task-ms4orakjpplm549","start":"2028-01-13","finish":"2028-01-13","duration":0,"isMilestone":true,"milestoneKind":"FINISH"},{"taskId":"task-ms4oral3zl3g552","start":"2028-01-14","finish":"2028-01-31","duration":12,"isMilestone":false},{"taskId":"task-ms4oralfzh2d553","start":"2028-02-01","finish":"2028-02-14","duration":10,"isMilestone":false},{"taskId":"task-ms4oralnzj1f555","start":"2028-02-15","finish":"2028-02-24","duration":8,"isMilestone":false},{"taskId":"task-ms4oram14p2p556","start":"2028-02-25","finish":"2028-03-06","duration":7,"isMilestone":false},{"taskId":"task-ms4oramev764557","start":"2028-03-07","finish":"2028-03-16","duration":8,"isMilestone":false},{"taskId":"task-ms4oramot9gv558","start":"2028-03-17","finish":"2028-03-23","duration":5,"isMilestone":false},{"taskId":"task-ms4oramxq8cl559","start":"2028-03-24","finish":"2028-03-30","duration":5,"isMilestone":false},{"taskId":"task-ms4oran5rchz560","start":"2028-03-31","finish":"2028-04-05","duration":4,"isMilestone":false},{"taskId":"task-ms4oranoyxov563","start":"2028-01-14","finish":"2028-01-31","duration":12,"isMilestone":false},{"taskId":"task-ms4oranxduc9564","start":"2028-02-01","finish":"2028-02-14","duration":10,"isMilestone":false},{"taskId":"task-ms4orao6z5qt565","start":"2028-02-15","finish":"2028-02-24","duration":8,"isMilestone":false},{"taskId":"task-ms4oraofc56e566","start":"2028-02-25","finish":"2028-03-06","duration":7,"isMilestone":false},{"taskId":"task-ms4oraoss6ey567","start":"2028-03-07","finish":"2028-03-16","duration":8,"isMilestone":false},{"taskId":"task-ms4orap1nxjq568","start":"2028-03-17","finish":"2028-03-23","duration":5,"isMilestone":false},{"taskId":"task-ms4orapate8a569","start":"2028-03-24","finish":"2028-03-30","duration":5,"isMilestone":false},{"taskId":"task-ms4orapkwcv3570","start":"2028-03-31","finish":"2028-04-05","duration":4,"isMilestone":false},{"taskId":"task-ms4oraq28ubh572","start":"2028-01-14","finish":"2028-01-31","duration":12,"isMilestone":false},{"taskId":"task-ms4oraqcomip573","start":"2028-02-01","finish":"2028-02-14","duration":10,"isMilestone":false},{"taskId":"task-ms4oraql5vox574","start":"2028-02-15","finish":"2028-02-24","duration":8,"isMilestone":false},{"taskId":"task-ms4oraqu29x5575","start":"2028-02-25","finish":"2028-03-06","duration":7,"isMilestone":false},{"taskId":"task-ms4orar4902w576","start":"2028-03-07","finish":"2028-03-16","duration":8,"isMilestone":false},{"taskId":"task-ms4orardwljs577","start":"2028-03-17","finish":"2028-03-23","duration":5,"isMilestone":false},{"taskId":"task-ms4orarqvron578","start":"2028-03-24","finish":"2028-03-30","duration":5,"isMilestone":false},{"taskId":"task-ms4oras032wq579","start":"2028-03-31","finish":"2028-04-05","duration":4,"isMilestone":false},{"taskId":"task-ms4oras9gxe7580","start":"2027-11-30","finish":"2027-12-07","duration":6,"isMilestone":false},{"taskId":"task-ms4orasjq2x5581","start":"2027-12-08","finish":"2027-12-13","duration":4,"isMilestone":false},{"taskId":"task-ms4orass6jhg582","start":"2027-12-08","finish":"2027-12-13","duration":4,"isMilestone":false},{"taskId":"task-ms4orat21lvy583","start":"2027-12-14","finish":"2027-12-20","duration":5,"isMilestone":false},{"taskId":"task-ms4oratb6uwv584","start":"2027-12-21","finish":"2027-12-24","duration":4,"isMilestone":false},{"taskId":"task-ms4oratlh4s0585","start":"2027-12-27","finish":"2027-12-28","duration":2,"isMilestone":false},{"taskId":"task-ms4oratvg2qr586","start":"2027-12-29","finish":"2027-12-31","duration":3,"isMilestone":false},{"taskId":"task-ms4orauelqs7588","start":"2027-06-11","finish":"2027-07-22","duration":30,"isMilestone":false},{"taskId":"task-ms4orausj21a589","start":"2027-07-23","finish":"2027-09-15","duration":24,"isMilestone":false},{"taskId":"task-ms4orav234oy590","start":"2027-09-16","finish":"2027-10-15","duration":22,"isMilestone":false},{"taskId":"task-ms4oravcjv24591","start":"2027-10-18","finish":"2027-11-08","duration":16,"isMilestone":false},{"taskId":"task-ms4oravm0udk592","start":"2027-11-09","finish":"2027-11-30","duration":16,"isMilestone":false},{"taskId":"task-ms4oravw9xe3593","start":"2027-12-01","finish":"2027-12-14","duration":10,"isMilestone":false},{"taskId":"task-ms4oraw6sd7r594","start":"2027-12-15","finish":"2027-12-28","duration":10,"isMilestone":false},{"taskId":"task-ms4orawgpfoa595","start":"2027-12-29","finish":"2028-01-17","duration":14,"isMilestone":false},{"taskId":"task-ms4orawqd03v596","start":"2028-01-18","finish":"2028-01-31","duration":10,"isMilestone":false},{"taskId":"task-ms4orax0p24z597","start":"2028-02-01","finish":"2028-02-16","duration":12,"isMilestone":false},{"taskId":"task-ms4oraxbpskx598","start":"2028-02-16","finish":"2028-02-16","duration":0,"isMilestone":true,"milestoneKind":"FINISH"},{"taskId":"task-ms4oraxoxeoc599","start":"2028-02-17","finish":"2028-02-22","duration":4,"isMilestone":false},{"taskId":"task-ms4oraxyj0xe600","start":"2028-02-23","finish":"2028-02-23","duration":0,"isMilestone":true,"milestoneKind":"START"},{"taskId":"task-ms4oray9z1e9601","start":"2028-02-21","finish":"2028-02-23","duration":3,"isMilestone":false},{"taskId":"task-ms4orayjj17f602","start":"2028-02-23","finish":"2028-02-28","duration":4,"isMilestone":false},{"taskId":"task-ms4orayu1dsa603","start":"2028-02-29","finish":"2028-03-07","duration":6,"isMilestone":false},{"taskId":"task-ms4oraz8ygzr605","start":"2028-03-08","finish":"2028-03-10","duration":3,"isMilestone":false},{"taskId":"task-ms4orazjg1bf606","start":"2028-03-08","finish":"2028-03-14","duration":5,"isMilestone":false},{"taskId":"task-ms4orazt67jr607","start":"2028-03-15","finish":"2028-03-17","duration":3,"isMilestone":false},{"taskId":"task-ms4orb04fjbl608","start":"2028-03-20","finish":"2028-03-21","duration":2,"isMilestone":false},{"taskId":"task-ms4orb0ffvmx609","start":"2028-03-22","finish":"2028-03-22","duration":1,"isMilestone":false},{"taskId":"task-ms4orb0uzck3610","start":"2028-03-22","finish":"2028-03-22","duration":0,"isMilestone":true,"milestoneKind":"FINISH"},{"taskId":"task-ms4orb1f1fcp612","start":"2028-04-05","finish":"2028-04-05","duration":0,"isMilestone":true,"milestoneKind":"FINISH"},{"taskId":"task-ms4orb1qfsek613","start":"2028-04-05","finish":"2028-04-05","duration":0,"isMilestone":true,"milestoneKind":"FINISH"},{"taskId":"task-ms4orb2229wh614","start":"2028-04-05","finish":"2028-04-05","duration":0,"isMilestone":true,"milestoneKind":"FINISH"},{"taskId":"task-ms4orb2dq159615","start":"2028-03-23","finish":"2028-03-27","duration":3,"isMilestone":false},{"taskId":"task-ms4orb2omdvv616","start":"2028-03-31","finish":"2028-04-03","duration":2,"isMilestone":false},{"taskId":"task-ms4orb30q14v617","start":"2028-03-28","finish":"2028-03-30","duration":3,"isMilestone":false},{"taskId":"task-ms4orb3c0e2l618","start":"2028-04-03","finish":"2028-04-03","duration":0,"isMilestone":true,"milestoneKind":"FINISH"},{"taskId":"task-ms4orb3rle5a619","start":"2028-04-04","finish":"2028-04-04","duration":0,"isMilestone":true,"milestoneKind":"START"},{"taskId":"task-ms4orb43df4w620","start":"2028-04-04","finish":"2028-04-04","duration":1,"isMilestone":false}],"projectEnd":"2028-04-05","projectDuration":267},{"id":"baseline-ms4orcvrqeyt1080","name":"Re-baseline (variation order)","createdAt":"2026-07-28T13:22:47.417Z","tasks":[{"taskId":"task-ms4or9sa8o1d359","start":"2027-03-01","finish":"2027-03-01","duration":0,"isMilestone":true,"milestoneKind":"START"},{"taskId":"task-ms4or9sc1u47361","start":"2027-03-01","finish":"2027-03-03","duration":3,"isMilestone":false},{"taskId":"task-ms4or9sd18ch362","start":"2027-03-04","finish":"2027-03-17","duration":10,"isMilestone":false},{"taskId":"task-ms4or9sfg0uh363","start":"2027-03-11","finish":"2027-03-15","duration":3,"isMilestone":false},{"taskId":"task-ms4or9sg8eyg364","start":"2027-03-18","finish":"2027-03-23","duration":4,"isMilestone":false},{"taskId":"task-ms4or9si51ze365","start":"2027-03-24","finish":"2027-03-25","duration":2,"isMilestone":false},{"taskId":"task-ms4or9sja34a366","start":"2027-03-30","finish":"2027-04-02","duration":4,"isMilestone":false},{"taskId":"task-ms4or9slst19367","start":"2027-04-05","finish":"2027-04-09","duration":5,"isMilestone":false},{"taskId":"task-ms4or9sn8my1368","start":"2027-04-09","finish":"2027-04-09","duration":0,"isMilestone":true,"milestoneKind":"FINISH"},{"taskId":"task-ms4or9sqmla4370","start":"2027-04-12","finish":"2027-04-13","duration":2,"isMilestone":false},{"taskId":"task-ms4or9ssvw62371","start":"2027-04-14","finish":"2027-04-21","duration":6,"isMilestone":false},{"taskId":"task-ms4or9sujqge372","start":"2027-04-22","finish":"2027-04-29","duration":5,"isMilestone":false},{"taskId":"task-ms4or9sw4d1b373","start":"2027-04-30","finish":"2027-05-07","duration":4,"isMilestone":false},{"taskId":"task-ms4or9szmkt0374","start":"2027-05-10","finish":"2027-05-12","duration":3,"isMilestone":false},{"taskId":"task-ms4or9t1jjus375","start":"2027-05-13T07:00","finish":"2027-05-13T15:00","duration":5,"isMilestone":false},{"taskId":"task-ms4or9t3gp3x376","start":"2027-05-14T07:00","finish":"2027-05-14T13:00","duration":5,"isMilestone":false},{"taskId":"task-ms4or9t590dr377","start":"2027-05-14T13:00","finish":"2027-05-18T13:00","duration":5,"isMilestone":false},{"taskId":"task-ms4or9t7vo90378","start":"2027-05-18T13:00","finish":"2027-05-19T09:00","duration":5,"isMilestone":false},{"taskId":"task-ms4or9ta2gi6379","start":"2027-05-10","finish":"2027-05-12","duration":3,"isMilestone":false},{"taskId":"task-ms4or9tcszjg380","start":"2027-05-13T07:00","finish":"2027-05-13T15:00","duration":5,"isMilestone":false},{"taskId":"task-ms4or9tea161381","start":"2027-05-14T07:00","finish":"2027-05-14T13:00","duration":5,"isMilestone":false},{"taskId":"task-ms4or9tg3y32382","start":"2027-05-14T13:00","finish":"2027-05-18T13:00","duration":5,"isMilestone":false},{"taskId":"task-ms4or9tirvtl383","start":"2027-05-18T13:00","finish":"2027-05-19T09:00","duration":5,"isMilestone":false},{"taskId":"task-ms4or9tlunj9384","start":"2027-05-10","finish":"2027-05-12","duration":3,"isMilestone":false},{"taskId":"task-ms4or9tnnj5b385","start":"2027-05-13T07:00","finish":"2027-05-13T15:00","duration":5,"isMilestone":false},{"taskId":"task-ms4or9tqt08b386","start":"2027-05-14T07:00","finish":"2027-05-14T13:00","duration":5,"isMilestone":false},{"taskId":"task-ms4or9tsssi5387","start":"2027-05-14T13:00","finish":"2027-05-18T13:00","duration":5,"isMilestone":false},{"taskId":"task-ms4or9tvjht1388","start":"2027-05-18T13:00","finish":"2027-05-19T09:00","duration":5,"isMilestone":false},{"taskId":"task-ms4or9tye4jq389","start":"2027-05-20","finish":"2027-05-24","duration":3,"isMilestone":false},{"taskId":"task-ms4or9u0k3sv390","start":"2027-05-25","finish":"2027-05-27","duration":3,"isMilestone":false},{"taskId":"task-ms4or9u3o6rs391","start":"2027-05-28","finish":"2027-06-03","duration":5,"isMilestone":false},{"taskId":"task-ms4or9u6wnh1392","start":"2027-06-04","finish":"2027-06-07","duration":2,"isMilestone":false},{"taskId":"task-ms4or9u9vnue393","start":"2027-06-07","finish":"2027-06-07","duration":0,"isMilestone":true,"milestoneKind":"FINISH"},{"taskId":"task-ms4or9udjitq395","start":"2027-06-08","finish":"2027-06-10","duration":3,"isMilestone":false},{"taskId":"task-ms4or9ujsvp2397","start":"2027-06-11","finish":"2027-06-16","duration":4,"isMilestone":false},{"taskId":"task-ms4or9umt3zq398","start":"2027-06-17","finish":"2027-06-22","duration":4,"isMilestone":false},{"taskId":"task-ms4or9urwvhc399","start":"2027-06-21","finish":"2027-06-23","duration":3,"isMilestone":false},{"taskId":"task-ms4or9uu21l2400","start":"2027-06-24","finish":"2027-06-29","duration":4,"isMilestone":false},{"taskId":"task-ms4or9uyoa5w401","start":"2027-06-28","finish":"2027-06-30","duration":3,"isMilestone":false},{"taskId":"task-ms4or9v22tuz402","start":"2027-07-01","finish":"2027-07-06","duration":4,"isMilestone":false},{"taskId":"task-ms4or9v6h6lx403","start":"2027-07-05","finish":"2027-07-07","duration":3,"isMilestone":false},{"taskId":"task-ms4or9vatpja404","start":"2027-07-08","finish":"2027-07-13","duration":4,"isMilestone":false},{"taskId":"task-ms4or9ve98zr405","start":"2027-07-12","finish":"2027-07-14","duration":3,"isMilestone":false},{"taskId":"task-ms4or9viznj4406","start":"2027-07-15","finish":"2027-07-20","duration":4,"isMilestone":false},{"taskId":"task-ms4or9vm0km4407","start":"2027-07-19","finish":"2027-07-21","duration":3,"isMilestone":false},{"taskId":"task-ms4or9vqhpa3408","start":"2027-07-22","finish":"2027-08-17","duration":4,"isMilestone":false},{"taskId":"task-ms4or9vu8p0u409","start":"2027-08-16","finish":"2027-08-18","duration":3,"isMilestone":false},{"taskId":"task-ms4or9vyud88410","start":"2027-08-19","finish":"2027-08-24","duration":4,"isMilestone":false},{"taskId":"task-ms4or9w20nbc411","start":"2027-08-23","finish":"2027-08-25","duration":3,"isMilestone":false},{"taskId":"task-ms4or9w8gmp5412","start":"2027-08-26","finish":"2027-08-31","duration":4,"isMilestone":false},{"taskId":"task-ms4or9wb7qip413","start":"2027-08-30","finish":"2027-09-01","duration":3,"isMilestone":false},{"taskId":"task-ms4or9wfea9w414","start":"2027-09-02","finish":"2027-09-07","duration":4,"isMilestone":false},{"taskId":"task-ms4or9wi5w8s415","start":"2027-09-06","finish":"2027-09-08","duration":3,"isMilestone":false},{"taskId":"task-ms4or9wl2b1a416","start":"2027-09-09","finish":"2027-09-14","duration":4,"isMilestone":false},{"taskId":"task-ms4or9wp9xwl417","start":"2027-09-13","finish":"2027-09-15","duration":3,"isMilestone":false},{"taskId":"task-ms4or9wshs7a418","start":"2027-09-16","finish":"2027-09-21","duration":4,"isMilestone":false},{"taskId":"task-ms4or9wwv62u419","start":"2027-09-20","finish":"2027-09-22","duration":3,"isMilestone":false},{"taskId":"task-ms4or9x0l6de420","start":"2027-09-23","finish":"2027-09-28","duration":4,"isMilestone":false},{"taskId":"task-ms4or9x4f7b2421","start":"2027-09-27","finish":"2027-09-29","duration":3,"isMilestone":false},{"taskId":"task-ms4or9x7h6c9422","start":"2027-06-11","finish":"2027-08-20","duration":36,"isMilestone":false},{"taskId":"task-ms4or9xbru4b423","start":"2027-09-30","finish":"2027-10-06","duration":5,"isMilestone":false},{"taskId":"task-ms4or9xftlsq424","start":"2027-10-06","finish":"2027-10-06","duration":0,"isMilestone":true,"milestoneKind":"FINISH"},{"taskId":"task-ms4or9xn698s426","start":"2027-06-11","finish":"2027-06-16","duration":4,"isMilestone":false},{"taskId":"task-ms4or9xru0yb427","start":"2027-06-17","finish":"2027-06-22","duration":4,"isMilestone":false},{"taskId":"task-ms4or9xvsv8m428","start":"2027-06-21","finish":"2027-06-23","duration":3,"isMilestone":false},{"taskId":"task-ms4or9xznfi4429","start":"2027-06-24","finish":"2027-06-29","duration":4,"isMilestone":false},{"taskId":"task-ms4or9y3rbkb430","start":"2027-06-28","finish":"2027-06-30","duration":3,"isMilestone":false},{"taskId":"task-ms4or9y75rdt431","start":"2027-07-01","finish":"2027-07-06","duration":4,"isMilestone":false},{"taskId":"task-ms4or9ybpdh0432","start":"2027-07-05","finish":"2027-07-07","duration":3,"isMilestone":false},{"taskId":"task-ms4or9ygi3tm433","start":"2027-07-08","finish":"2027-07-13","duration":4,"isMilestone":false},{"taskId":"task-ms4or9ykyrqs434","start":"2027-07-12","finish":"2027-07-14","duration":3,"isMilestone":false},{"taskId":"task-ms4or9yqnz4m435","start":"2027-07-15","finish":"2027-07-20","duration":4,"isMilestone":false},{"taskId":"task-ms4or9yuulj9436","start":"2027-07-19","finish":"2027-07-21","duration":3,"isMilestone":false},{"taskId":"task-ms4or9yy6s52437","start":"2027-07-22","finish":"2027-08-17","duration":4,"isMilestone":false},{"taskId":"task-ms4or9z3ytcu438","start":"2027-08-16","finish":"2027-08-18","duration":3,"isMilestone":false},{"taskId":"task-ms4or9z7i9bx439","start":"2027-08-19","finish":"2027-08-24","duration":4,"isMilestone":false},{"taskId":"task-ms4or9zbivho440","start":"2027-08-23","finish":"2027-08-25","duration":3,"isMilestone":false},{"taskId":"task-ms4or9zg1l6f441","start":"2027-08-26","finish":"2027-08-31","duration":4,"isMilestone":false},{"taskId":"task-ms4or9zkjvck442","start":"2027-08-30","finish":"2027-09-01","duration":3,"isMilestone":false},{"taskId":"task-ms4or9zpxmws443","start":"2027-09-02","finish":"2027-09-07","duration":4,"isMilestone":false},{"taskId":"task-ms4or9ztdlxn444","start":"2027-09-06","finish":"2027-09-08","duration":3,"isMilestone":false},{"taskId":"task-ms4or9zy2y13445","start":"2027-09-09","finish":"2027-09-14","duration":4,"isMilestone":false},{"taskId":"task-ms4ora020xl6446","start":"2027-09-13","finish":"2027-09-15","duration":3,"isMilestone":false},{"taskId":"task-ms4ora07aeju447","start":"2027-09-16","finish":"2027-09-21","duration":4,"isMilestone":false},{"taskId":"task-ms4ora0c70ko448","start":"2027-09-20","finish":"2027-09-22","duration":3,"isMilestone":false},{"taskId":"task-ms4ora0g96r1449","start":"2027-09-23","finish":"2027-09-28","duration":4,"isMilestone":false},{"taskId":"task-ms4ora0lzkew450","start":"2027-09-27","finish":"2027-09-29","duration":3,"isMilestone":false},{"taskId":"task-ms4ora0qbsh7451","start":"2027-06-11","finish":"2027-08-20","duration":36,"isMilestone":false},{"taskId":"task-ms4ora0vmv74452","start":"2027-09-30","finish":"2027-10-06","duration":5,"isMilestone":false},{"taskId":"task-ms4ora10e4ds453","start":"2027-10-06","finish":"2027-10-06","duration":0,"isMilestone":true,"milestoneKind":"FINISH"},{"taskId":"task-ms4ora1cjesw455","start":"2027-06-11","finish":"2027-06-16","duration":4,"isMilestone":false},{"taskId":"task-ms4ora1hlb06456","start":"2027-06-17","finish":"2027-06-22","duration":4,"isMilestone":false},{"taskId":"task-ms4ora1m6p2b457","start":"2027-06-21","finish":"2027-06-23","duration":3,"isMilestone":false},{"taskId":"task-ms4ora1r5cwk458","start":"2027-06-24","finish":"2027-06-29","duration":4,"isMilestone":false},{"taskId":"task-ms4ora1wxs9d459","start":"2027-06-28","finish":"2027-06-30","duration":3,"isMilestone":false},{"taskId":"task-ms4ora224354460","start":"2027-07-01","finish":"2027-07-06","duration":4,"isMilestone":false},{"taskId":"task-ms4ora28uico461","start":"2027-07-05","finish":"2027-07-07","duration":3,"isMilestone":false},{"taskId":"task-ms4ora2doha9462","start":"2027-07-08","finish":"2027-07-13","duration":4,"isMilestone":false},{"taskId":"task-ms4ora2j7uo1463","start":"2027-07-12","finish":"2027-07-14","duration":3,"isMilestone":false},{"taskId":"task-ms4ora2pc504464","start":"2027-07-15","finish":"2027-07-20","duration":4,"isMilestone":false},{"taskId":"task-ms4ora2vqwfi465","start":"2027-07-19","finish":"2027-07-21","duration":3,"isMilestone":false},{"taskId":"task-ms4ora31oepo466","start":"2027-07-22","finish":"2027-08-17","duration":4,"isMilestone":false},{"taskId":"task-ms4ora36g4n5467","start":"2027-08-16","finish":"2027-08-18","duration":3,"isMilestone":false},{"taskId":"task-ms4ora3ctlf2468","start":"2027-08-19","finish":"2027-08-24","duration":4,"isMilestone":false},{"taskId":"task-ms4ora3i5sxq469","start":"2027-08-23","finish":"2027-08-25","duration":3,"isMilestone":false},{"taskId":"task-ms4ora3olghk470","start":"2027-08-26","finish":"2027-08-31","duration":4,"isMilestone":false},{"taskId":"task-ms4ora3ufuul471","start":"2027-08-30","finish":"2027-09-01","duration":3,"isMilestone":false},{"taskId":"task-ms4ora40hld0472","start":"2027-09-02","finish":"2027-09-07","duration":4,"isMilestone":false},{"taskId":"task-ms4ora4av3wq473","start":"2027-09-06","finish":"2027-09-08","duration":3,"isMilestone":false},{"taskId":"task-ms4ora4gyli5474","start":"2027-09-09","finish":"2027-09-14","duration":4,"isMilestone":false},{"taskId":"task-ms4ora4mtvjq475","start":"2027-09-13","finish":"2027-09-15","duration":3,"isMilestone":false},{"taskId":"task-ms4ora4sa8r2476","start":"2027-09-16","finish":"2027-09-21","duration":4,"isMilestone":false},{"taskId":"task-ms4ora4y8nw5477","start":"2027-09-20","finish":"2027-09-22","duration":3,"isMilestone":false},{"taskId":"task-ms4ora547gbd478","start":"2027-09-23","finish":"2027-09-28","duration":4,"isMilestone":false},{"taskId":"task-ms4ora5ar2ii479","start":"2027-09-27","finish":"2027-09-29","duration":3,"isMilestone":false},{"taskId":"task-ms4ora5g1lr0480","start":"2027-06-11","finish":"2027-08-20","duration":36,"isMilestone":false},{"taskId":"task-ms4ora5nj986481","start":"2027-09-30","finish":"2027-10-06","duration":5,"isMilestone":false},{"taskId":"task-ms4ora5tx3io482","start":"2027-10-06","finish":"2027-10-06","duration":0,"isMilestone":true,"milestoneKind":"FINISH"},{"taskId":"task-ms4ora5zjnfh483","start":"2027-06-11","finish":"2027-10-06","duration":69,"isMilestone":false},{"taskId":"task-ms4ora62pprr484","start":"2027-10-07","finish":"2027-10-08","duration":2,"isMilestone":false},{"taskId":"task-ms4ora6hmyj4487","start":"2027-10-07","finish":"2027-10-11","duration":3,"isMilestone":false},{"taskId":"task-ms4ora6n4npm488","start":"2027-10-12","finish":"2027-10-21","duration":8,"isMilestone":false},{"taskId":"task-ms4ora6uyh4z489","start":"2027-10-22","finish":"2027-11-04","duration":10,"isMilestone":false},{"taskId":"task-ms4ora70b88e490","start":"2027-11-05","finish":"2027-11-12","duration":6,"isMilestone":false},{"taskId":"task-ms4ora7a45px491","start":"2027-10-07","finish":"2027-10-13","duration":5,"isMilestone":false},{"taskId":"task-ms4ora7ht9b2492","start":"2027-10-14","finish":"2027-10-20","duration":5,"isMilestone":false},{"taskId":"task-ms4ora7ntrvv493","start":"2027-11-15","finish":"2027-11-19","duration":5,"isMilestone":false},{"taskId":"task-ms4ora7uxnlu494","start":"2027-10-21","finish":"2027-10-25","duration":3,"isMilestone":false},{"taskId":"task-ms4ora80notj495","start":"2027-11-22","finish":"2027-11-23","duration":2,"isMilestone":false},{"taskId":"task-ms4ora8dv3du497","start":"2027-10-07","finish":"2027-10-11","duration":3,"isMilestone":false},{"taskId":"task-ms4ora8khi1r498","start":"2027-10-12","finish":"2027-10-21","duration":8,"isMilestone":false},{"taskId":"task-ms4ora8r7q40499","start":"2027-10-22","finish":"2027-11-04","duration":10,"isMilestone":false},{"taskId":"task-ms4ora8yrsui500","start":"2027-11-05","finish":"2027-11-12","duration":6,"isMilestone":false},{"taskId":"task-ms4ora94kvj9501","start":"2027-10-07","finish":"2027-10-13","duration":5,"isMilestone":false},{"taskId":"task-ms4ora9bfzn4502","start":"2027-10-14","finish":"2027-10-20","duration":5,"isMilestone":false},{"taskId":"task-ms4ora9il903503","start":"2027-11-15","finish":"2027-11-19","duration":5,"isMilestone":false},{"taskId":"task-ms4ora9qfnjt504","start":"2027-10-21","finish":"2027-10-25","duration":3,"isMilestone":false},{"taskId":"task-ms4ora9xi64z505","start":"2027-11-22","finish":"2027-11-23","duration":2,"isMilestone":false},{"taskId":"task-ms4oraagisz9507","start":"2027-10-07","finish":"2027-10-11","duration":3,"isMilestone":false},{"taskId":"task-ms4oraao8dps508","start":"2027-10-12","finish":"2027-10-21","duration":8,"isMilestone":false},{"taskId":"task-ms4oraavjbkz509","start":"2027-10-22","finish":"2027-11-04","duration":10,"isMilestone":false},{"taskId":"task-ms4orab2uzdd510","start":"2027-11-05","finish":"2027-11-12","duration":6,"isMilestone":false},{"taskId":"task-ms4orabaf72m511","start":"2027-10-07","finish":"2027-10-13","duration":5,"isMilestone":false},{"taskId":"task-ms4orabia7it512","start":"2027-10-14","finish":"2027-10-20","duration":5,"isMilestone":false},{"taskId":"task-ms4orabqqhzm513","start":"2027-11-15","finish":"2027-11-19","duration":5,"isMilestone":false},{"taskId":"task-ms4orabxmkys514","start":"2027-10-21","finish":"2027-10-25","duration":3,"isMilestone":false},{"taskId":"task-ms4orac4m0v9515","start":"2027-11-22","finish":"2027-11-23","duration":2,"isMilestone":false},{"taskId":"task-ms4oracck8mw516","start":"2027-11-24","finish":"2027-11-29","duration":4,"isMilestone":false},{"taskId":"task-ms4oracjq0p4517","start":"2027-06-04","finish":"2027-06-10","duration":5,"isMilestone":false},{"taskId":"task-ms4oracty8za519","start":"2027-11-30","finish":"2027-12-07","duration":6,"isMilestone":false},{"taskId":"task-ms4orad0xs8i520","start":"2027-12-08","finish":"2027-12-13","duration":4,"isMilestone":false},{"taskId":"task-ms4orad8ktff521","start":"2027-12-14","finish":"2027-12-16","duration":3,"isMilestone":false},{"taskId":"task-ms4oradlahdm522","start":"2027-12-17","finish":"2027-12-22","duration":4,"isMilestone":false},{"taskId":"task-ms4orae0nh5n524","start":"2027-11-24","finish":"2027-12-03","duration":8,"isMilestone":false},{"taskId":"task-ms4orae79zbn525","start":"2027-11-26","finish":"2027-12-06","duration":7,"isMilestone":false},{"taskId":"task-ms4oraegpj90526","start":"2027-12-07","finish":"2027-12-13","duration":5,"isMilestone":false},{"taskId":"task-ms4oraepffv7527","start":"2027-12-14","finish":"2027-12-20","duration":5,"isMilestone":false},{"taskId":"task-ms4oraeyesun528","start":"2027-12-21","finish":"2027-12-24","duration":4,"isMilestone":false},{"taskId":"task-ms4oraf7wyef529","start":"2027-12-27","finish":"2027-12-30","duration":4,"isMilestone":false},{"taskId":"task-ms4oraffhx6v530","start":"2027-12-31","finish":"2028-01-13","duration":10,"isMilestone":false},{"taskId":"task-ms4orafqun6j531","start":"2028-01-13","finish":"2028-01-13","duration":0,"isMilestone":true,"milestoneKind":"FINISH"},{"taskId":"task-ms4orag74e40533","start":"2027-11-24","finish":"2027-12-03","duration":8,"isMilestone":false},{"taskId":"task-ms4oragfx37c534","start":"2027-11-26","finish":"2027-12-06","duration":7,"isMilestone":false},{"taskId":"task-ms4oragsq9m0535","start":"2027-12-07","finish":"2027-12-13","duration":5,"isMilestone":false},{"taskId":"task-ms4orah00r8c536","start":"2027-12-14","finish":"2027-12-20","duration":5,"isMilestone":false},{"taskId":"task-ms4orah9lcnz537","start":"2027-12-21","finish":"2027-12-24","duration":4,"isMilestone":false},{"taskId":"task-ms4orahj9bs7538","start":"2027-12-27","finish":"2027-12-30","duration":4,"isMilestone":false},{"taskId":"task-ms4orahsem8r539","start":"2027-12-31","finish":"2028-01-13","duration":10,"isMilestone":false},{"taskId":"task-ms4orai9to6k540","start":"2028-01-13","finish":"2028-01-13","duration":0,"isMilestone":true,"milestoneKind":"FINISH"},{"taskId":"task-ms4oraiq1a43542","start":"2027-11-24","finish":"2027-12-03","duration":8,"isMilestone":false},{"taskId":"task-ms4oraizwb0w543","start":"2027-11-26","finish":"2027-12-06","duration":7,"isMilestone":false},{"taskId":"task-ms4oraj8470o544","start":"2027-12-07","finish":"2027-12-13","duration":5,"isMilestone":false},{"taskId":"task-ms4orajhpvvz545","start":"2027-12-14","finish":"2027-12-20","duration":5,"isMilestone":false},{"taskId":"task-ms4orajqaj9w546","start":"2027-12-21","finish":"2027-12-24","duration":4,"isMilestone":false},{"taskId":"task-ms4orajzcan8547","start":"2027-12-27","finish":"2027-12-30","duration":4,"isMilestone":false},{"taskId":"task-ms4orak8kcas548","start":"2027-12-31","finish":"2028-01-13","duration":10,"isMilestone":false},{"taskId":"task-ms4orakjpplm549","start":"2028-01-13","finish":"2028-01-13","duration":0,"isMilestone":true,"milestoneKind":"FINISH"},{"taskId":"task-ms4oral3zl3g552","start":"2028-01-14","finish":"2028-02-03","duration":15,"isMilestone":false},{"taskId":"task-ms4oralfzh2d553","start":"2028-02-04","finish":"2028-02-17","duration":10,"isMilestone":false},{"taskId":"task-ms4oralnzj1f555","start":"2028-02-18","finish":"2028-02-29","duration":8,"isMilestone":false},{"taskId":"task-ms4oram14p2p556","start":"2028-03-01","finish":"2028-03-09","duration":7,"isMilestone":false},{"taskId":"task-ms4oramev764557","start":"2028-03-10","finish":"2028-03-21","duration":8,"isMilestone":false},{"taskId":"task-ms4oramot9gv558","start":"2028-03-22","finish":"2028-03-28","duration":5,"isMilestone":false},{"taskId":"task-ms4oramxq8cl559","start":"2028-03-29","finish":"2028-04-04","duration":5,"isMilestone":false},{"taskId":"task-ms4oran5rchz560","start":"2028-04-05","finish":"2028-04-10","duration":4,"isMilestone":false},{"taskId":"task-ms4oranoyxov563","start":"2028-01-14","finish":"2028-02-03","duration":15,"isMilestone":false},{"taskId":"task-ms4oranxduc9564","start":"2028-02-04","finish":"2028-02-17","duration":10,"isMilestone":false},{"taskId":"task-ms4orao6z5qt565","start":"2028-02-18","finish":"2028-02-29","duration":8,"isMilestone":false},{"taskId":"task-ms4oraofc56e566","start":"2028-03-01","finish":"2028-03-09","duration":7,"isMilestone":false},{"taskId":"task-ms4oraoss6ey567","start":"2028-03-10","finish":"2028-03-21","duration":8,"isMilestone":false},{"taskId":"task-ms4orap1nxjq568","start":"2028-03-22","finish":"2028-03-28","duration":5,"isMilestone":false},{"taskId":"task-ms4orapate8a569","start":"2028-03-29","finish":"2028-04-04","duration":5,"isMilestone":false},{"taskId":"task-ms4orapkwcv3570","start":"2028-04-05","finish":"2028-04-10","duration":4,"isMilestone":false},{"taskId":"task-ms4oraq28ubh572","start":"2028-01-14","finish":"2028-01-31","duration":12,"isMilestone":false},{"taskId":"task-ms4oraqcomip573","start":"2028-02-01","finish":"2028-02-14","duration":10,"isMilestone":false},{"taskId":"task-ms4oraql5vox574","start":"2028-02-15","finish":"2028-02-24","duration":8,"isMilestone":false},{"taskId":"task-ms4oraqu29x5575","start":"2028-02-25","finish":"2028-03-06","duration":7,"isMilestone":false},{"taskId":"task-ms4orar4902w576","start":"2028-03-07","finish":"2028-03-16","duration":8,"isMilestone":false},{"taskId":"task-ms4orardwljs577","start":"2028-03-17","finish":"2028-03-23","duration":5,"isMilestone":false},{"taskId":"task-ms4orarqvron578","start":"2028-03-24","finish":"2028-03-30","duration":5,"isMilestone":false},{"taskId":"task-ms4oras032wq579","start":"2028-03-31","finish":"2028-04-05","duration":4,"isMilestone":false},{"taskId":"task-ms4oras9gxe7580","start":"2027-11-30","finish":"2027-12-07","duration":6,"isMilestone":false},{"taskId":"task-ms4orasjq2x5581","start":"2027-12-08","finish":"2027-12-13","duration":4,"isMilestone":false},{"taskId":"task-ms4orass6jhg582","start":"2027-12-08","finish":"2027-12-13","duration":4,"isMilestone":false},{"taskId":"task-ms4orat21lvy583","start":"2027-12-14","finish":"2027-12-20","duration":5,"isMilestone":false},{"taskId":"task-ms4oratb6uwv584","start":"2027-12-21","finish":"2027-12-24","duration":4,"isMilestone":false},{"taskId":"task-ms4oratlh4s0585","start":"2027-12-27","finish":"2027-12-28","duration":2,"isMilestone":false},{"taskId":"task-ms4oratvg2qr586","start":"2027-12-29","finish":"2027-12-31","duration":3,"isMilestone":false},{"taskId":"task-ms4orauelqs7588","start":"2027-06-11","finish":"2027-07-22","duration":30,"isMilestone":false},{"taskId":"task-ms4orausj21a589","start":"2027-07-23","finish":"2027-09-15","duration":24,"isMilestone":false},{"taskId":"task-ms4orav234oy590","start":"2027-09-16","finish":"2027-10-15","duration":22,"isMilestone":false},{"taskId":"task-ms4oravcjv24591","start":"2027-10-18","finish":"2027-11-08","duration":16,"isMilestone":false},{"taskId":"task-ms4oravm0udk592","start":"2027-11-09","finish":"2027-11-30","duration":16,"isMilestone":false},{"taskId":"task-ms4oravw9xe3593","start":"2027-12-01","finish":"2027-12-14","duration":10,"isMilestone":false},{"taskId":"task-ms4oraw6sd7r594","start":"2027-12-15","finish":"2027-12-28","duration":10,"isMilestone":false},{"taskId":"task-ms4orawgpfoa595","start":"2027-12-29","finish":"2028-01-17","duration":14,"isMilestone":false},{"taskId":"task-ms4orawqd03v596","start":"2028-01-18","finish":"2028-01-31","duration":10,"isMilestone":false},{"taskId":"task-ms4orax0p24z597","start":"2028-02-01","finish":"2028-02-16","duration":12,"isMilestone":false},{"taskId":"task-ms4oraxbpskx598","start":"2028-02-16","finish":"2028-02-16","duration":0,"isMilestone":true,"milestoneKind":"FINISH"},{"taskId":"task-ms4oraxoxeoc599","start":"2028-02-17","finish":"2028-02-22","duration":4,"isMilestone":false},{"taskId":"task-ms4oraxyj0xe600","start":"2028-02-23","finish":"2028-02-23","duration":0,"isMilestone":true,"milestoneKind":"START"},{"taskId":"task-ms4oray9z1e9601","start":"2028-02-21","finish":"2028-02-23","duration":3,"isMilestone":false},{"taskId":"task-ms4orayjj17f602","start":"2028-02-23","finish":"2028-02-28","duration":4,"isMilestone":false},{"taskId":"task-ms4orayu1dsa603","start":"2028-02-29","finish":"2028-03-07","duration":6,"isMilestone":false},{"taskId":"task-ms4oraz8ygzr605","start":"2028-03-08","finish":"2028-03-10","duration":3,"isMilestone":false},{"taskId":"task-ms4orazjg1bf606","start":"2028-03-08","finish":"2028-03-14","duration":5,"isMilestone":false},{"taskId":"task-ms4orazt67jr607","start":"2028-03-15","finish":"2028-03-17","duration":3,"isMilestone":false},{"taskId":"task-ms4orb04fjbl608","start":"2028-03-20","finish":"2028-03-21","duration":2,"isMilestone":false},{"taskId":"task-ms4orb0ffvmx609","start":"2028-03-22","finish":"2028-03-22","duration":1,"isMilestone":false},{"taskId":"task-ms4orb0uzck3610","start":"2028-03-22","finish":"2028-03-22","duration":0,"isMilestone":true,"milestoneKind":"FINISH"},{"taskId":"task-ms4orb1f1fcp612","start":"2028-04-10","finish":"2028-04-10","duration":0,"isMilestone":true,"milestoneKind":"FINISH"},{"taskId":"task-ms4orb1qfsek613","start":"2028-04-10","finish":"2028-04-10","duration":0,"isMilestone":true,"milestoneKind":"FINISH"},{"taskId":"task-ms4orb2229wh614","start":"2028-04-05","finish":"2028-04-05","duration":0,"isMilestone":true,"milestoneKind":"FINISH"},{"taskId":"task-ms4orb2dq159615","start":"2028-03-23","finish":"2028-03-27","duration":3,"isMilestone":false},{"taskId":"task-ms4orb2omdvv616","start":"2028-03-31","finish":"2028-04-03","duration":2,"isMilestone":false},{"taskId":"task-ms4orb30q14v617","start":"2028-03-28","finish":"2028-03-30","duration":3,"isMilestone":false},{"taskId":"task-ms4orb3c0e2l618","start":"2028-04-03","finish":"2028-04-03","duration":0,"isMilestone":true,"milestoneKind":"FINISH"},{"taskId":"task-ms4orb3rle5a619","start":"2028-04-04","finish":"2028-04-04","duration":0,"isMilestone":true,"milestoneKind":"START"},{"taskId":"task-ms4orb43df4w620","start":"2028-04-04","finish":"2028-04-04","duration":1,"isMilestone":false},{"taskId":"task-ms4orcu5utoj1077","start":"2027-06-08","finish":"2027-06-15","duration":6,"isMilestone":false}],"projectEnd":"2028-04-10","projectDuration":270}]'),$);
#2665=IFCPROPERTYSINGLEVALUE('ActiveBaselineId',$,IFCTEXT('baseline-ms4orctzm6se1076'),$);
#2666=IFCPROPERTYSET('XXh1w34HTJCTF7clPLWdrv',#6,'OPS_Baselines',$,(#2664,#2665));
#2667=IFCRELDEFINESBYPROPERTIES('Oz1Z43KV$BzN1$1VwJtr4B',#6,$,$,(#37),#2666);
#2668=IFCPROPERTYSINGLEVALUE('SchedulingOptions',$,IFCTEXT('{"nearCriticalThreshold":3,"floatPaths":{"enabled":true,"method":"FREE_FLOAT","maxPaths":8}}'),$);
#2669=IFCPROPERTYSET('spnx2BGNQ1Qp4tKnwf2BOr',#6,'OPS_SchedulingOptions',$,(#2668));
#2670=IFCRELDEFINESBYPROPERTIES('HtqxALBHJh1xJXd$lh1xdP',#6,$,$,(#37),#2669);
ENDSEC;
END-ISO-10303-21;
