ISO-10303-21;
HEADER;
FILE_DESCRIPTION(('ViewDefinition [SchedulingView]'),'2;1');
FILE_NAME('Nieuwbouw 6 Rijwoningen De Akkers.ifc','2026-07-27T14:03:44',('Uitvoerder'),('Van der Meer Bouw BV'),'Open Planner Studio 0.1','Open Planner Studio','');
FILE_SCHEMA(('IFC4X3'));
ENDSEC;
DATA;
#1=IFCPERSON($,'Uitvoerder',$,$,$,$,$,$);
#2=IFCORGANIZATION($,'Van der Meer Bouw BV',$,$,$);
#3=IFCPERSONANDORGANIZATION(#1,#2,$);
#4=IFCORGANIZATION($,'OpenAEC Foundation',$,$,$);
#5=IFCAPPLICATION(#4,'0.1','Open Planner Studio','OPS');
#6=IFCOWNERHISTORY(#3,#5,$,.NOCHANGE.,$,$,$,1785161024);
#7=IFCSIUNIT(*,.LENGTHUNIT.,$,.METRE.);
#8=IFCSIUNIT(*,.TIMEUNIT.,$,.SECOND.);
#9=IFCUNITASSIGNMENT((#7,#8));
#10=IFCCARTESIANPOINT((0.,0.,0.));
#11=IFCAXIS2PLACEMENT3D(#10,$,$);
#12=IFCGEOMETRICREPRESENTATIONCONTEXT($,'Plan',3,1.0E-05,#11,$);
#13=IFCPROJECT('exah5hhHTXo7_dQ12NgZHB',#6,'Nieuwbouw 6 Rijwoningen De Akkers','Nieuwbouw van een blok van 6 identieke rijwoningen — repeterende structuur, resources en voortgangsrapportage.',$,$,$,(#12),#9);
#14=IFCTIMEPERIOD('07:00:00','16:00:00');
#15=IFCRECURRENCEPATTERN(.WEEKLY.,$,(1,2,3,4,5),$,$,$,$,(#14));
#16=IFCWORKTIME('Standaard werkweek',.PREDICTED.,$,#15,$,$);
#17=IFCWORKTIME('Nieuwjaar',.PREDICTED.,$,$,'2027-01-01','2027-01-01');
#18=IFCWORKTIME('Goede Vrijdag',.PREDICTED.,$,$,'2027-03-26','2027-03-26');
#19=IFCWORKTIME('Pasen',.PREDICTED.,$,$,'2027-03-28','2027-03-29');
#20=IFCWORKTIME('Koningsdag',.PREDICTED.,$,$,'2027-04-27','2027-04-27');
#21=IFCWORKTIME('Bevrijdingsdag',.PREDICTED.,$,$,'2027-05-05','2027-05-05');
#22=IFCWORKTIME('Hemelvaart',.PREDICTED.,$,$,'2027-05-06','2027-05-06');
#23=IFCWORKTIME('Pinksteren',.PREDICTED.,$,$,'2027-05-16','2027-05-17');
#24=IFCWORKTIME('Kerst',.PREDICTED.,$,$,'2027-12-25','2027-12-26');
#25=IFCWORKTIME('Bouwvak (regio Noord)',.PREDICTED.,$,$,'2027-07-26','2027-08-15');
#26=IFCWORKTIME('Nieuwjaar',.PREDICTED.,$,$,'2028-01-01','2028-01-01');
#27=IFCWORKTIME('Goede Vrijdag',.PREDICTED.,$,$,'2028-04-14','2028-04-14');
#28=IFCWORKTIME('Pasen',.PREDICTED.,$,$,'2028-04-16','2028-04-17');
#29=IFCWORKTIME('Koningsdag',.PREDICTED.,$,$,'2028-04-27','2028-04-27');
#30=IFCWORKTIME('Bevrijdingsdag',.PREDICTED.,$,$,'2028-05-05','2028-05-05');
#31=IFCWORKTIME('Hemelvaart',.PREDICTED.,$,$,'2028-05-25','2028-05-25');
#32=IFCWORKTIME('Pinksteren',.PREDICTED.,$,$,'2028-06-04','2028-06-05');
#33=IFCWORKTIME('Kerst',.PREDICTED.,$,$,'2028-12-25','2028-12-26');
#34=IFCWORKTIME('Bouwvak (regio Noord)',.PREDICTED.,$,$,'2028-07-24','2028-08-13');
#35=IFCWORKTIME('Vorstverlet fundering',.PREDICTED.,$,$,'2027-03-23','2027-03-28');
#36=IFCWORKCALENDAR('_HlbW$VPl1Yxnv_nBDbFBd',#6,'Bouwkalender NL','Standaard bouwkalender: ma-vr 07:00-16:00',$,(#16),(#17,#18,#19,#20,#21,#22,#23,#24,#25,#26,#27,#28,#29,#30,#31,#32,#33,#34,#35),.FIRSTSHIFT.);
#37=IFCWORKPLAN('WXj71Z87Y7WlRLUnhdelzP',#6,'Nieuwbouw 6 Rijwoningen De Akkers','Nieuwbouw van een blok van 6 identieke rijwoningen — repeterende structuur, resources en voortgangsrapportage.',$,$,'2026-07-27T14:03:44',$,$,$,$,$,'2027-03-01T07:00:00','2027-03-08T07:00:00',.PLANNED.);
#38=IFCWORKSCHEDULE('3H$BflWtN5PrWjN1UBDdr7',#6,'Bouwplanning v1.0',$,$,$,'2026-07-27T14:03:44',$,$,$,$,$,'2027-03-01T07:00:00','2027-03-08T07:00:00',.PLANNED.);
#39=IFCWORKSCHEDULE('8rU1_BO7aBDPqnXX4PmtSf',#6,'Baseline start',$,$,$,'2026-07-27T14:03:44.351Z',$,$,$,$,$,$,'2027-08-16T07:00:00',.BASELINE.);
#40=IFCRELAGGREGATES('X$Ph9TPtbVDd8te$ftI1sz',#6,$,$,#37,(#38,#39));
#41=IFCTASKTIME('Start bouw Time',.PREDICTED.,$,.WORKTIME.,'P0Y0M0D','2027-03-01T07:00:00','2027-03-01T07:00:00','2027-03-01T07:00:00','2027-03-01T07:00:00','2027-02-16T07:00:00','2027-02-16T07:00:00','P0Y0M0D','P0Y0M-9D',.F.,'2027-05-20T07:00:00',$,'2027-03-01T07:00:00','2027-03-01T07:00:00','P0Y0M0D',1.0);
#42=IFCTASK('kf8ValuvwFajQ3THql5XuJ',#6,'Start bouw',$,$,'1',$,$,$,.T.,$,#41,.CONSTRUCTION.);
#43=IFCTASKTIME('1. Terreininrichting Time',.PREDICTED.,$,.WORKTIME.,'P0Y0M5D','2027-03-01T07:00:00','2027-03-05T07:00:00','2027-03-01T07:00:00','2027-03-12T07:00:00','2027-02-16T07:00:00','2027-02-26T07:00:00','P0Y0M-1D','P0Y0M-10D',.F.,$,$,$,$,$,0.0);
#44=IFCTASK('hz7rVJA1CZILcn1XcP8FPv',#6,'1. Terreininrichting',$,$,'2',$,$,$,.F.,$,#43,.LOGISTIC.);
#45=IFCTASKTIME('Bouwbord & veiligheidshek plaatsen Time',.PREDICTED.,$,.WORKTIME.,'P0Y0M1D','2027-03-01T07:00:00','2027-03-01T07:00:00','2027-03-01T07:00:00','2027-03-02T07:00:00','2027-02-16T07:00:00','2027-02-16T07:00:00','P0Y0M-1D','P0Y0M-10D',.F.,'2027-05-20T07:00:00',$,'2027-03-01T07:00:00','2027-03-02T07:00:00','P0Y0M0D',1.0);
#46=IFCTASK('X1Fp7hS$c1khUTpnNNI5R$',#6,'Bouwbord & veiligheidshek plaatsen',$,$,'2.1',$,$,$,.F.,$,#45,.LOGISTIC.);
#47=IFCTASKTIME('Bouwweg aanleggen Time',.PREDICTED.,$,.WORKTIME.,'P0Y0M3D','2027-03-01T07:00:00','2027-03-03T07:00:00','2027-03-02T07:00:00','2027-03-05T07:00:00','2027-02-17T07:00:00','2027-02-19T07:00:00','P0Y0M-1D','P0Y0M-10D',.F.,'2027-05-20T07:00:00',$,'2027-03-02T07:00:00','2027-03-05T07:00:00','P0Y0M0D',1.0);
#48=IFCTASK('INunzLinontR7$DFlhnhAP',#6,'Bouwweg aanleggen',$,$,'2.2',$,$,$,.F.,$,#47,.LOGISTIC.);
#49=IFCTASKTIME('Bouwketen plaatsen Time',.PREDICTED.,$,.WORKTIME.,'P0Y0M2D','2027-03-01T07:00:00','2027-03-02T07:00:00','2027-03-05T07:00:00','2027-03-09T07:00:00','2027-02-22T07:00:00','2027-02-23T07:00:00','P0Y0M-1D','P0Y0M-10D',.F.,'2027-05-20T07:00:00',$,'2027-03-05T07:00:00','2027-03-09T07:00:00','P0Y0M0D',1.0);
#50=IFCTASK('NvCDZNd9xnN5zvInCZaBCl',#6,'Bouwketen plaatsen',$,$,'2.3',$,$,$,.F.,$,#49,.LOGISTIC.);
#51=IFCTASKTIME('Nutsaansluitingen aanleggen Time',.PREDICTED.,$,.WORKTIME.,'P0Y0M3D','2027-03-01T07:00:00','2027-03-03T07:00:00','2027-03-09T07:00:00','2027-03-12T07:00:00','2027-02-24T07:00:00','2027-02-26T07:00:00','P0Y0M-1D','P0Y0M-10D',.F.,'2027-05-20T07:00:00',$,'2027-03-09T07:00:00','2027-03-12T07:00:00','P0Y0M0D',1.0);
#52=IFCTASK('Jb5F5lv9RBNT1$v$wjtB09',#6,'Nutsaansluitingen aanleggen','Vastgepind (prioriteit 1000): de aansluitdatum ligt vast bij het nutsbedrijf en mag niet schuiven.',$,'2.4',$,$,$,.F.,1000,#51,.LOGISTIC.);
#53=IFCTASKTIME('2. Fundering (gedeeld) Time',.PREDICTED.,$,.WORKTIME.,'P0Y0M5D','2027-03-01T07:00:00','2027-03-05T07:00:00','2027-03-12T07:00:00','2027-04-07T07:00:00','2027-03-01T07:00:00','2027-03-30T07:00:00','P0Y0M-1D','P0Y0M-10D',.F.,$,$,$,$,$,0.0);
#54=IFCTASK('_H$rDp9fed1ZbrUV$X9zHF',#6,'2. Fundering (gedeeld)',$,$,'3',$,$,$,.F.,$,#53,.CONSTRUCTION.);
#55=IFCTASKTIME('Grondwerk bouwput Time',.PREDICTED.,$,.WORKTIME.,'P0Y0M5D','2027-03-01T07:00:00','2027-03-05T07:00:00','2027-03-12T07:00:00','2027-03-19T07:00:00','2027-03-01T07:00:00','2027-03-05T07:00:00','P0Y0M-1D','P0Y0M-10D',.F.,'2027-05-20T07:00:00',$,'2027-03-12T07:00:00','2027-03-19T07:00:00','P0Y0M0D',1.0);
#56=IFCTASK('FrP3shrlDbRVEXjl5FfTVT',#6,'Grondwerk bouwput',$,$,'3.1',$,$,$,.F.,$,#55,.CONSTRUCTION.);
#57=IFCTASKTIME('Funderingsbalken storten Time',.PREDICTED.,$,.WORKTIME.,'P0Y0M5D','2027-03-01T07:00:00','2027-03-05T07:00:00','2027-03-19T07:00:00','2027-03-22T07:00:00','2027-03-08T07:00:00','2027-03-12T07:00:00','P0Y0M2D','P0Y0M-6D',.F.,'2027-05-20T07:00:00',$,'2027-03-19T07:00:00','2027-03-29T07:00:00','P0Y0M0D',1.0);
#58=IFCTASK('6nfjBds1ylZdap7$Yd4LQL',#6,'Funderingsbalken storten',$,$,'3.2',$,$,$,.F.,$,#57,.CONSTRUCTION.);
#59=IFCTASKTIME('Begane grondvloer storten Time',.PREDICTED.,$,.WORKTIME.,'P0Y0M4D','2027-03-01T07:00:00','2027-03-04T07:00:00','2027-04-01T07:00:00','2027-04-07T07:00:00','2027-03-18T07:00:00','2027-03-30T07:00:00','P0Y0M0D','P0Y0M-6D',.F.,'2027-05-20T07:00:00',$,'2027-04-01T07:00:00','2027-04-07T07:00:00','P0Y0M0D',1.0);
#60=IFCTASK('9Dd3An5Fy51TjVv1hP079j',#6,'Begane grondvloer storten',$,$,'3.3',$,$,$,.F.,$,#59,.CONSTRUCTION.);
#61=IFCTASKTIME('Inspectie fundering Time',.PREDICTED.,$,.WORKTIME.,'P0Y0M0D','2027-03-01T07:00:00','2027-03-01T07:00:00','2027-04-07T07:00:00','2027-04-07T07:00:00','2027-03-30T07:00:00','2027-03-30T07:00:00','P0Y0M-1D','P0Y0M-6D',.F.,'2027-05-20T07:00:00',$,'2027-04-07T07:00:00','2027-04-07T07:00:00','P0Y0M0D',1.0);
#62=IFCTASK('SzyrnBX7mTSBmL6H71fLkB',#6,'Inspectie fundering',$,$,'3.4',$,$,$,.T.,$,#61,.CONSTRUCTION.);
#63=IFCTASKTIME('3. Ruwbouw per woning Time',.PREDICTED.,$,.WORKTIME.,'P0Y0M5D','2027-03-01T07:00:00','2027-03-05T07:00:00','2027-04-07T07:00:00','2027-06-25T07:00:00','2027-03-31T07:00:00','2027-08-17T07:00:00','P0Y0M-1D','P0Y0M-8D',.T.,$,$,$,$,$,0.0);
#64=IFCTASK('1jk5QtaHJ9PjUt8$oJoXO3',#6,'3. Ruwbouw per woning',$,$,'4',$,$,$,.F.,$,#63,.CONSTRUCTION.);
#65=IFCTASKTIME('Metselwerk begane grond — Woning 1 Time',.PREDICTED.,$,.WORKTIME.,'P0Y0M6D','2027-03-01T07:00:00','2027-03-08T07:00:00','2027-04-07T07:00:00','2027-04-15T07:00:00','2027-03-31T07:00:00','2027-04-07T07:00:00','P0Y0M-1D','P0Y0M-6D',.F.,'2027-05-20T07:00:00',$,'2027-04-07T07:00:00','2027-04-15T07:00:00','P0Y0M0D',1.0);
#66=IFCTASK('V$V32vF723uvYzHVXJc775',#6,'Metselwerk begane grond — Woning 1',$,$,'4.1',$,$,$,.F.,$,#65,.CONSTRUCTION.);
#67=IFCTASKTIME('Verdiepingsvloer — Woning 1 Time',.PREDICTED.,$,.WORKTIME.,'P0Y0M4D','2027-03-01T07:00:00','2027-03-04T07:00:00','2027-04-15T07:00:00','2027-04-21T07:00:00','2027-05-27T07:00:00','2027-06-01T07:00:00','P0Y0M-1D','P0Y0M25D',.F.,'2027-05-20T07:00:00',$,'2027-04-15T07:00:00','2027-04-21T07:00:00','P0Y0M0D',1.0);
#68=IFCTASK('5hkxYNFPhDQVQHplZ$j7tJ',#6,'Verdiepingsvloer — Woning 1',$,$,'4.2',$,$,$,.F.,$,#67,.CONSTRUCTION.);
#69=IFCTASKTIME('Metselwerk verdieping — Woning 1 Time',.PREDICTED.,$,.WORKTIME.,'P0Y0M6D','2027-03-01T07:00:00','2027-03-08T07:00:00','2027-04-21T07:00:00','2027-04-29T07:00:00','2027-06-02T07:00:00','2027-06-09T07:00:00','P0Y0M-1D','P0Y0M26D',.F.,'2027-05-20T07:00:00',$,'2027-04-21T07:00:00','2027-04-29T07:00:00','P0Y0M0D',1.0);
#70=IFCTASK('KxvBl59N4R51OP_XjfAzvR',#6,'Metselwerk verdieping — Woning 1',$,$,'4.3',$,$,$,.F.,$,#69,.CONSTRUCTION.);
#71=IFCTASKTIME('Kapconstructie — Woning 1 Time',.PREDICTED.,$,.WORKTIME.,'P0Y0M5D','2027-03-01T07:00:00','2027-03-05T07:00:00','2027-04-29T07:00:00','2027-05-04T07:00:00','2027-06-10T07:00:00','2027-06-16T07:00:00','P0Y0M8D','P0Y0M28D',.F.,'2027-05-20T07:00:00',$,'2027-04-29T07:00:00','2027-05-06T07:00:00','P0Y0M0D',1.0);
#72=IFCTASK('idm7FhhHbBnhwjt$4PWdhN',#6,'Kapconstructie — Woning 1',$,$,'4.4',$,$,$,.F.,$,#71,.CONSTRUCTION.);
#73=IFCTASKTIME('Metselwerk begane grond — Woning 2 Time',.PREDICTED.,$,.WORKTIME.,'P0Y0M6D','2027-03-01T07:00:00','2027-03-08T07:00:00','2027-04-15T07:00:00','2027-04-23T07:00:00','2027-04-08T07:00:00','2027-04-15T07:00:00','P0Y0M-1D','P0Y0M-6D',.F.,'2027-05-20T07:00:00',$,'2027-04-15T07:00:00','2027-04-23T07:00:00','P0Y0M0D',1.0);
#74=IFCTASK('G9iJjZvtX5VzPFVXuzdjMp',#6,'Metselwerk begane grond — Woning 2',$,$,'4.5',$,$,$,.F.,$,#73,.CONSTRUCTION.);
#75=IFCTASKTIME('Verdiepingsvloer — Woning 2 Time',.PREDICTED.,$,.WORKTIME.,'P0Y0M4D','2027-03-01T07:00:00','2027-03-04T07:00:00','2027-04-23T07:00:00','2027-04-29T07:00:00','2027-05-26T07:00:00','2027-05-31T07:00:00','P0Y0M-1D','P0Y0M19D',.F.,'2027-05-20T07:00:00',$,'2027-04-23T07:00:00','2027-04-29T07:00:00','P0Y0M0D',1.0);
#76=IFCTASK('xlhlbRxXl1U5pn91bboXSR',#6,'Verdiepingsvloer — Woning 2',$,$,'4.6',$,$,$,.F.,$,#75,.CONSTRUCTION.);
#77=IFCTASKTIME('Metselwerk verdieping — Woning 2 Time',.PREDICTED.,$,.WORKTIME.,'P0Y0M6D','2027-03-01T07:00:00','2027-03-08T07:00:00','2027-04-29T07:00:00','2027-05-07T07:00:00','2027-06-01T07:00:00','2027-06-08T07:00:00','P0Y0M-1D','P0Y0M21D',.F.,'2027-05-20T07:00:00',$,'2027-04-29T07:00:00','2027-05-07T07:00:00','P0Y0M0D',1.0);
#78=IFCTASK('kR3tAl9f230FDZHXdFdJQl',#6,'Metselwerk verdieping — Woning 2',$,$,'4.7',$,$,$,.F.,$,#77,.CONSTRUCTION.);
#79=IFCTASKTIME('Kapconstructie — Woning 2 Time',.PREDICTED.,$,.WORKTIME.,'P0Y0M5D','2027-03-01T07:00:00','2027-03-05T07:00:00','2027-05-07T07:00:00','2027-05-14T07:00:00','2027-06-09T07:00:00','2027-06-15T07:00:00','P0Y0M2D','P0Y0M21D',.F.,'2027-05-20T07:00:00',$,'2027-05-07T07:00:00','2027-05-14T07:00:00','P0Y0M0D',1.0);
#80=IFCTASK('1p2VaH09v9EB49Sn1zOHf3',#6,'Kapconstructie — Woning 2',$,$,'4.8',$,$,$,.F.,$,#79,.CONSTRUCTION.);
#81=IFCTASKTIME('Metselwerk begane grond — Woning 3 Time',.PREDICTED.,$,.WORKTIME.,'P0Y0M6D','2027-03-01T07:00:00','2027-03-08T07:00:00','2027-04-23T07:00:00','2027-05-03T07:00:00','2027-04-16T07:00:00','2027-04-23T07:00:00','P0Y0M-1D','P0Y0M-5D',.F.,'2027-05-20T07:00:00',$,'2027-04-23T07:00:00','2027-05-03T07:00:00','P0Y0M0D',1.0);
#82=IFCTASK('E7oF7v1PflJNVlv1ZTyTvt',#6,'Metselwerk begane grond — Woning 3',$,$,'4.9',$,$,$,.F.,$,#81,.CONSTRUCTION.);
#83=IFCTASKTIME('Verdiepingsvloer — Woning 3 Time',.PREDICTED.,$,.WORKTIME.,'P0Y0M4D','2027-03-01T07:00:00','2027-03-04T07:00:00','2027-05-03T07:00:00','2027-05-07T07:00:00','2027-05-26T07:00:00','2027-05-31T07:00:00','P0Y0M-1D','P0Y0M15D',.F.,'2027-05-20T07:00:00',$,'2027-05-03T07:00:00','2027-05-07T07:00:00','P0Y0M0D',1.0);
#84=IFCTASK('1pMPnHv955VznpVVmFxlZf',#6,'Verdiepingsvloer — Woning 3',$,$,'4.10',$,$,$,.F.,$,#83,.CONSTRUCTION.);
#85=IFCTASKTIME('Metselwerk verdieping — Woning 3 Time',.PREDICTED.,$,.WORKTIME.,'P0Y0M6D','2027-03-01T07:00:00','2027-03-08T07:00:00','2027-05-07T07:00:00','2027-05-14T07:00:00','2027-06-01T07:00:00','2027-06-08T07:00:00','P0Y0M0D','P0Y0M16D',.F.,'2027-05-20T07:00:00',$,'2027-05-07T07:00:00','2027-05-17T07:00:00','P0Y0M0D',1.0);
#86=IFCTASK('W17BXpcvipG1WjN1I1zfI7',#6,'Metselwerk verdieping — Woning 3',$,$,'4.11',$,$,$,.F.,$,#85,.CONSTRUCTION.);
#87=IFCTASKTIME('Kapconstructie — Woning 3 Time',.PREDICTED.,$,.WORKTIME.,'P0Y0M5D','2027-03-01T07:00:00','2027-03-05T07:00:00','2027-05-18T07:00:00','2027-05-20T07:00:00','2027-06-09T07:00:00','2027-06-15T07:00:00','P0Y0M0D','P0Y0M18D',.F.,'2027-05-20T07:00:00',$,'2027-05-17T07:00:00','2027-05-20T07:00:00','P0Y0M0D',1.0);
#88=IFCTASK('ANsZm76vIXZtFD71onj7RR',#6,'Kapconstructie — Woning 3',$,$,'4.12',$,$,$,.F.,$,#87,.CONSTRUCTION.);
#89=IFCTASKTIME('Metselwerk begane grond — Woning 4 Time',.PREDICTED.,$,.WORKTIME.,'P0Y0M6D','2027-03-01T07:00:00','2027-03-08T07:00:00','2027-05-03T07:00:00','2027-05-11T07:00:00','2027-04-26T07:00:00','2027-05-04T07:00:00','P0Y0M-1D','P0Y0M-3D',.F.,'2027-05-20T07:00:00',$,'2027-05-03T07:00:00','2027-05-11T07:00:00','P0Y0M0D',1.0);
#90=IFCTASK('CNsZCx$PbhDdWDbHARMN_$',#6,'Metselwerk begane grond — Woning 4',$,$,'4.13',$,$,$,.F.,$,#89,.CONSTRUCTION.);
#91=IFCTASKTIME('Verdiepingsvloer — Woning 4 Time',.PREDICTED.,$,.WORKTIME.,'P0Y0M4D','2027-03-01T07:00:00','2027-03-04T07:00:00','2027-05-11T07:00:00','2027-05-21T07:00:00','2027-05-26T07:00:00','2027-05-31T07:00:00','P0Y0M0D','P0Y0M6D',.F.,'2027-05-20T07:00:00',$,'2027-05-11T07:00:00',$,'P0Y0M2D',0.5);
#92=IFCTASK('IRxFXjg$o5X3pT1VghOXqn',#6,'Verdiepingsvloer — Woning 4',$,$,'4.14',$,$,$,.F.,$,#91,.CONSTRUCTION.);
#93=IFCTASKTIME('Metselwerk verdieping — Woning 4 Time',.PREDICTED.,$,.WORKTIME.,'P0Y0M6D','2027-03-01T07:00:00','2027-03-08T07:00:00','2027-05-24T07:00:00','2027-05-31T07:00:00','2027-06-01T07:00:00','2027-06-08T07:00:00','P0Y0M0D','P0Y0M6D',.F.,$,$,$,$,$,0.0);
#94=IFCTASK('g7Cxcf095R3vcT1VUhXbxr',#6,'Metselwerk verdieping — Woning 4',$,$,'4.15',$,$,$,.F.,$,#93,.CONSTRUCTION.);
#95=IFCTASKTIME('Kapconstructie — Woning 4 Time',.PREDICTED.,$,.WORKTIME.,'P0Y0M5D','2027-03-01T07:00:00','2027-03-05T07:00:00','2027-06-01T07:00:00','2027-06-07T07:00:00','2027-06-09T07:00:00','2027-06-15T07:00:00','P0Y0M0D','P0Y0M6D',.F.,$,$,$,$,$,0.0);
#96=IFCTASK('UT8XmNW9zz6$CrEV4duFdP',#6,'Kapconstructie — Woning 4',$,$,'4.16',$,$,$,.F.,$,#95,.CONSTRUCTION.);
#97=IFCTASKTIME('Metselwerk begane grond — Woning 5 Time',.PREDICTED.,$,.WORKTIME.,'P0Y0M6D','2027-03-01T07:00:00','2027-03-08T07:00:00','2027-05-20T07:00:00','2027-05-27T07:00:00','2027-05-07T07:00:00','2027-05-14T07:00:00','P0Y0M0D','P0Y0M-8D',.T.,$,$,$,$,$,0.0);
#98=IFCTASK('G9qDpHWtBNMFrP_X1TKjwV',#6,'Metselwerk begane grond — Woning 5',$,$,'4.17',$,$,$,.F.,$,#97,.CONSTRUCTION.);
#99=IFCTASKTIME('Verdiepingsvloer — Woning 5 Time',.PREDICTED.,$,.WORKTIME.,'P0Y0M4D','2027-03-01T07:00:00','2027-03-04T07:00:00','2027-05-28T07:00:00','2027-06-02T07:00:00','2027-05-26T07:00:00','2027-05-31T07:00:00','P0Y0M0D','P0Y0M-2D',.T.,$,$,$,$,$,0.0);
#100=IFCTASK('m72VyVcXz36$aPkVgrSrS9',#6,'Verdiepingsvloer — Woning 5',$,$,'4.18',$,$,$,.F.,$,#99,.CONSTRUCTION.);
#101=IFCTASKTIME('Metselwerk verdieping — Woning 5 Time',.PREDICTED.,$,.WORKTIME.,'P0Y0M6D','2027-03-01T07:00:00','2027-03-08T07:00:00','2027-06-03T07:00:00','2027-06-10T07:00:00','2027-06-01T07:00:00','2027-06-08T07:00:00','P0Y0M0D','P0Y0M-2D',.T.,$,$,$,$,$,0.0);
#102=IFCTASK('XzC5cfOPFnKbh9mXOjFZpj',#6,'Metselwerk verdieping — Woning 5',$,$,'4.19',$,$,$,.F.,$,#101,.CONSTRUCTION.);
#103=IFCTASKTIME('Kapconstructie — Woning 5 Time',.PREDICTED.,$,.WORKTIME.,'P0Y0M5D','2027-03-01T07:00:00','2027-03-05T07:00:00','2027-06-11T07:00:00','2027-06-17T07:00:00','2027-06-09T07:00:00','2027-06-15T07:00:00','P0Y0M0D','P0Y0M-2D',.T.,$,$,$,$,$,0.0);
#104=IFCTASK('E7Y1shDV9XDPmbmXEHHzXv',#6,'Kapconstructie — Woning 5',$,$,'4.20',$,$,$,.F.,$,#103,.CONSTRUCTION.);
#105=IFCTASKTIME('Metselwerk begane grond — Woning 6 Time',.PREDICTED.,$,.WORKTIME.,'P0Y0M6D','2027-03-01T07:00:00','2027-03-08T07:00:00','2027-05-28T07:00:00','2027-06-04T07:00:00','2027-05-18T07:00:00','2027-05-25T07:00:00','P0Y0M0D','P0Y0M-8D',.T.,$,$,$,$,$,0.0);
#106=IFCTASK('cxShPRs1KNw1qlBF5lb$UJ',#6,'Metselwerk begane grond — Woning 6',$,$,'4.21',$,$,$,.F.,$,#105,.CONSTRUCTION.);
#107=IFCTASKTIME('Verdiepingsvloer — Woning 6 Time',.PREDICTED.,$,.WORKTIME.,'P0Y0M4D','2027-03-01T07:00:00','2027-03-04T07:00:00','2027-06-07T07:00:00','2027-06-10T07:00:00','2027-05-26T07:00:00','2027-05-31T07:00:00','P0Y0M0D','P0Y0M-8D',.T.,$,$,$,$,$,0.0);
#108=IFCTASK('PXh1w3KX3lm18tmVQdmtab',#6,'Verdiepingsvloer — Woning 6',$,$,'4.22',$,$,$,.F.,$,#107,.CONSTRUCTION.);
#109=IFCTASKTIME('Metselwerk verdieping — Woning 6 Time',.PREDICTED.,$,.WORKTIME.,'P0Y0M6D','2027-03-01T07:00:00','2027-03-08T07:00:00','2027-06-11T07:00:00','2027-06-18T07:00:00','2027-06-01T07:00:00','2027-06-08T07:00:00','P0Y0M0D','P0Y0M-8D',.T.,$,$,$,$,$,0.0);
#110=IFCTASK('XzSzkJRVlpu7UZRH6tcvfZ',#6,'Metselwerk verdieping — Woning 6',$,$,'4.23',$,$,$,.F.,$,#109,.CONSTRUCTION.);
#111=IFCTASKTIME('Kapconstructie — Woning 6 Time',.PREDICTED.,$,.WORKTIME.,'P0Y0M5D','2027-03-01T07:00:00','2027-03-05T07:00:00','2027-06-21T07:00:00','2027-06-25T07:00:00','2027-06-09T07:00:00','2027-06-15T07:00:00','P0Y0M0D','P0Y0M-8D',.T.,$,$,$,$,$,0.0);
#112=IFCTASK('prXLP5c7iJ4L_dEVipUhI7',#6,'Kapconstructie — Woning 6',$,$,'4.24',$,$,$,.F.,$,#111,.CONSTRUCTION.);
#113=IFCTASKTIME('Hoogste punt bereikt Time',.PREDICTED.,$,.WORKTIME.,'P0Y0M0D','2027-03-01T07:00:00','2027-03-01T07:00:00','2027-06-25T07:00:00','2027-06-25T07:00:00','2027-08-17T07:00:00','2027-08-17T07:00:00','P0Y0M22D','P0Y0M22D',.F.,$,$,$,$,$,0.0);
#114=IFCTASK('P$fbi9T$sLXbxnhlR52rSb',#6,'Hoogste punt bereikt',$,$,'4.25',$,$,$,.T.,$,#113,.CONSTRUCTION.);
#115=IFCTASKTIME('4. Installaties Time',.PREDICTED.,$,.WORKTIME.,'P0Y0M5D','2027-03-01T07:00:00','2027-03-05T07:00:00','2027-05-20T07:00:00','2027-07-06T07:00:00','2027-06-16T07:00:00','2027-06-24T07:00:00','P0Y0M0D','P0Y0M-8D',.T.,$,$,$,$,$,0.0);
#116=IFCTASK('5nfjnhxFaBBFZhYnDhfZRX',#6,'4. Installaties',$,$,'5',$,$,$,.F.,$,#115,.INSTALLATION.);
#117=IFCTASKTIME('Loodgieterswerk — Woning 1 Time',.PREDICTED.,$,.WORKTIME.,'P0Y0M3D','2027-03-01T07:00:00','2027-03-03T07:00:00','2027-05-20T07:00:00','2027-05-24T07:00:00','2027-06-17T07:00:00','2027-06-21T07:00:00','P0Y0M0D','P0Y0M20D',.F.,$,$,$,$,$,0.0);
#118=IFCTASK('EP6pTtJXr9EBe72FrpZf_T',#6,'Loodgieterswerk — Woning 1',$,$,'5.1',$,$,$,.F.,$,#117,.INSTALLATION.);
#119=IFCTASKTIME('Elektra — Woning 1 Time',.PREDICTED.,$,.WORKTIME.,'P0Y0M3D','2027-03-01T07:00:00','2027-03-03T07:00:00','2027-05-25T07:00:00','2027-05-27T07:00:00','2027-06-22T07:00:00','2027-06-24T07:00:00','P0Y0M0D','P0Y0M20D',.F.,$,$,$,$,$,0.0);
#120=IFCTASK('FhhHXN8Pt11xpFlX$3m9Gl',#6,'Elektra — Woning 1',$,$,'5.2',$,$,$,.F.,$,#119,.INSTALLATION.);
#121=IFCTASKTIME('Opleverkeuring installaties — Woning 1 Time',.PREDICTED.,$,.WORKTIME.,'P0Y0M1D','2027-03-01T07:00:00','2027-03-01T07:00:00','2027-05-27T07:00:00','2027-05-27T07:00:00','2027-06-24T07:00:00','2027-06-24T07:00:00','P0Y0M0D','P0Y0M20D',.F.,$,$,$,$,$,0.0);
#122=IFCTASK('ErtDj$Q7aXR$WDxlKXZNwb',#6,'Opleverkeuring installaties — Woning 1',$,$,'5.3',$,$,$,.F.,$,#121,.ATTENDANCE.);
#123=IFCTASKTIME('Loodgieterswerk — Woning 2 Time',.PREDICTED.,$,.WORKTIME.,'P0Y0M3D','2027-03-01T07:00:00','2027-03-03T07:00:00','2027-05-20T07:00:00','2027-05-24T07:00:00','2027-06-16T07:00:00','2027-06-18T07:00:00','P0Y0M0D','P0Y0M19D',.F.,$,$,$,$,$,0.0);
#124=IFCTASK('qrd3slFPfHJNPzbnCHLlTN',#6,'Loodgieterswerk — Woning 2',$,$,'5.4',$,$,$,.F.,$,#123,.INSTALLATION.);
#125=IFCTASKTIME('Elektra — Woning 2 Time',.PREDICTED.,$,.WORKTIME.,'P0Y0M3D','2027-03-01T07:00:00','2027-03-03T07:00:00','2027-05-25T07:00:00','2027-05-27T07:00:00','2027-06-21T07:00:00','2027-06-23T07:00:00','P0Y0M0D','P0Y0M19D',.F.,$,$,$,$,$,0.0);
#126=IFCTASK('$jYLdxMPpvD9dnP$u3VRDl',#6,'Elektra — Woning 2',$,$,'5.5',$,$,$,.F.,$,#125,.INSTALLATION.);
#127=IFCTASKTIME('Opleverkeuring installaties — Woning 2 Time',.PREDICTED.,$,.WORKTIME.,'P0Y0M1D','2027-03-01T07:00:00','2027-03-01T07:00:00','2027-05-28T07:00:00','2027-05-28T07:00:00','2027-06-24T07:00:00','2027-06-24T07:00:00','P0Y0M0D','P0Y0M19D',.F.,$,$,$,$,$,0.0);
#128=IFCTASK('3J2BlbpFMP9bttiFcTTtuR',#6,'Opleverkeuring installaties — Woning 2',$,$,'5.6',$,$,$,.F.,$,#127,.ATTENDANCE.);
#129=IFCTASKTIME('Loodgieterswerk — Woning 3 Time',.PREDICTED.,$,.WORKTIME.,'P0Y0M3D','2027-03-01T07:00:00','2027-03-03T07:00:00','2027-05-21T07:00:00','2027-05-25T07:00:00','2027-06-16T07:00:00','2027-06-18T07:00:00','P0Y0M0D','P0Y0M18D',.F.,$,$,$,$,$,0.0);
#130=IFCTASK('oPg3w3iFc$kLU3lXrphVCF',#6,'Loodgieterswerk — Woning 3',$,$,'5.7',$,$,$,.F.,$,#129,.INSTALLATION.);
#131=IFCTASKTIME('Elektra — Woning 3 Time',.PREDICTED.,$,.WORKTIME.,'P0Y0M3D','2027-03-01T07:00:00','2027-03-03T07:00:00','2027-05-26T07:00:00','2027-05-28T07:00:00','2027-06-21T07:00:00','2027-06-23T07:00:00','P0Y0M0D','P0Y0M18D',.F.,$,$,$,$,$,0.0);
#132=IFCTASK('hT39U5I9thrn9N0XXH1Jkv',#6,'Elektra — Woning 3',$,$,'5.8',$,$,$,.F.,$,#131,.INSTALLATION.);
#133=IFCTASKTIME('Opleverkeuring installaties — Woning 3 Time',.PREDICTED.,$,.WORKTIME.,'P0Y0M1D','2027-03-01T07:00:00','2027-03-01T07:00:00','2027-05-31T07:00:00','2027-05-31T07:00:00','2027-06-24T07:00:00','2027-06-24T07:00:00','P0Y0M0D','P0Y0M18D',.F.,$,$,$,$,$,0.0);
#134=IFCTASK('Bp1rBvktfxnpyTJFl707dB',#6,'Opleverkeuring installaties — Woning 3',$,$,'5.9',$,$,$,.F.,$,#133,.ATTENDANCE.);
#135=IFCTASKTIME('Loodgieterswerk — Woning 4 Time',.PREDICTED.,$,.WORKTIME.,'P0Y0M3D','2027-03-01T07:00:00','2027-03-03T07:00:00','2027-06-08T07:00:00','2027-06-10T07:00:00','2027-06-16T07:00:00','2027-06-18T07:00:00','P0Y0M0D','P0Y0M6D',.F.,$,$,$,$,$,0.0);
#136=IFCTASK('FdoRKBX7a1$5VnDnrDB$UJ',#6,'Loodgieterswerk — Woning 4',$,$,'5.10',$,$,$,.F.,$,#135,.INSTALLATION.);
#137=IFCTASKTIME('Elektra — Woning 4 Time',.PREDICTED.,$,.WORKTIME.,'P0Y0M3D','2027-03-01T07:00:00','2027-03-03T07:00:00','2027-06-11T07:00:00','2027-06-15T07:00:00','2027-06-21T07:00:00','2027-06-23T07:00:00','P0Y0M0D','P0Y0M6D',.F.,$,$,$,$,$,0.0);
#138=IFCTASK('r9Av1zS1Udiz1hoFon39qZ',#6,'Elektra — Woning 4',$,$,'5.11',$,$,$,.F.,$,#137,.INSTALLATION.);
#139=IFCTASKTIME('Opleverkeuring installaties — Woning 4 Time',.PREDICTED.,$,.WORKTIME.,'P0Y0M1D','2027-03-01T07:00:00','2027-03-01T07:00:00','2027-06-16T07:00:00','2027-06-16T07:00:00','2027-06-24T07:00:00','2027-06-24T07:00:00','P0Y0M0D','P0Y0M6D',.F.,$,$,$,$,$,0.0);
#140=IFCTASK('_lvTKr9f_3GXgrg$5FVRll',#6,'Opleverkeuring installaties — Woning 4',$,$,'5.12',$,$,$,.F.,$,#139,.ATTENDANCE.);
#141=IFCTASKTIME('Loodgieterswerk — Woning 5 Time',.PREDICTED.,$,.WORKTIME.,'P0Y0M3D','2027-03-01T07:00:00','2027-03-03T07:00:00','2027-06-18T07:00:00','2027-06-22T07:00:00','2027-06-16T07:00:00','2027-06-18T07:00:00','P0Y0M0D','P0Y0M-2D',.T.,$,$,$,$,$,0.0);
#142=IFCTASK('_j6pBZGfQVId4TrlTZijgt',#6,'Loodgieterswerk — Woning 5',$,$,'5.13',$,$,$,.F.,$,#141,.INSTALLATION.);
#143=IFCTASKTIME('Elektra — Woning 5 Time',.PREDICTED.,$,.WORKTIME.,'P0Y0M3D','2027-03-01T07:00:00','2027-03-03T07:00:00','2027-06-23T07:00:00','2027-06-25T07:00:00','2027-06-21T07:00:00','2027-06-23T07:00:00','P0Y0M0D','P0Y0M-2D',.T.,$,$,$,$,$,0.0);
#144=IFCTASK('kxtxQ9y1eP$ZXl1XiX39W7',#6,'Elektra — Woning 5',$,$,'5.14',$,$,$,.F.,$,#143,.INSTALLATION.);
#145=IFCTASKTIME('Opleverkeuring installaties — Woning 5 Time',.PREDICTED.,$,.WORKTIME.,'P0Y0M1D','2027-03-01T07:00:00','2027-03-01T07:00:00','2027-06-28T07:00:00','2027-06-28T07:00:00','2027-06-24T07:00:00','2027-06-24T07:00:00','P0Y0M0D','P0Y0M-2D',.T.,$,$,$,$,$,0.0);
#146=IFCTASK('RRG7XJ_nyF$Zhz7$$1T9up',#6,'Opleverkeuring installaties — Woning 5',$,$,'5.15',$,$,$,.F.,$,#145,.ATTENDANCE.);
#147=IFCTASKTIME('Loodgieterswerk — Woning 6 Time',.PREDICTED.,$,.WORKTIME.,'P0Y0M3D','2027-03-01T07:00:00','2027-03-03T07:00:00','2027-06-28T07:00:00','2027-06-30T07:00:00','2027-06-16T07:00:00','2027-06-18T07:00:00','P0Y0M0D','P0Y0M-8D',.T.,$,$,$,$,$,0.0);
#148=IFCTASK('KdmdfJr1Gz0FZr6$GVnLs3',#6,'Loodgieterswerk — Woning 6',$,$,'5.16',$,$,$,.F.,$,#147,.INSTALLATION.);
#149=IFCTASKTIME('Elektra — Woning 6 Time',.PREDICTED.,$,.WORKTIME.,'P0Y0M3D','2027-03-01T07:00:00','2027-03-03T07:00:00','2027-07-01T07:00:00','2027-07-05T07:00:00','2027-06-21T07:00:00','2027-06-23T07:00:00','P0Y0M0D','P0Y0M-8D',.T.,$,$,$,$,$,0.0);
#150=IFCTASK('h7yr5FJV19FLgBg$3pERbx',#6,'Elektra — Woning 6',$,$,'5.17',$,$,$,.F.,$,#149,.INSTALLATION.);
#151=IFCTASKTIME('Opleverkeuring installaties — Woning 6 Time',.PREDICTED.,$,.WORKTIME.,'P0Y0M1D','2027-03-01T07:00:00','2027-03-01T07:00:00','2027-07-06T07:00:00','2027-07-06T07:00:00','2027-06-24T07:00:00','2027-06-24T07:00:00','P0Y0M0D','P0Y0M-8D',.T.,$,$,$,$,$,0.0);
#152=IFCTASK('ttMdzPJnOnK3LNiH0PKxv9',#6,'Opleverkeuring installaties — Woning 6',$,$,'5.18',$,$,$,.F.,$,#151,.ATTENDANCE.);
#153=IFCTASKTIME('5. Afbouw Time',.PREDICTED.,$,.WORKTIME.,'P0Y0M5D','2027-03-01T07:00:00','2027-03-05T07:00:00','2027-05-28T07:00:00','2027-08-17T07:00:00','2027-06-25T07:00:00','2027-07-15T07:00:00','P0Y0M0D','P0Y0M-8D',.T.,$,$,$,$,$,0.0);
#154=IFCTASK('QXTNe3T$khzfpnXViX3tuR',#6,'5. Afbouw',$,$,'6',$,$,$,.F.,$,#153,.CONSTRUCTION.);
#155=IFCTASKTIME('Stucwerk — Woning 1 Time',.PREDICTED.,$,.WORKTIME.,'P0Y0M5D','2027-03-01T07:00:00','2027-03-05T07:00:00','2027-05-28T07:00:00','2027-06-03T07:00:00','2027-06-25T07:00:00','2027-07-01T07:00:00','P0Y0M0D','P0Y0M20D',.F.,$,$,$,$,$,0.0);
#156=IFCTASK('uB2XuLyH5F$ZzPw10vGNQh',#6,'Stucwerk — Woning 1',$,$,'6.1',$,$,$,.F.,$,#155,.CONSTRUCTION.);
#157=IFCTASKTIME('Tegelwerk — Woning 1 Time',.PREDICTED.,$,.WORKTIME.,'P0Y0M3D','2027-03-01T07:00:00','2027-03-03T07:00:00','2027-06-04T07:00:00','2027-06-08T07:00:00','2027-07-06T07:00:00','2027-07-08T07:00:00','P0Y0M0D','P0Y0M22D',.F.,$,$,$,$,$,0.0);
#158=IFCTASK('mtiRKfX7qPaJ_Dd1yrJv9D',#6,'Tegelwerk — Woning 1',$,$,'6.2',$,$,$,.F.,$,#157,.INSTALLATION.);
#159=IFCTASKTIME('Sanitair plaatsen — Woning 1 Time',.PREDICTED.,$,.WORKTIME.,'P0Y0M3D','2027-03-01T07:00:00','2027-03-03T07:00:00','2027-06-09T07:00:00','2027-06-11T07:00:00','2027-07-09T07:00:00','2027-07-13T07:00:00','P0Y0M0D','P0Y0M22D',.F.,$,$,$,$,$,0.0);
#160=IFCTASK('yD2X8BmN_3ePKb4Flda39j',#6,'Sanitair plaatsen — Woning 1',$,$,'6.3',$,$,$,.F.,$,#159,.INSTALLATION.);
#161=IFCTASKTIME('Schilderwerk — Woning 1 Time',.PREDICTED.,$,.WORKTIME.,'P0Y0M4D','2027-03-01T07:00:00','2027-03-04T07:00:00','2027-06-10T07:00:00','2027-06-15T07:00:00','2027-07-12T07:00:00','2027-07-15T07:00:00','P0Y0M0D','P0Y0M22D',.F.,$,$,$,$,$,0.0);
#162=IFCTASK('pBtpRRL$2ZSBqlDHdFFLQB',#6,'Schilderwerk — Woning 1',$,$,'6.4',$,$,$,.F.,$,#161,.CONSTRUCTION.);
#163=IFCTASKTIME('Stucwerk — Woning 2 Time',.PREDICTED.,$,.WORKTIME.,'P0Y0M5D','2027-03-01T07:00:00','2027-03-05T07:00:00','2027-05-31T07:00:00','2027-06-04T07:00:00','2027-06-25T07:00:00','2027-07-01T07:00:00','P0Y0M0D','P0Y0M19D',.F.,$,$,$,$,$,0.0);
#164=IFCTASK('Z3C5w3iVX5Nx7jf$wJ$JYF',#6,'Stucwerk — Woning 2',$,$,'6.5',$,$,$,.F.,$,#163,.CONSTRUCTION.);
#165=IFCTASKTIME('Tegelwerk — Woning 2 Time',.PREDICTED.,$,.WORKTIME.,'P0Y0M3D','2027-03-01T07:00:00','2027-03-03T07:00:00','2027-06-07T07:00:00','2027-06-09T07:00:00','2027-07-02T07:00:00','2027-07-06T07:00:00','P0Y0M0D','P0Y0M19D',.F.,$,$,$,$,$,0.0);
#166=IFCTASK('MZTNSDAP73GXo1FVH7eVSN',#6,'Tegelwerk — Woning 2',$,$,'6.6',$,$,$,.F.,$,#165,.INSTALLATION.);
#167=IFCTASKTIME('Sanitair plaatsen — Woning 2 Time',.PREDICTED.,$,.WORKTIME.,'P0Y0M3D','2027-03-01T07:00:00','2027-03-03T07:00:00','2027-06-10T07:00:00','2027-06-14T07:00:00','2027-07-07T07:00:00','2027-07-09T07:00:00','P0Y0M0D','P0Y0M19D',.F.,$,$,$,$,$,0.0);
#168=IFCTASK('4H3tYxQ789t3PF7$2RVDab',#6,'Sanitair plaatsen — Woning 2',$,$,'6.7',$,$,$,.F.,$,#167,.INSTALLATION.);
#169=IFCTASKTIME('Schilderwerk — Woning 2 Time',.PREDICTED.,$,.WORKTIME.,'P0Y0M4D','2027-03-01T07:00:00','2027-03-04T07:00:00','2027-06-15T07:00:00','2027-06-18T07:00:00','2027-07-12T07:00:00','2027-07-15T07:00:00','P0Y0M0D','P0Y0M19D',.F.,$,$,$,$,$,0.0);
#170=IFCTASK('9fAZSjs1aBBn7VlVdnnLsZ',#6,'Schilderwerk — Woning 2',$,$,'6.8',$,$,$,.F.,$,#169,.CONSTRUCTION.);
#171=IFCTASKTIME('Stucwerk — Woning 3 Time',.PREDICTED.,$,.WORKTIME.,'P0Y0M5D','2027-03-01T07:00:00','2027-03-05T07:00:00','2027-06-01T07:00:00','2027-06-07T07:00:00','2027-06-25T07:00:00','2027-07-01T07:00:00','P0Y0M0D','P0Y0M18D',.F.,$,$,$,$,$,0.0);
#172=IFCTASK('OZRlnHfNifIPGbu$PLeVi$',#6,'Stucwerk — Woning 3',$,$,'6.9',$,$,$,.F.,$,#171,.CONSTRUCTION.);
#173=IFCTASKTIME('Tegelwerk — Woning 3 Time',.PREDICTED.,$,.WORKTIME.,'P0Y0M3D','2027-03-01T07:00:00','2027-03-03T07:00:00','2027-06-08T07:00:00','2027-06-10T07:00:00','2027-07-02T07:00:00','2027-07-06T07:00:00','P0Y0M0D','P0Y0M18D',.F.,$,$,$,$,$,0.0);
#174=IFCTASK('_FxXex6vI$HrOPUX$XfZDp',#6,'Tegelwerk — Woning 3',$,$,'6.10',$,$,$,.F.,$,#173,.INSTALLATION.);
#175=IFCTASKTIME('Sanitair plaatsen — Woning 3 Time',.PREDICTED.,$,.WORKTIME.,'P0Y0M3D','2027-03-01T07:00:00','2027-03-03T07:00:00','2027-06-11T07:00:00','2027-06-15T07:00:00','2027-07-07T07:00:00','2027-07-09T07:00:00','P0Y0M0D','P0Y0M18D',.F.,$,$,$,$,$,0.0);
#176=IFCTASK('cVJvDJL1QjSjsvAlat_H1f',#6,'Sanitair plaatsen — Woning 3',$,$,'6.11',$,$,$,.F.,$,#175,.INSTALLATION.);
#177=IFCTASKTIME('Schilderwerk — Woning 3 Time',.PREDICTED.,$,.WORKTIME.,'P0Y0M4D','2027-03-01T07:00:00','2027-03-04T07:00:00','2027-06-16T07:00:00','2027-06-21T07:00:00','2027-07-12T07:00:00','2027-07-15T07:00:00','P0Y0M0D','P0Y0M18D',.F.,$,$,$,$,$,0.0);
#178=IFCTASK('e3$ZmvgPxxdruNKlWtgNkL',#6,'Schilderwerk — Woning 3',$,$,'6.12',$,$,$,.F.,$,#177,.CONSTRUCTION.);
#179=IFCTASKTIME('Stucwerk — Woning 4 Time',.PREDICTED.,$,.WORKTIME.,'P0Y0M5D','2027-03-01T07:00:00','2027-03-05T07:00:00','2027-06-17T07:00:00','2027-06-23T07:00:00','2027-06-25T07:00:00','2027-07-01T07:00:00','P0Y0M0D','P0Y0M6D',.F.,$,$,$,$,$,0.0);
#180=IFCTASK('CNI5EzDXJNhHx58$25pPhf',#6,'Stucwerk — Woning 4',$,$,'6.13',$,$,$,.F.,$,#179,.CONSTRUCTION.);
#181=IFCTASKTIME('Tegelwerk — Woning 4 Time',.PREDICTED.,$,.WORKTIME.,'P0Y0M3D','2027-03-01T07:00:00','2027-03-03T07:00:00','2027-06-24T07:00:00','2027-06-28T07:00:00','2027-07-02T07:00:00','2027-07-06T07:00:00','P0Y0M0D','P0Y0M6D',.F.,$,$,$,$,$,0.0);
#182=IFCTASK('p7gPzdL$k$djkFrHZzGtOL',#6,'Tegelwerk — Woning 4',$,$,'6.14',$,$,$,.F.,$,#181,.INSTALLATION.);
#183=IFCTASKTIME('Sanitair plaatsen — Woning 4 Time',.PREDICTED.,$,.WORKTIME.,'P0Y0M3D','2027-03-01T07:00:00','2027-03-03T07:00:00','2027-06-29T07:00:00','2027-07-01T07:00:00','2027-07-07T07:00:00','2027-07-09T07:00:00','P0Y0M0D','P0Y0M6D',.F.,$,$,$,$,$,0.0);
#184=IFCTASK('6FlRana12zWHpH3H2xLXeh',#6,'Sanitair plaatsen — Woning 4',$,$,'6.15',$,$,$,.F.,$,#183,.INSTALLATION.);
#185=IFCTASKTIME('Schilderwerk — Woning 4 Time',.PREDICTED.,$,.WORKTIME.,'P0Y0M4D','2027-03-01T07:00:00','2027-03-04T07:00:00','2027-07-02T07:00:00','2027-07-07T07:00:00','2027-07-12T07:00:00','2027-07-15T07:00:00','P0Y0M0D','P0Y0M6D',.F.,$,$,$,$,$,0.0);
#186=IFCTASK('YXZfirffipuvgBM1NjvbtJ',#6,'Schilderwerk — Woning 4',$,$,'6.16',$,$,$,.F.,$,#185,.CONSTRUCTION.);
#187=IFCTASKTIME('Stucwerk — Woning 5 Time',.PREDICTED.,$,.WORKTIME.,'P0Y0M5D','2027-03-01T07:00:00','2027-03-05T07:00:00','2027-06-29T07:00:00','2027-07-05T07:00:00','2027-06-25T07:00:00','2027-07-01T07:00:00','P0Y0M0D','P0Y0M-2D',.T.,$,$,$,$,$,0.0);
#188=IFCTASK('wlp7ZRIlLPyLwJ91mXfZd7',#6,'Stucwerk — Woning 5',$,$,'6.17',$,$,$,.F.,$,#187,.CONSTRUCTION.);
#189=IFCTASKTIME('Tegelwerk — Woning 5 Time',.PREDICTED.,$,.WORKTIME.,'P0Y0M3D','2027-03-01T07:00:00','2027-03-03T07:00:00','2027-07-06T07:00:00','2027-07-08T07:00:00','2027-07-02T07:00:00','2027-07-06T07:00:00','P0Y0M0D','P0Y0M-2D',.T.,$,$,$,$,$,0.0);
#190=IFCTASK('HN09w7It3T2RNvMHoDgZZR',#6,'Tegelwerk — Woning 5',$,$,'6.18',$,$,$,.F.,$,#189,.INSTALLATION.);
#191=IFCTASKTIME('Sanitair plaatsen — Woning 5 Time',.PREDICTED.,$,.WORKTIME.,'P0Y0M3D','2027-03-01T07:00:00','2027-03-03T07:00:00','2027-07-09T07:00:00','2027-07-13T07:00:00','2027-07-07T07:00:00','2027-07-09T07:00:00','P0Y0M0D','P0Y0M-2D',.T.,$,$,$,$,$,0.0);
#192=IFCTASK('g7CDDlOdH1_RZLQl9Z3NAv',#6,'Sanitair plaatsen — Woning 5',$,$,'6.19',$,$,$,.F.,$,#191,.INSTALLATION.);
#193=IFCTASKTIME('Schilderwerk — Woning 5 Time',.PREDICTED.,$,.WORKTIME.,'P0Y0M4D','2027-03-01T07:00:00','2027-03-04T07:00:00','2027-07-14T07:00:00','2027-07-19T07:00:00','2027-07-12T07:00:00','2027-07-15T07:00:00','P0Y0M0D','P0Y0M-2D',.T.,$,$,$,$,$,0.0);
#194=IFCTASK('QXrXmPQX1t7DSvwl7$H3vb',#6,'Schilderwerk — Woning 5',$,$,'6.20',$,$,$,.F.,$,#193,.CONSTRUCTION.);
#195=IFCTASKTIME('Stucwerk — Woning 6 Time',.PREDICTED.,$,.WORKTIME.,'P0Y0M5D','2027-03-01T07:00:00','2027-03-05T07:00:00','2027-07-07T07:00:00','2027-07-13T07:00:00','2027-06-25T07:00:00','2027-07-01T07:00:00','P0Y0M0D','P0Y0M-8D',.T.,$,$,$,$,$,0.0);
#196=IFCTASK('Fr9DvLKXbBVbht0VZ3uF5n',#6,'Stucwerk — Woning 6',$,$,'6.21',$,$,$,.F.,$,#195,.CONSTRUCTION.);
#197=IFCTASKTIME('Tegelwerk — Woning 6 Time',.PREDICTED.,$,.WORKTIME.,'P0Y0M3D','2027-03-01T07:00:00','2027-03-03T07:00:00','2027-07-14T07:00:00','2027-07-16T07:00:00','2027-07-02T07:00:00','2027-07-06T07:00:00','P0Y0M0D','P0Y0M-8D',.T.,$,$,$,$,$,0.0);
#198=IFCTASK('tNgzYtDXzH0FjDznG$j7dB',#6,'Tegelwerk — Woning 6',$,$,'6.22',$,$,$,.F.,$,#197,.INSTALLATION.);
#199=IFCTASKTIME('Sanitair plaatsen — Woning 6 Time',.PREDICTED.,$,.WORKTIME.,'P0Y0M3D','2027-03-01T07:00:00','2027-03-03T07:00:00','2027-07-19T07:00:00','2027-07-21T07:00:00','2027-07-07T07:00:00','2027-07-09T07:00:00','P0Y0M0D','P0Y0M-8D',.T.,$,$,$,$,$,0.0);
#200=IFCTASK('2l1rDJpFEnlj6$LHRxs3Pr',#6,'Sanitair plaatsen — Woning 6',$,$,'6.23',$,$,$,.F.,$,#199,.INSTALLATION.);
#201=IFCTASKTIME('Schilderwerk — Woning 6 Time',.PREDICTED.,$,.WORKTIME.,'P0Y0M4D','2027-03-01T07:00:00','2027-03-04T07:00:00','2027-07-22T07:00:00','2027-08-17T07:00:00','2027-07-12T07:00:00','2027-07-15T07:00:00','P0Y0M0D','P0Y0M-8D',.T.,$,$,$,$,$,0.0);
#202=IFCTASK('bXxFbX3HthZtjDznmnJvZN',#6,'Schilderwerk — Woning 6',$,$,'6.24',$,$,$,.F.,$,#201,.CONSTRUCTION.);
#203=IFCTASKTIME('6. Oplevering Time',.PREDICTED.,$,.WORKTIME.,'P0Y0M5D','2027-03-01T07:00:00','2027-03-05T07:00:00','2027-06-15T07:00:00','2027-08-17T07:00:00','2027-07-15T07:00:00','2027-07-15T07:00:00','P0Y0M-8D','P0Y0M-8D',.T.,$,$,$,$,$,0.0);
#204=IFCTASK('LZj7J3RnUvu727cHr9EX0f',#6,'6. Oplevering',$,$,'7',$,$,$,.F.,$,#203,.ATTENDANCE.);
#205=IFCTASKTIME('Opleverinspectie — Woning 1 Time',.PREDICTED.,$,.WORKTIME.,'P0Y0M0D','2027-03-01T07:00:00','2027-03-01T07:00:00','2027-06-15T07:00:00','2027-06-15T07:00:00','2027-07-15T07:00:00','2027-07-15T07:00:00','P0Y0M30D','P0Y0M22D',.F.,$,$,$,$,$,0.0);
#206=IFCTASK('3nb$Y5_NAtPjo$HVXJYnVZ',#6,'Opleverinspectie — Woning 1',$,$,'7.1',$,$,$,.T.,$,#205,.CONSTRUCTION.);
#207=IFCTASKTIME('Opleverinspectie — Woning 2 Time',.PREDICTED.,$,.WORKTIME.,'P0Y0M0D','2027-03-01T07:00:00','2027-03-01T07:00:00','2027-06-18T07:00:00','2027-06-18T07:00:00','2027-07-15T07:00:00','2027-07-15T07:00:00','P0Y0M27D','P0Y0M19D',.F.,$,$,$,$,$,0.0);
#208=IFCTASK('6rQfOZvtT1Ux1$XX47ixRX',#6,'Opleverinspectie — Woning 2',$,$,'7.2',$,$,$,.T.,$,#207,.CONSTRUCTION.);
#209=IFCTASKTIME('Opleverinspectie — Woning 3 Time',.PREDICTED.,$,.WORKTIME.,'P0Y0M0D','2027-03-01T07:00:00','2027-03-01T07:00:00','2027-06-21T07:00:00','2027-06-21T07:00:00','2027-07-15T07:00:00','2027-07-15T07:00:00','P0Y0M26D','P0Y0M18D',.F.,$,$,$,$,$,0.0);
#210=IFCTASK('1HF5Mb5VLvOtVx81J53t8R',#6,'Opleverinspectie — Woning 3',$,$,'7.3',$,$,$,.T.,$,#209,.CONSTRUCTION.);
#211=IFCTASKTIME('Opleverinspectie — Woning 4 Time',.PREDICTED.,$,.WORKTIME.,'P0Y0M0D','2027-03-01T07:00:00','2027-03-01T07:00:00','2027-07-07T07:00:00','2027-07-07T07:00:00','2027-07-15T07:00:00','2027-07-15T07:00:00','P0Y0M14D','P0Y0M6D',.F.,$,$,$,$,$,0.0);
#212=IFCTASK('P54BvPpn23uNzd6$StwPrd',#6,'Opleverinspectie — Woning 4',$,$,'7.4',$,$,$,.T.,$,#211,.CONSTRUCTION.);
#213=IFCTASKTIME('Opleverinspectie — Woning 5 Time',.PREDICTED.,$,.WORKTIME.,'P0Y0M0D','2027-03-01T07:00:00','2027-03-01T07:00:00','2027-07-19T07:00:00','2027-07-19T07:00:00','2027-07-15T07:00:00','2027-07-15T07:00:00','P0Y0M6D','P0Y0M-2D',.T.,$,$,$,$,$,0.0);
#214=IFCTASK('NZxFhf0tnzAlbBoXK19r0f',#6,'Opleverinspectie — Woning 5',$,$,'7.5',$,$,$,.T.,$,#213,.CONSTRUCTION.);
#215=IFCTASKTIME('Opleverinspectie — Woning 6 Time',.PREDICTED.,$,.WORKTIME.,'P0Y0M0D','2027-03-01T07:00:00','2027-03-01T07:00:00','2027-08-17T07:00:00','2027-08-17T07:00:00','2027-07-15T07:00:00','2027-07-15T07:00:00','P0Y0M0D','P0Y0M-8D',.T.,$,$,$,$,$,0.0);
#216=IFCTASK('_DMPZtrlhPCxXlf1QZJ7tD',#6,'Opleverinspectie — Woning 6',$,$,'7.6',$,$,$,.T.,$,#215,.CONSTRUCTION.);
#217=IFCTASKTIME('Contractuele oplevering project Time',.PREDICTED.,$,.WORKTIME.,'P0Y0M0D','2027-03-01T07:00:00','2027-03-01T07:00:00','2027-08-17T07:00:00','2027-08-17T07:00:00','2027-07-15T07:00:00','2027-07-15T07:00:00','P0Y0M-8D','P0Y0M-8D',.T.,$,$,$,$,$,0.0);
#218=IFCTASK('FLb1o3xFqd4pqHDHpvel$9',#6,'Contractuele oplevering project','Contractuele einddatum met de opdrachtgever; de deadline ligt bewust vóór de vroegst haalbare datum (negatieve float).',$,'7.7',$,$,$,.T.,$,#217,.CONSTRUCTION.);
#219=IFCRELNESTS('SV5Fvv7tvNgnRVxFAVr$cB',#6,'WBS 1. Terreininrichting',$,#44,( #46,#48,#50,#52));
#220=IFCRELNESTS('NZ5nrdoHzHG1uFzFSRXpa9',#6,'WBS 2. Fundering (gedeeld)',$,#54,( #56,#58,#60,#62));
#221=IFCRELNESTS('cXZNebwXLpsHdZ71YB3NcB',#6,'WBS 3. Ruwbouw per woning',$,#64,( #66,#68,#70,#72,#74,#76,#78,#80,#82,#84,#86,#88,#90,#92,#94,#96,#98,#100,#102,#104,#106,#108,#110,#112,#114));
#222=IFCRELNESTS('ixNbmNuPHjaj2jJHR1FZ79',#6,'WBS 4. Installaties',$,#116,( #118,#120,#122,#124,#126,#128,#130,#132,#134,#136,#138,#140,#142,#144,#146,#148,#150,#152));
#223=IFCRELNESTS('DrvZeR2nqvOtxl91WNUL2X',#6,'WBS 5. Afbouw',$,#154,( #156,#158,#160,#162,#164,#166,#168,#170,#172,#174,#176,#178,#180,#182,#184,#186,#188,#190,#192,#194,#196,#198,#200,#202));
#224=IFCRELNESTS('kNOHnF3$q3AHFPg$JRP5v9',#6,'WBS 6. Oplevering',$,#204,( #206,#208,#210,#212,#214,#216,#218));
#225=IFCRELNESTS('tjjP5r1vgdnD4TBHzDgTrv',#6,'WBS Hoofd',$,#38,(#42,#44,#54,#64,#116,#154,#204));
#226=IFCRELSEQUENCE('WXj7JTv9F3Yf$1FXh7a3Hl',#6,$,$,#42,#46,$,.FINISH_START.,$);
#227=IFCRELSEQUENCE('vnFxQN0tt$NZ5baFFxTNQn',#6,$,$,#46,#48,$,.FINISH_START.,$);
#228=IFCRELSEQUENCE('K7KbyVg$Ihj7YTblwfoRjX',#6,$,$,#48,#50,$,.FINISH_START.,$);
#229=IFCRELSEQUENCE('6F$rxF5F0B7pOV3lAXTNEb',#6,$,$,#50,#52,$,.FINISH_START.,$);
#230=IFCRELSEQUENCE('mPYhfjL$cVovgr6$Cz07$N',#6,$,$,#52,#56,$,.FINISH_START.,$);
#231=IFCRELSEQUENCE('Ct6t6TGfWbLlvJFVdra3Dl',#6,$,$,#56,#58,$,.FINISH_START.,$);
#232=IFCLAGTIME('Lag',.PREDICTED.,$,IFCDURATION('P3D'),.ELAPSEDTIME.);
#233=IFCRELSEQUENCE('nh5VSp2fU7OtV50XXn3tOT',#6,$,$,#58,#60,#232,.FINISH_START.,$);
#234=IFCRELSEQUENCE('lbBV0lNNGDslxRKFgnVRf3',#6,$,$,#60,#62,$,.FINISH_START.,$);
#235=IFCRELSEQUENCE('C9U$IjDnQjCTXHFXbX39S5',#6,$,$,#66,#68,$,.FINISH_START.,$);
#236=IFCRELSEQUENCE('uDnx2PpFAN5V2DHVRxYhsP',#6,$,$,#68,#70,$,.FINISH_START.,$);
#237=IFCRELSEQUENCE('tfsTW1nvcJSrCFP1ax5ln1',#6,$,$,#70,#72,$,.FINISH_START.,$);
#238=IFCRELSEQUENCE('VZ8VyZ09t$lrGrg1F96Pxl',#6,$,$,#74,#76,$,.FINISH_START.,$);
#239=IFCRELSEQUENCE('7nF5Qj6XLpEvUZ5H4hlB0N',#6,$,$,#76,#78,$,.FINISH_START.,$);
#240=IFCRELSEQUENCE('zDoFxlHPvZiRb1N1DhNT1j',#6,$,$,#78,#80,$,.FINISH_START.,$);
#241=IFCRELSEQUENCE('LPWNezrHnFi3$rA1N9gNsZ',#6,$,$,#66,#74,$,.FINISH_START.,$);
#242=IFCRELSEQUENCE('J9S327tNKtM3b$N1b$PxJZ',#6,$,$,#82,#84,$,.FINISH_START.,$);
#243=IFCRELSEQUENCE('4nvTapcvKfIPaDVXW9wdPv',#6,$,$,#84,#86,$,.FINISH_START.,$);
#244=IFCRELSEQUENCE('EPMz2BOPrNo7s7oFQT3NkL',#6,$,$,#86,#88,$,.FINISH_START.,$);
#245=IFCRELSEQUENCE('j5dLzvfNALnhwXv$RXbnHB',#6,$,$,#74,#82,$,.FINISH_START.,$);
#246=IFCRELSEQUENCE('aT092vH7KtILgNe1CHBFHB',#6,$,$,#90,#92,$,.FINISH_START.,$);
#247=IFCRELSEQUENCE('7hIxIFiX1rhHn7slmFB1AP',#6,$,$,#92,#94,$,.FINISH_START.,$);
#248=IFCRELSEQUENCE('rNk5Yxcva$9zVRCHk30vLD',#6,$,$,#94,#96,$,.FINISH_START.,$);
#249=IFCRELSEQUENCE('LP0tQ9ylPDIda7wlPlR1oR',#6,$,$,#82,#90,$,.FINISH_START.,$);
#250=IFCRELSEQUENCE('9plbuhS$IXxXgh6lvXTfEN',#6,$,$,#98,#100,$,.FINISH_START.,$);
#251=IFCRELSEQUENCE('xnXhrTmfmJY5RhoFwNEbBT',#6,$,$,#100,#102,$,.FINISH_START.,$);
#252=IFCRELSEQUENCE('8jxX0n5F8fxVYTZFgnXRZ9',#6,$,$,#102,#104,$,.FINISH_START.,$);
#253=IFCRELSEQUENCE('0l1BXjYF6lGVoXbnStQvRx',#6,$,$,#90,#98,$,.FINISH_START.,$);
#254=IFCRELSEQUENCE('ZXz9sHnPXxFDSPoVWNwj2$',#6,$,$,#106,#108,$,.FINISH_START.,$);
#255=IFCRELSEQUENCE('iR5nZR2FKfAlZNO$tvazHH',#6,$,$,#108,#110,$,.FINISH_START.,$);
#256=IFCRELSEQUENCE('I5Nb8ptfah$xLz1XatcvTf',#6,$,$,#110,#112,$,.FINISH_START.,$);
#257=IFCRELSEQUENCE('gPe$kHWth7OPSPUVr9cv1t',#6,$,$,#98,#106,$,.FINISH_START.,$);
#258=IFCRELSEQUENCE('uJztQN8voRJNj1zFGXfT9n',#6,$,$,#62,#66,$,.FINISH_START.,$);
#259=IFCRELSEQUENCE('uDdz2Lqnqzw$CH3HsxMZlh',#6,$,$,#72,#114,$,.FINISH_START.,$);
#260=IFCRELSEQUENCE('5HZfKrtN6ZoB0zxn2tk$UD',#6,$,$,#80,#114,$,.FINISH_START.,$);
#261=IFCRELSEQUENCE('WVRlPRs1OHu7kllXT$hHdr',#6,$,$,#88,#114,$,.FINISH_START.,$);
#262=IFCRELSEQUENCE('nrvTW1Fv_zePiXXXs$XpeT',#6,$,$,#96,#114,$,.FINISH_START.,$);
#263=IFCRELSEQUENCE('dXblJ1Q7GpkPSPQ$25ZNER',#6,$,$,#104,#114,$,.FINISH_START.,$);
#264=IFCRELSEQUENCE('c1V3cJYFkXb1SJRnCHrnDJ',#6,$,$,#112,#114,$,.FINISH_START.,$);
#265=IFCRELSEQUENCE('c$Xz_djFy5nDOvUFZ3Wd3r',#6,$,$,#72,#118,$,.FINISH_START.,$);
#266=IFCRELSEQUENCE('QbWNq5nvwlmX6VnVDLHrO3',#6,$,$,#118,#120,$,.FINISH_START.,$);
#267=IFCLAGTIME('Lag',.PREDICTED.,$,IFCDURATION('-P1D'),.WORKTIME.);
#268=IFCRELSEQUENCE('orP3Mb5VxHBFZLsHOb_H9p',#6,$,$,#120,#122,#267,.FINISH_START.,$);
#269=IFCRELSEQUENCE('RXh$o3rlb1nLMt4F11Z98R',#6,$,$,#80,#124,$,.FINISH_START.,$);
#270=IFCRELSEQUENCE('pL5VeRcV7ZK35lN$25LVGX',#6,$,$,#124,#126,$,.FINISH_START.,$);
#271=IFCRELSEQUENCE('dXRH$dA$C36$4zN12fULQh',#6,$,$,#126,#128,$,.FINISH_START.,$);
#272=IFCRELSEQUENCE('_nR$Ina$6Tg3xFTFolFT$J',#6,$,$,#88,#130,$,.FINISH_START.,$);
#273=IFCRELSEQUENCE('H9ShnFxF899z3be1qTSzz7',#6,$,$,#130,#132,$,.FINISH_START.,$);
#274=IFCRELSEQUENCE('C9klvLCX5FVzr76HRxUL21',#6,$,$,#132,#134,$,.FINISH_START.,$);
#275=IFCRELSEQUENCE('jf8FNnKn63Alx58$dLunXz',#6,$,$,#96,#136,$,.FINISH_START.,$);
#276=IFCRELSEQUENCE('Dr1r5FJV33UNBJLFHL$5f1',#6,$,$,#136,#138,$,.FINISH_START.,$);
#277=IFCRELSEQUENCE('T34BnLz1SBR$uFBlnfobvR',#6,$,$,#138,#140,$,.FINISH_START.,$);
#278=IFCRELSEQUENCE('XVL$6dg1stdJUNaFffQpGH',#6,$,$,#104,#142,$,.FINISH_START.,$);
#279=IFCRELSEQUENCE('rjLlz7$dhD2t3xqHw9YFT5',#6,$,$,#142,#144,$,.FINISH_START.,$);
#280=IFCRELSEQUENCE('X$HJzLaHt$7DyZRlEl$j21',#6,$,$,#144,#146,$,.FINISH_START.,$);
#281=IFCRELSEQUENCE('GN8Vajs1qzYfRrw$i$vRFX',#6,$,$,#112,#148,$,.FINISH_START.,$);
#282=IFCRELSEQUENCE('TzaL9ZtNEbrFrvglYhFL_3',#6,$,$,#148,#150,$,.FINISH_START.,$);
#283=IFCRELSEQUENCE('TXj7jzjXrfAlpljHfjFTVT',#6,$,$,#150,#152,$,.FINISH_START.,$);
#284=IFCRELSEQUENCE('1Jg3U9Z$cJareVpllhdJE9',#6,$,$,#122,#156,$,.FINISH_START.,$);
#285=IFCRELSEQUENCE('0nb$MxNNEbhHHfCHYdSraR',#6,$,$,#156,#158,$,.FINISH_START.,$);
#286=IFCRELSEQUENCE('GfWNORYn6HmXcHjHxHT98R',#6,$,$,#158,#160,$,.FINISH_START.,$);
#287=IFCLAGTIME('Lag',.PREDICTED.,$,IFCRATIOMEASURE(0.4),.WORKTIME.);
#288=IFCRELSEQUENCE('idel$vgd3nqTZtan9Pun3h',#6,$,$,#160,#162,#287,.START_START.,$);
#289=IFCRELSEQUENCE('m9iJPNP9LdKb9fWXL3$xBP',#6,$,$,#128,#164,$,.FINISH_START.,$);
#290=IFCRELSEQUENCE('AJJP3PxVVvLHLzlXPHzN65',#6,$,$,#164,#166,$,.FINISH_START.,$);
#291=IFCRELSEQUENCE('_pkHPRwXZX2tpzrFXFTfcH',#6,$,$,#166,#168,$,.FINISH_START.,$);
#292=IFCRELSEQUENCE('wFvTKBv9pdN5$$XXipAzxh',#6,$,$,#168,#170,$,.FINISH_START.,$);
#293=IFCRELSEQUENCE('GN8XCPzHnnizdFf$L7ixDJ',#6,$,$,#134,#172,$,.FINISH_START.,$);
#294=IFCRELSEQUENCE('SVRHtTX78fxVIRKHCTS31t',#6,$,$,#172,#174,$,.FINISH_START.,$);
#295=IFCRELSEQUENCE('HbBXOxMPr30Fr7cHvbk1IP',#6,$,$,#174,#176,$,.FINISH_START.,$);
#296=IFCRELSEQUENCE('PVDPxLLlfF7LQHzH_tI1UH',#6,$,$,#176,#178,$,.FINISH_START.,$);
#297=IFCRELSEQUENCE('MZTNuBe7mDAlLTxluzPjgj',#6,$,$,#140,#180,$,.FINISH_START.,$);
#298=IFCRELSEQUENCE('j5X3URoHtVLlTtKHeRQ7Zt',#6,$,$,#180,#182,$,.FINISH_START.,$);
#299=IFCRELSEQUENCE('jRjv9XM$2fEvUTrlLdu$w1',#6,$,$,#182,#184,$,.FINISH_START.,$);
#300=IFCRELSEQUENCE('5LI5g5tNWxdBKXP$tvCpaN',#6,$,$,#184,#186,$,.FINISH_START.,$);
#301=IFCRELSEQUENCE('stcNOxMPnZ6JMtSFpvOl3v',#6,$,$,#146,#188,$,.FINISH_START.,$);
#302=IFCRELSEQUENCE('I9CxgVbV9$Fh6pTnMhmf6R',#6,$,$,#188,#190,$,.FINISH_START.,$);
#303=IFCRELSEQUENCE('fztx_LaHBZqTx58$5FHrOL',#6,$,$,#190,#192,$,.FINISH_START.,$);
#304=IFCRELSEQUENCE('6L_rzBWtjhnLQZd1uTzN2T',#6,$,$,#192,#194,$,.FINISH_START.,$);
#305=IFCRELSEQUENCE('G9yr3BGN_NYN7DbHQdWd5F',#6,$,$,#152,#196,$,.FINISH_START.,$);
#306=IFCRELSEQUENCE('KbxFH59fO73vg9KlexgTdv',#6,$,$,#196,#198,$,.FINISH_START.,$);
#307=IFCRELSEQUENCE('STmP3PB1uXQVgrQ1oDwJkr',#6,$,$,#198,#200,$,.FINISH_START.,$);
#308=IFCRELSEQUENCE('q9QNirHP7ZSr4fO1TX$xLt',#6,$,$,#200,#202,$,.FINISH_START.,$);
#309=IFCRELSEQUENCE('HtyBnLLHt1Vb1hMHQ7CpKJ',#6,$,$,#156,#164,$,.START_START.,$);
#310=IFCRELSEQUENCE('VZe$cNOvu1sTXF3ny7qb7x',#6,$,$,#162,#206,$,.FINISH_START.,$);
#311=IFCRELSEQUENCE('mtC5wT09brdJwJt1KX5lVv',#6,$,$,#160,#206,$,.FINISH_START.,$);
#312=IFCRELSEQUENCE('wl396ZePvzWlDnd$qHLl1t',#6,$,$,#170,#208,$,.FINISH_START.,$);
#313=IFCRELSEQUENCE('mN09Qfe7yHjNn7kFC3unzr',#6,$,$,#168,#208,$,.FINISH_START.,$);
#314=IFCRELSEQUENCE('OZ3tcjIHVPV3TLUFprxVOT',#6,$,$,#178,#210,$,.FINISH_START.,$);
#315=IFCRELSEQUENCE('FLR1E$cvmZyLwXP$3H9Bi1',#6,$,$,#176,#210,$,.FINISH_START.,$);
#316=IFCRELSEQUENCE('fTJ7VjEHv9ATdzJlL7SzJ1',#6,$,$,#186,#212,$,.FINISH_START.,$);
#317=IFCRELSEQUENCE('4p2XSp2fgvLH7pTnIzWdtH',#6,$,$,#184,#212,$,.FINISH_START.,$);
#318=IFCRELSEQUENCE('e5ibGNWtzZ2b9Nu1YvOlVd',#6,$,$,#194,#214,$,.FINISH_START.,$);
#319=IFCRELSEQUENCE('5nF5QJQXfxPrGh_nLTJvdL',#6,$,$,#192,#214,$,.FINISH_START.,$);
#320=IFCRELSEQUENCE('fdWf8J3lv387AdYX$X1xrP',#6,$,$,#202,#216,$,.FINISH_START.,$);
#321=IFCRELSEQUENCE('N3nDzPbX917DmhEnc3$xpp',#6,$,$,#200,#216,$,.FINISH_START.,$);
#322=IFCRELSEQUENCE('oLR$wPg1MbJNDHBFJRvbFX',#6,$,$,#206,#218,$,.FINISH_START.,$);
#323=IFCRELSEQUENCE('xH39gb5XfRptlZjnR1FZFx',#6,$,$,#208,#218,$,.FINISH_START.,$);
#324=IFCRELSEQUENCE('hviRexktVvRXMtyFxlxViD',#6,$,$,#210,#218,$,.FINISH_START.,$);
#325=IFCRELSEQUENCE('c$1ZOzRFk$tzPlzH2xz9qT',#6,$,$,#212,#218,$,.FINISH_START.,$);
#326=IFCRELSEQUENCE('1pEnb1FvANhlpFFXR$H37b',#6,$,$,#214,#218,$,.FINISH_START.,$);
#327=IFCRELSEQUENCE('4lD7FBP9zTsTZNWVbxcpyr',#6,$,$,#216,#218,$,.FINISH_START.,$);
#328=IFCCREWRESOURCE('MTh16za$ox1Z55u$rNYLAZ',#6,'Metselploeg','Overkoepelende metselploeg (schuift door per woning)',$,$,$,$,.USERDEFINED.);
#329=IFCLABORRESOURCE('ypEn1TuvYv0FNds$PF$xDD',#6,'Metselaars',$,$,$,$,$,.USERDEFINED.);
#330=IFCLABORRESOURCE('vnPzct4H5nNx37wHDdyhob',#6,'Timmerlieden',$,$,$,$,$,.USERDEFINED.);
#331=IFCLABORRESOURCE('yFVL9ZHPlVUNP3BnzDER19',#6,'Installateurs',$,$,$,$,$,.USERDEFINED.);
#332=IFCLABORRESOURCE('tjpvfny$Wx1ZHNyl$V7DKp',#6,'Stukadoors',$,$,$,$,$,.USERDEFINED.);
#333=IFCLABORRESOURCE('4lDvZbUn_Nsl3PYXRVbnht',#6,'Schilders',$,$,$,$,$,.USERDEFINED.);
#334=IFCCONSTRUCTIONMATERIALRESOURCE('hZJvfnS1_fkPaPIV_bNhQn',#6,'Beton C20/25',$,$,$,$,$,.USERDEFINED.);
#335=IFCPROPERTYSINGLEVALUE('MaxUnits',$,IFCREAL(6),$);
#336=IFCPROPERTYSINGLEVALUE('CostPerHour',$,IFCMONETARYMEASURE(46),$);
#337=IFCPROPERTYSINGLEVALUE('ParentGuid',$,IFCTEXT('MTh16za$ox1Z55u$rNYLAZ'),$);
#338=IFCPROPERTYSET('OzVzYf9fkBFLELwHf9I1A7',#6,'OPS_Resource',$,(#335,#336,#337));
#339=IFCRELDEFINESBYPROPERTIES('$lXLnFpVfFPrqh_FLZLlHn',#6,$,$,(#329),#338);
#340=IFCPROPERTYSINGLEVALUE('MaxUnits',$,IFCREAL(2),$);
#341=IFCPROPERTYSINGLEVALUE('CostPerHour',$,IFCMONETARYMEASURE(45),$);
#342=IFCPROPERTYSET('DvIlV9qnq7WHRBUVtZ3Nkv',#6,'OPS_Resource',$,(#340,#341));
#343=IFCRELDEFINESBYPROPERTIES('qh39wP_nOPvLARe$ip6Jgt',#6,$,$,(#330),#342);
#344=IFCPROPERTYSINGLEVALUE('MaxUnits',$,IFCREAL(4),$);
#345=IFCPROPERTYSINGLEVALUE('CostPerHour',$,IFCMONETARYMEASURE(48),$);
#346=IFCPROPERTYSET('GPobGNOPp5tbD3DlbbMfAZ',#6,'OPS_Resource',$,(#344,#345));
#347=IFCRELDEFINESBYPROPERTIES('tJJd1dYnQVQVMNmVwphVCZ',#6,$,$,(#331),#346);
#348=IFCPROPERTYSINGLEVALUE('MaxUnits',$,IFCREAL(2),$);
#349=IFCPROPERTYSINGLEVALUE('CostPerHour',$,IFCMONETARYMEASURE(42),$);
#350=IFCPROPERTYSET('BfsTCPJFKDePy9anPnlBKj',#6,'OPS_Resource',$,(#348,#349));
#351=IFCRELDEFINESBYPROPERTIES('ErP3cpkt7ZSjwJt1Sb1JUn',#6,$,$,(#332),#350);
#352=IFCPROPERTYSINGLEVALUE('MaxUnits',$,IFCREAL(8),$);
#353=IFCPROPERTYSINGLEVALUE('CostPerHour',$,IFCMONETARYMEASURE(38),$);
#354=IFCPROPERTYSET('mvwtYxsPpbrFLfaHlLNTbX',#6,'OPS_Resource',$,(#352,#353));
#355=IFCRELDEFINESBYPROPERTIES('9pP3_LCF8f3NbhonsbwdJz',#6,$,$,(#333),#354);
#356=IFCPROPERTYSINGLEVALUE('MaxUnits',$,IFCREAL(999),$);
#357=IFCPROPERTYSINGLEVALUE('UnitOfMeasure',$,IFCLABEL('m³'),$);
#358=IFCPROPERTYSET('N7az_7VdJrzNpFXXiJcvbx',#6,'OPS_Resource',$,(#356,#357));
#359=IFCRELDEFINESBYPROPERTIES('mdATWX5VNRhlzvQlDBzfMp',#6,$,$,(#334),#358);
#360=IFCRELNESTS('mdAZ43iVP7Od0zxnIVdjgD',#6,'Ploeg Metselploeg',$,#328,(#329));
#361=IFCTIMEPERIOD('07:00:00','16:00:00');
#362=IFCRECURRENCEPATTERN(.WEEKLY.,$,(1,2,3,4),$,$,$,$,(#361));
#363=IFCWORKTIME('Standaard werkweek',.PREDICTED.,$,#362,$,$);
#364=IFCWORKTIME('Nieuwjaar',.PREDICTED.,$,$,'2027-01-01','2027-01-01');
#365=IFCWORKTIME('Goede Vrijdag',.PREDICTED.,$,$,'2027-03-26','2027-03-26');
#366=IFCWORKTIME('Pasen',.PREDICTED.,$,$,'2027-03-28','2027-03-29');
#367=IFCWORKTIME('Koningsdag',.PREDICTED.,$,$,'2027-04-27','2027-04-27');
#368=IFCWORKTIME('Bevrijdingsdag',.PREDICTED.,$,$,'2027-05-05','2027-05-05');
#369=IFCWORKTIME('Hemelvaart',.PREDICTED.,$,$,'2027-05-06','2027-05-06');
#370=IFCWORKTIME('Pinksteren',.PREDICTED.,$,$,'2027-05-16','2027-05-17');
#371=IFCWORKTIME('Kerst',.PREDICTED.,$,$,'2027-12-25','2027-12-26');
#372=IFCWORKTIME('Bouwvak (regio Noord)',.PREDICTED.,$,$,'2027-07-26','2027-08-15');
#373=IFCWORKTIME('Nieuwjaar',.PREDICTED.,$,$,'2028-01-01','2028-01-01');
#374=IFCWORKTIME('Goede Vrijdag',.PREDICTED.,$,$,'2028-04-14','2028-04-14');
#375=IFCWORKTIME('Pasen',.PREDICTED.,$,$,'2028-04-16','2028-04-17');
#376=IFCWORKTIME('Koningsdag',.PREDICTED.,$,$,'2028-04-27','2028-04-27');
#377=IFCWORKTIME('Bevrijdingsdag',.PREDICTED.,$,$,'2028-05-05','2028-05-05');
#378=IFCWORKTIME('Hemelvaart',.PREDICTED.,$,$,'2028-05-25','2028-05-25');
#379=IFCWORKTIME('Pinksteren',.PREDICTED.,$,$,'2028-06-04','2028-06-05');
#380=IFCWORKTIME('Kerst',.PREDICTED.,$,$,'2028-12-25','2028-12-26');
#381=IFCWORKTIME('Bouwvak (regio Noord)',.PREDICTED.,$,$,'2028-07-24','2028-08-13');
#382=IFCWORKCALENDAR('ORGdhjwXVbDtR$FVjbNL2T',#6,'Metselploeg 4-daagse week','Ma-do',$,(#363),(#364,#365,#366,#367,#368,#369,#370,#371,#372,#373,#374,#375,#376,#377,#378,#379,#380,#381),.FIRSTSHIFT.);
#383=IFCRELASSIGNSTOCONTROL('qBXh1d6Xpd1TN54HPBa35L',#6,$,$,(#328),$,#382);
#384=IFCRELASSIGNSTOPROCESS('MPWNGtqF4ntRR$v$ojQv$9',#6,$,$,(#334),$,#58,$);
#385=IFCRELASSIGNSTOPROCESS('dRunzhCV5lJfLTblwJd5LN',#6,$,$,(#334),$,#60,$);
#386=IFCRELASSIGNSTOPROCESS('nd_rzBmNsNTtb1f$LviJEt',#6,$,$,(#329),$,#66,$);
#387=IFCRELASSIGNSTOPROCESS('yjAT4T8dt1VR9tinczfTR$',#6,$,$,(#329),$,#70,$);
#388=IFCRELASSIGNSTOPROCESS('S$HjvPh12TyDulnXTZ4TRV',#6,$,$,(#330),$,#72,$);
#389=IFCRELASSIGNSTOPROCESS('WVBXaFinIrHBi1zFKjI$_z',#6,$,$,(#329),$,#74,$);
#390=IFCRELASSIGNSTOPROCESS('2DsvJ3LHv9sT$XjlZZqb3d',#6,$,$,(#329),$,#78,$);
#391=IFCRELASSIGNSTOPROCESS('FLjPBzCFGTC59L2FZVNTfV',#6,$,$,(#330),$,#80,$);
#392=IFCRELASSIGNSTOPROCESS('2HHbe5Q7u1cDute$q3G9Kj',#6,$,$,(#329),$,#82,$);
#393=IFCRELASSIGNSTOPROCESS('GdcJHxvtNHjNlN4n7xAzJ1',#6,$,$,(#329),$,#86,$);
#394=IFCRELASSIGNSTOPROCESS('6HR12LCXPJUxdzDlBpJ7hj',#6,$,$,(#330),$,#88,$);
#395=IFCRELASSIGNSTOPROCESS('4HR1UfX7GZypGLclTZKJIB',#6,$,$,(#329),$,#90,$);
#396=IFCRELASSIGNSTOPROCESS('cXh$2hiFUJg3tfmXiD6J6X',#6,$,$,(#329),$,#94,$);
#397=IFCRELASSIGNSTOPROCESS('IxFD7hiXfHZdqnXXuTjvpF',#6,$,$,(#330),$,#96,$);
#398=IFCRELASSIGNSTOPROCESS('WXL$_7l781or8filKJ_HvR',#6,$,$,(#329),$,#98,$);
#399=IFCRELASSIGNSTOPROCESS('lxX32BWth7mXgBM1TZqp8R',#6,$,$,(#329),$,#102,$);
#400=IFCRELASSIGNSTOPROCESS('2H$r9X6Vrzuf1VxnQZLHnX',#6,$,$,(#330),$,#104,$);
#401=IFCRELASSIGNSTOPROCESS('gTbHT9Z$g5Nx9LAHeRk$Et',#6,$,$,(#329),$,#106,$);
#402=IFCRELASSIGNSTOPROCESS('lx7rr7UNK9gzTh_nv$tBCn',#6,$,$,(#329),$,#110,$);
#403=IFCRELASSIGNSTOPROCESS('TZ09M5n7obJNnv_FdHR1QH',#6,$,$,(#330),$,#112,$);
#404=IFCRELASSIGNSTOPROCESS('2Fb$sLDXX51ZDnFXXHlzV7',#6,$,$,(#331),$,#118,$);
#405=IFCRELASSIGNSTOPROCESS('Xza3Ythld7GVUfSnpdqp8J',#6,$,$,(#331),$,#120,$);
#406=IFCRELASSIGNSTOPROCESS('aTunBvsP3ZATvDbHkTqD0f',#6,$,$,(#331),$,#124,$);
#407=IFCRELASSIGNSTOPROCESS('nB9D379NKDmVEXDlfNAzN3',#6,$,$,(#331),$,#126,$);
#408=IFCRELASSIGNSTOPROCESS('_nBn7dDnANTtjJVVMnHByv',#6,$,$,(#331),$,#130,$);
#409=IFCRELASSIGNSTOPROCESS('5BA7JzZ1wzo7sx4FdhGNEt',#6,$,$,(#331),$,#132,$);
#410=IFCRELASSIGNSTOPROCESS('$lXL3Ph1sNzfn7knqzmfgN',#6,$,$,(#331),$,#136,$);
#411=IFCRELASSIGNSTOPROCESS('xlTfezZ$sr5XQFFVxF7D4h',#6,$,$,(#331),$,#138,$);
#412=IFCRELASSIGNSTOPROCESS('ohLlH179vtY5zvsla5DPDJ',#6,$,$,(#331),$,#142,$);
#413=IFCRELASSIGNSTOPROCESS('_J2rzB8PzFqxpHjH9zlrqH',#6,$,$,(#331),$,#144,$);
#414=IFCRELASSIGNSTOPROCESS('S1FpDFalBZaJUT3nG$hl3P',#6,$,$,(#331),$,#148,$);
#415=IFCRELASSIGNSTOPROCESS('R$HJr7I9JBxXQHBn1XVRrT',#6,$,$,(#331),$,#150,$);
#416=IFCRELASSIGNSTOPROCESS('8pXLtzDXpvrnXbKlurqbTt',#6,$,$,(#332),$,#156,$);
#417=IFCRELASSIGNSTOPROCESS('TTO1_h4Hr9kLclzlQvS3HH',#6,$,$,(#333),$,#162,$);
#418=IFCRELASSIGNSTOPROCESS('JxVz2PpFERhlrjbFyrjv7x',#6,$,$,(#332),$,#164,$);
#419=IFCRELASSIGNSTOPROCESS('7F1r9$ktPpkdqFVV0dyTDj',#6,$,$,(#333),$,#170,$);
#420=IFCRELASSIGNSTOPROCESS('8B6t_vd9DbJNz7onI$zN_Z',#6,$,$,(#332),$,#172,$);
#421=IFCRELASSIGNSTOPROCESS('8h2rppNfYJwJ_PEXqlR$Yn',#6,$,$,(#333),$,#178,$);
#422=IFCRELASSIGNSTOPROCESS('4Hz9g$H7iNo7wDZFwNs3dr',#6,$,$,(#332),$,#180,$);
#423=IFCRELASSIGNSTOPROCESS('ovMPB3ylLvGV2vglIXnLkL',#6,$,$,(#333),$,#186,$);
#424=IFCRELASSIGNSTOPROCESS('MvKb8JB$SLFhohslmnDdN1',#6,$,$,(#332),$,#188,$);
#425=IFCRELASSIGNSTOPROCESS('AtIld5Ufe7z7w$ZnMrqR9j',#6,$,$,(#333),$,#194,$);
#426=IFCRELASSIGNSTOPROCESS('XT09gRpF23WHT94nv5obLp',#6,$,$,(#332),$,#196,$);
#427=IFCRELASSIGNSTOPROCESS('BtcfeRolV5np49ingnfZ$p',#6,$,$,(#333),$,#202,$);
#428=IFCPROPERTYSINGLEVALUE('hZJvfnS1_fkPaPIV_bNhQn#0',$,IFCTEXT('60|FRONT_LOADED'),$);
#429=IFCPROPERTYSET('1jkxY9Blhve9TLsHaNYhch',#6,'OPS_Assignments',$,(#428));
#430=IFCRELDEFINESBYPROPERTIES('6lrnt$MPZ1_RPFt13HvbHl',#6,$,$,(#58),#429);
#431=IFCPROPERTYSINGLEVALUE('hZJvfnS1_fkPaPIV_bNhQn#0',$,IFCTEXT('50|FRONT_LOADED'),$);
#432=IFCPROPERTYSET('_nb1Anrl73etnDXXyLvpCH',#6,'OPS_Assignments',$,(#431));
#433=IFCRELDEFINESBYPROPERTIES('9Jp7H5$Pnz2tv1LlT$jvV7',#6,$,$,(#60),#432);
#434=IFCPROPERTYSINGLEVALUE('ypEn1TuvYv0FNds$PF$xDD#0',$,IFCTEXT('2|UNIFORM'),$);
#435=IFCPROPERTYSET('cxSLlXB1y59bvVt$uZrnDj',#6,'OPS_Assignments',$,(#434));
#436=IFCRELDEFINESBYPROPERTIES('VVj7JzLHT$IL2dw1K1$JQh',#6,$,$,(#66),#435);
#437=IFCPROPERTYSINGLEVALUE('ypEn1TuvYv0FNds$PF$xDD#0',$,IFCTEXT('2|UNIFORM'),$);
#438=IFCPROPERTYSET('R17rl5fNsfDdWJnXjxxHXd',#6,'OPS_Assignments',$,(#437));
#439=IFCRELDEFINESBYPROPERTIES('Kb5nTbs$8tFhMrUVv5_ryv',#6,$,$,(#70),#438);
#440=IFCPROPERTYSINGLEVALUE('vnPzct4H5nNx37wHDdyhob#0',$,IFCTEXT('2|UNIFORM'),$);
#441=IFCPROPERTYSET('DBXLTtz$4RJNthMHYhFLYn',#6,'OPS_Assignments',$,(#440));
#442=IFCRELDEFINESBYPROPERTIES('iv4rpJh1wZQpu90XfJP5h9',#6,$,$,(#72),#441);
#443=IFCPROPERTYSINGLEVALUE('ypEn1TuvYv0FNds$PF$xDD#0',$,IFCTEXT('2|UNIFORM'),$);
#444=IFCPROPERTYSET('9jzt_vVPZpufd3LnrpLVqF',#6,'OPS_Assignments',$,(#443));
#445=IFCRELDEFINESBYPROPERTIES('GfWfKtLlPPiRlz$VuhOXaR',#6,$,$,(#74),#444);
#446=IFCPROPERTYSINGLEVALUE('ypEn1TuvYv0FNds$PF$xDD#0',$,IFCTEXT('2|UNIFORM'),$);
#447=IFCPROPERTYSET('dVz9_Lal3HWHhTLlnRd5n5',#6,'OPS_Assignments',$,(#446));
#448=IFCRELDEFINESBYPROPERTIES('I5X3gR3lLdyLo1lXzHVpqn',#6,$,$,(#78),#447);
#449=IFCPROPERTYSINGLEVALUE('vnPzct4H5nNx37wHDdyhob#0',$,IFCTEXT('2|UNIFORM'),$);
#450=IFCPROPERTYSET('8B_X4TGf2T4hgLwHPFVRtj',#6,'OPS_Assignments',$,(#449));
#451=IFCRELDEFINESBYPROPERTIES('1jULRxFvcXYfDljllveln1',#6,$,$,(#80),#450);
#452=IFCPROPERTYSINGLEVALUE('ypEn1TuvYv0FNds$PF$xDD#0',$,IFCTEXT('2|UNIFORM'),$);
#453=IFCPROPERTYSET('LznDZNffCvO9tN8$sxkxT5',#6,'OPS_Assignments',$,(#452));
#454=IFCRELDEFINESBYPROPERTIES('EP_rdfXvqdyDuHlXDdyhgp',#6,$,$,(#82),#453);
#455=IFCPROPERTYSINGLEVALUE('ypEn1TuvYv0FNds$PF$xDD#0',$,IFCTEXT('2|UNIFORM'),$);
#456=IFCPROPERTYSET('PbOHVfePf5FpqFv$_btrC3',#6,'OPS_Assignments',$,(#455));
#457=IFCRELDEFINESBYPROPERTIES('WVxFj331ahFLQTXVqn7pOL',#6,$,$,(#86),#456);
#458=IFCPROPERTYSINGLEVALUE('vnPzct4H5nNx37wHDdyhob#0',$,IFCTEXT('2|UNIFORM'),$);
#459=IFCPROPERTYSET('HRZNifFPnZwjEXbn0vOHZf',#6,'OPS_Assignments',$,(#458));
#460=IFCRELDEFINESBYPROPERTIES('stY1_dpFwHO9FJhF$TSzF1',#6,$,$,(#88),#459);
#461=IFCPROPERTYSINGLEVALUE('ypEn1TuvYv0FNds$PF$xDD#0',$,IFCTEXT('2|UNIFORM'),$);
#462=IFCPROPERTYSET('JRTf0n5nGJg3fds1xL0vlH',#6,'OPS_Assignments',$,(#461));
#463=IFCRELDEFINESBYPROPERTIES('CtwtMVDF23WHRBc1Uhdjg9',#6,$,$,(#90),#462);
#464=IFCPROPERTYSINGLEVALUE('ypEn1TuvYv0FNds$PF$xDD#0',$,IFCTEXT('2|UNIFORM'),$);
#465=IFCPROPERTYSET('nhTfCxVPZJypmL_nDPCRrT',#6,'OPS_Assignments',$,(#464));
#466=IFCRELDEFINESBYPROPERTIES('gd09ABHPpbZdSDN$ldS3b5',#6,$,$,(#94),#465);
#467=IFCPROPERTYSINGLEVALUE('vnPzct4H5nNx37wHDdyhob#0',$,IFCTEXT('2|UNIFORM'),$);
#468=IFCPROPERTYSET('NvaL3PJFGJsZPzbn8zXRNZ',#6,'OPS_Assignments',$,(#467));
#469=IFCRELDEFINESBYPROPERTIES('Y3ahtT1v6l0FpzRniDwJsZ',#6,$,$,(#96),#468);
#470=IFCPROPERTYSINGLEVALUE('ypEn1TuvYv0FNds$PF$xDD#0',$,IFCTEXT('2|UNIFORM'),$);
#471=IFCPROPERTYSET('tjTfuhSHLjQDmhsHSb7R5L',#6,'OPS_Assignments',$,(#470));
#472=IFCRELDEFINESBYPROPERTIES('GN0tYRYnYDsH3PkXcZBFnx',#6,$,$,(#98),#471);
#473=IFCPROPERTYSINGLEVALUE('ypEn1TuvYv0FNds$PF$xDD#0',$,IFCTEXT('2|UNIFORM'),$);
#474=IFCPROPERTYSET('eR09o3RFkXhHh391eJVp4B',#6,'OPS_Assignments',$,(#473));
#475=IFCRELDEFINESBYPROPERTIES('VZ09_v$dbB7DSPw1i1FZTx',#6,$,$,(#102),#474);
#476=IFCPROPERTYSINGLEVALUE('vnPzct4H5nNx37wHDdyhob#0',$,IFCTEXT('2|UNIFORM'),$);
#477=IFCPROPERTYSET('L31Z0Fz$qPKRR1$V2RfhEf',#6,'OPS_Assignments',$,(#476));
#478=IFCRELDEFINESBYPROPERTIES('EdkxsHV7ufxX_jLnrpbFN1',#6,$,$,(#104),#477);
#479=IFCPROPERTYSINGLEVALUE('ypEn1TuvYv0FNds$PF$xDD#0',$,IFCTEXT('2|UNIFORM'),$);
#480=IFCPROPERTYSET('jNGdPRM1srhHRrw1m1Z9m1',#6,'OPS_Assignments',$,(#479));
#481=IFCRELDEFINESBYPROPERTIES('cRmdplO7yFljsR0Vv5Azpn',#6,$,$,(#106),#480);
#482=IFCPROPERTYSINGLEVALUE('ypEn1TuvYv0FNds$PF$xDD#0',$,IFCTEXT('2|UNIFORM'),$);
#483=IFCPROPERTYSET('ORO16dg1E59b$BIXQZDd1j',#6,'OPS_Assignments',$,(#482));
#484=IFCRELDEFINESBYPROPERTIES('XZO$shRngbx1yz91epRFHr',#6,$,$,(#110),#483);
#485=IFCPROPERTYSINGLEVALUE('vnPzct4H5nNx37wHDdyhob#0',$,IFCTEXT('2|UNIFORM'),$);
#486=IFCPROPERTYSET('wHjP$vMdPvG$qLoFgLWdf1',#6,'OPS_Assignments',$,(#485));
#487=IFCRELDEFINESBYPROPERTIES('DhhHjXM1Ebx14T5l8zVRhD',#6,$,$,(#112),#486);
#488=IFCPROPERTYSINGLEVALUE('yFVL9ZHPlVUNP3BnzDER19#0',$,IFCTEXT('1|UNIFORM'),$);
#489=IFCPROPERTYSET('LTZfexEtT1U5vpZnYhNTPP',#6,'OPS_Assignments',$,(#488));
#490=IFCRELDEFINESBYPROPERTIES('o7Y1YRwV91XRRXplrj7Rpn',#6,$,$,(#118),#489);
#491=IFCPROPERTYSINGLEVALUE('yFVL9ZHPlVUNP3BnzDER19#0',$,IFCTEXT('1|UNIFORM'),$);
#492=IFCPROPERTYSET('8DtDtZ17MPPr03xnUr5VmH',#6,'OPS_Assignments',$,(#491));
#493=IFCRELDEFINESBYPROPERTIES('FBn5w7QvCzsHZ9ClYPCpm$',#6,$,$,(#120),#492);
#494=IFCPROPERTYSINGLEVALUE('yFVL9ZHPlVUNP3BnzDER19#0',$,IFCTEXT('1|UNIFORM'),$);
#495=IFCPROPERTYSET('5Hpv5l7tvNcVMh_n7XZfox',#6,'OPS_Assignments',$,(#494));
#496=IFCRELDEFINESBYPROPERTIES('qhpvNHWtXP9RjJHV5BSz$f',#6,$,$,(#124),#495);
#497=IFCPROPERTYSINGLEVALUE('yFVL9ZHPlVUNP3BnzDER19#0',$,IFCTEXT('1|UNIFORM'),$);
#498=IFCPROPERTYSET('uhsZC7HvqPi3R1$Xwjl3nX',#6,'OPS_Assignments',$,(#497));
#499=IFCRELDEFINESBYPROPERTIES('1pgPDFyHfbjNdT$Vgh81Ih',#6,$,$,(#126),#498);
#500=IFCPROPERTYSINGLEVALUE('yFVL9ZHPlVUNP3BnzDER19#0',$,IFCTEXT('1|UNIFORM'),$);
#501=IFCPROPERTYSET('hTpP5BndP70nzRe$1zWdhf',#6,'OPS_Assignments',$,(#500));
#502=IFCRELDEFINESBYPROPERTIES('ovEF5Hd9$NDdmLEF6ppdb1',#6,$,$,(#130),#501);
#503=IFCPROPERTYSINGLEVALUE('yFVL9ZHPlVUNP3BnzDER19#0',$,IFCTEXT('1|UNIFORM'),$);
#504=IFCPROPERTYSET('aVh1g1lvu9FhAvgHIZqRPr',#6,'OPS_Assignments',$,(#503));
#505=IFCRELDEFINESBYPROPERTIES('L3VzAhBlb1tzBv6lNfQpmF',#6,$,$,(#132),#504);
#506=IFCPROPERTYSINGLEVALUE('yFVL9ZHPlVUNP3BnzDER19#0',$,IFCTEXT('1|UNIFORM'),$);
#507=IFCPROPERTYSET('gTh$wd2FCTErmRe$K$tryh',#6,'OPS_Assignments',$,(#506));
#508=IFCRELDEFINESBYPROPERTIES('F72VuhaHTV297$xlK$tB8p',#6,$,$,(#136),#507);
#509=IFCPROPERTYSINGLEVALUE('yFVL9ZHPlVUNP3BnzDER19#0',$,IFCTEXT('1|UNIFORM'),$);
#510=IFCPROPERTYSET('kxnphDAPrfw$uF3nKXDPNV',#6,'OPS_Assignments',$,(#509));
#511=IFCRELDEFINESBYPROPERTIES('BfobuLCXTJyhARGV_tQvZf',#6,$,$,(#138),#510);
#512=IFCPROPERTYSINGLEVALUE('yFVL9ZHPlVUNP3BnzDER19#0',$,IFCTEXT('1|UNIFORM'),$);
#513=IFCPROPERTYSET('tfcJh9yHNRRX_DlVL3dJ6b',#6,'OPS_Assignments',$,(#512));
#514=IFCRELDEFINESBYPROPERTIES('_DIl$dIHxn1Zthcljb$J2V',#6,$,$,(#142),#513);
#515=IFCPROPERTYSINGLEVALUE('yFVL9ZHPlVUNP3BnzDER19#0',$,IFCTEXT('1|UNIFORM'),$);
#516=IFCPROPERTYSET('P1t5kjB1CTgzV5O$h3VbpH',#6,'OPS_Assignments',$,(#515));
#517=IFCRELDEFINESBYPROPERTIES('kRz9ABX74nFDSJhFhTLH75',#6,$,$,(#144),#516);
#518=IFCPROPERTYSINGLEVALUE('yFVL9ZHPlVUNP3BnzDER19#0',$,IFCTEXT('1|UNIFORM'),$);
#519=IFCPROPERTYSET('pB$rpD$dbLJv_vsHmX$xv9',#6,'OPS_Assignments',$,(#518));
#520=IFCRELDEFINESBYPROPERTIES('KvSLZffNqv8fFdkXQZb1kr',#6,$,$,(#148),#519);
#521=IFCPROPERTYSINGLEVALUE('yFVL9ZHPlVUNP3BnzDER19#0',$,IFCTEXT('1|UNIFORM'),$);
#522=IFCPROPERTYSET('ELJd93hHNFN5LzHXPF$5F5',#6,'OPS_Assignments',$,(#521));
#523=IFCRELDEFINESBYPROPERTIES('hd8nfnS1gdtRhfiFkZqp0t',#6,$,$,(#150),#522);
#524=IFCPROPERTYSINGLEVALUE('tjpvfny$Wx1ZHNyl$V7DKp#0',$,IFCTEXT('2|UNIFORM'),$);
#525=IFCPROPERTYSET('Fv2VuB8vcpWlT9inwpRnF5',#6,'OPS_Assignments',$,(#524));
#526=IFCRELDEFINESBYPROPERTIES('uhsTKLZ$ExFDSpN$vRAtOT',#6,$,$,(#156),#525);
#527=IFCPROPERTYSINGLEVALUE('4lDvZbUn_Nsl3PYXRVbnht#0',$,IFCTEXT('2|BACK_LOADED'),$);
#528=IFCPROPERTYSET('wlhlRRr$uNLHJ$JnRVpPT5',#6,'OPS_Assignments',$,(#527));
#529=IFCRELDEFINESBYPROPERTIES('phz9AB1vIrfTXH7$rNA3NT',#6,$,$,(#162),#528);
#530=IFCPROPERTYSINGLEVALUE('tjpvfny$Wx1ZHNyl$V7DKp#0',$,IFCTEXT('2|UNIFORM'),$);
#531=IFCPROPERTYSET('MP09QDI9rNQV27kFSN_rG1',#6,'OPS_Assignments',$,(#530));
#532=IFCRELDEFINESBYPROPERTIES('ZZe$6vUfmpgF$rUVj5j7B3',#6,$,$,(#164),#531);
#533=IFCPROPERTYSINGLEVALUE('4lDvZbUn_Nsl3PYXRVbnht#0',$,IFCTEXT('2|FRONT_LOADED'),$);
#534=IFCPROPERTYSET('Gdk5IHu7wlePe1XX83tzHn',#6,'OPS_Assignments',$,(#533));
#535=IFCRELDEFINESBYPROPERTIES('99U$EzhHFzAllN4nfJnZh9',#6,$,$,(#170),#534);
#536=IFCPROPERTYSINGLEVALUE('tjpvfny$Wx1ZHNyl$V7DKp#0',$,IFCTEXT('2|UNIFORM'),$);
#537=IFCPROPERTYSET('XXRlnFBH$9dJAxyH7xwJgf',#6,'OPS_Assignments',$,(#536));
#538=IFCRELDEFINESBYPROPERTIES('OzFpR5NNAfhlxxe$abXpSN',#6,$,$,(#172),#537);
#539=IFCPROPERTYSINGLEVALUE('4lDvZbUn_Nsl3PYXRVbnht#0',$,IFCTEXT('2|UNIFORM'),$);
#540=IFCPROPERTYSET('X$1Te56vwHedWjFXJbVD0t',#6,'OPS_Assignments',$,(#539));
#541=IFCRELDEFINESBYPROPERTIES('eZpdvBu7on7hAR0VZzu12Z',#6,$,$,(#178),#540);
#542=IFCPROPERTYSINGLEVALUE('tjpvfny$Wx1ZHNyl$V7DKp#0',$,IFCTEXT('2|UNIFORM'),$);
#543=IFCPROPERTYSET('Jb5njZ79Z$kLgrs$97yZpp',#6,'OPS_Assignments',$,(#542));
#544=IFCRELDEFINESBYPROPERTIES('C9IlB3qFyn9bPHLn9dmNkh',#6,$,$,(#180),#543);
#545=IFCPROPERTYSINGLEVALUE('4lDvZbUn_Nsl3PYXRVbnht#0',$,IFCTEXT('2|BACK_LOADED'),$);
#546=IFCPROPERTYSET('bxS3QDUfq7m$GLQlF9AtGH',#6,'OPS_Assignments',$,(#545));
#547=IFCRELDEFINESBYPROPERTIES('Y11ZeTfNqzYNXHlXdFFhAZ',#6,$,$,(#186),#546);
#548=IFCPROPERTYSINGLEVALUE('tjpvfny$Wx1ZHNyl$V7DKp#0',$,IFCTEXT('2|UNIFORM'),$);
#549=IFCPROPERTYSET('1pIH5L5Fq7WlXnDnJfoR7R',#6,'OPS_Assignments',$,(#548));
#550=IFCRELDEFINESBYPROPERTIES('wFfjFr9fIhDdSjTHy7aByP',#6,$,$,(#188),#549);
#551=IFCPROPERTYSINGLEVALUE('4lDvZbUn_Nsl3PYXRVbnht#0',$,IFCTEXT('2|FRONT_LOADED'),$);
#552=IFCPROPERTYSET('V3yBj3RnshFhAPkVkZi5h9',#6,'OPS_Assignments',$,(#551));
#553=IFCRELDEFINESBYPROPERTIES('Q1PLfJB$8VIPGhclVnDP5F',#6,$,$,(#194),#552);
#554=IFCPROPERTYSINGLEVALUE('tjpvfny$Wx1ZHNyl$V7DKp#0',$,IFCTEXT('2|UNIFORM'),$);
#555=IFCPROPERTYSET('8JLHnnpXD75$u9O1b5AzpF',#6,'OPS_Assignments',$,(#554));
#556=IFCRELDEFINESBYPROPERTIES('nhLHj$I9LPqxXHlVJfs3VP',#6,$,$,(#196),#555);
#557=IFCPROPERTYSINGLEVALUE('4lDvZbUn_Nsl3PYXRVbnht#0',$,IFCTEXT('2|UNIFORM'),$);
#558=IFCPROPERTYSET('UZOlbRJFOlWlP3BFL7yLUn',#6,'OPS_Assignments',$,(#557));
#559=IFCRELDEFINESBYPROPERTIES('b$lJ9$otvfkdO17$MhGNgj',#6,$,$,(#202),#558);
#560=IFCRELASSIGNSTOCONTROL('rDVhNjbXHjyDCF$VkTSruD',#6,$,$,(#42,#44,#46,#48,#50,#52,#54,#56,#58,#60,#62,#64,#66,#68,#70,#72,#74,#76,#78,#80,#82,#84,#86,#88,#90,#92,#94,#96,#98,#100,#102,#104,#106,#108,#110,#112,#114,#116,#118,#120,#122,#124,#126,#128,#130,#132,#134,#136,#138,#140,#142,#144,#146,#148,#150,#152,#154,#156,#158,#160,#162,#164,#166,#168,#170,#172,#174,#176,#178,#180,#182,#184,#186,#188,#190,#192,#194,#196,#198,#200,#202,#204,#206,#208,#210,#212,#214,#216,#218),$,#38);
#561=IFCPROPERTYSINGLEVALUE('wbsAutoNumber',$,IFCBOOLEAN(.T.),$);
#562=IFCPROPERTYSINGLEVALUE('StatusDate',$,IFCDATE('2027-05-20'),$);
#563=IFCPROPERTYSINGLEVALUE('ProjectStartDate',$,IFCDATE('2027-03-01'),$);
#564=IFCPROPERTYSINGLEVALUE('ProjectEndDate',$,$,$);
#565=IFCPROPERTYSINGLEVALUE('CreatedAt',$,IFCTEXT('2026-07-27T14:03:43.818Z'),$);
#566=IFCPROPERTYSINGLEVALUE('ModifiedAt',$,IFCTEXT('2026-07-27T14:03:44.352Z'),$);
#567=IFCPROPERTYSET('e5a3ArlP$tNZvpDF1ZK5n5',#6,'OPS_ProjectSettings',$,(#561,#562,#563,#564,#565,#566));
#568=IFCRELDEFINESBYPROPERTIES('0Hdzo1sPJhdjQlBF$1BF9l',#6,$,$,(#13),#567);
#569=IFCPROPERTYSINGLEVALUE('structure',$,IFCTEXT('{"activityCodeTypes":[{"id":"act-ms3as5l7fi7p74","name":"Woning","values":[{"code":"1","description":"Woning 1","id":"acv-ms3as5l7yxqe75"},{"code":"2","description":"Woning 2","id":"acv-ms3as5l82lre76"},{"code":"3","description":"Woning 3","id":"acv-ms3as5l80ivy77"},{"code":"4","description":"Woning 4","id":"acv-ms3as5l8tfid78"},{"code":"5","description":"Woning 5","id":"acv-ms3as5l9prgr79"},{"code":"6","description":"Woning 6","id":"acv-ms3as5l9am0e80"},{"code":"ALG","description":"Algemeen / terrein","color":"#6b7280","id":"acv-ms3as5l9zcfd81"}]},{"id":"act-ms3as5l95xnc82","name":"Discipline","values":[{"code":"RUW","description":"Ruwbouw","color":"#b45309","id":"acv-ms3as5l9dmnk83"},{"code":"INST","description":"Installaties","color":"#0891b2","id":"acv-ms3as5laggcg84"},{"code":"AFB","description":"Afbouw","color":"#7c3aed","id":"acv-ms3as5lang8d85"}]}],"customFieldDefs":[{"id":"cfd-ms3as5la6anb86","name":"Kostenraming","type":"cost"}]}'),$);
#570=IFCPROPERTYSET('d1lJfFqnq7WHJVnX3jMfA7',#6,'OPS_StructureMeta',$,(#569));
#571=IFCRELDEFINESBYPROPERTIES('$p_Xq51dhpYNtr61aNobxL',#6,$,$,(#13),#570);
#572=IFCSIMPLEPROPERTYTEMPLATE('UVDPjV_n8VYNRhQHTZa3bx',#6,'Kostenraming',$,.P_SINGLEVALUE.,'IfcMonetaryMeasure',$,$,$,$,$,$);
#573=IFCPROPERTYSETTEMPLATE('gv4T8LKngvJN55WVXp_rmX',#6,'OPS_CustomFields',$,.PSET_OCCURRENCEDRIVEN.,'IfcTask',(#572));
#574=IFCPROPERTYENUMERATION('Woning',(IFCLABEL('1'),IFCLABEL('2'),IFCLABEL('3'),IFCLABEL('4'),IFCLABEL('5'),IFCLABEL('6'),IFCLABEL('ALG')),$);
#575=IFCSIMPLEPROPERTYTEMPLATE('EP_BHRRXFZILghMlsRk1o9',#6,'Woning',$,.P_ENUMERATEDVALUE.,$,$,#574,$,$,$,$);
#576=IFCPROPERTYENUMERATION('Discipline',(IFCLABEL('RUW'),IFCLABEL('INST'),IFCLABEL('AFB')),$);
#577=IFCSIMPLEPROPERTYTEMPLATE('J5Ph3djFKpu7MNu1dLun5F',#6,'Discipline',$,.P_ENUMERATEDVALUE.,$,$,#576,$,$,$,$);
#578=IFCPROPERTYSETTEMPLATE('tJJd1dA$aLdjIl71vxYhUl',#6,'OPS_ActivityCodes',$,.PSET_OCCURRENCEDRIVEN.,'IfcTask',(#575,#577));
#579=IFCRELDECLARES('SXbHJ$I9R1lB4ZTn_bVpab',#6,$,$,#13,(#573,#578));
#580=IFCPROPERTYENUMERATEDVALUE('Woning',$,(IFCLABEL('ALG')),$);
#581=IFCPROPERTYSET('Y1FpT9hHrZi3JpbH2tk$kL',#6,'OPS_ActivityCodes',$,(#580));
#582=IFCRELDEFINESBYPROPERTIES('6rY$UtDXt1FhYznVbVJvrz',#6,$,$,(#42),#581);
#583=IFCPROPERTYENUMERATEDVALUE('Woning',$,(IFCLABEL('ALG')),$);
#584=IFCPROPERTYSET('5hYhNDn7gxfxrJLnv17bn1',#6,'OPS_ActivityCodes',$,(#583));
#585=IFCRELDEFINESBYPROPERTIES('JNe$6vktpbJflfiHKpgTtH',#6,$,$,(#44),#584);
#586=IFCPROPERTYENUMERATEDVALUE('Woning',$,(IFCLABEL('ALG')),$);
#587=IFCPROPERTYSET('Fdk5gRjFOPVzPlRFeDB1QH',#6,'OPS_ActivityCodes',$,(#586));
#588=IFCRELDEFINESBYPROPERTIES('9JrnTRwXDvx$4f8$MBiJcB',#6,$,$,(#46),#587);
#589=IFCPROPERTYENUMERATEDVALUE('Woning',$,(IFCLABEL('ALG')),$);
#590=IFCPROPERTYSET('U11ZCbzHb$XR3xCHAXhVWd',#6,'OPS_ActivityCodes',$,(#589));
#591=IFCRELDEFINESBYPROPERTIES('6BkHnlNfWb37cT7$gBiJgD',#6,$,$,(#48),#590);
#592=IFCPROPERTYENUMERATEDVALUE('Woning',$,(IFCLABEL('ALG')),$);
#593=IFCPROPERTYSET('P$t5wzS$QVYfzPw1a55lX7',#6,'OPS_ActivityCodes',$,(#592));
#594=IFCRELDEFINESBYPROPERTIES('$ps7rdwV3FK3DZP10PKjsz',#6,$,$,(#50),#593);
#595=IFCPROPERTYENUMERATEDVALUE('Woning',$,(IFCLABEL('ALG')),$);
#596=IFCPROPERTYSET('ZZmP$vk9ZJyhErc$s5_Byd',#6,'OPS_ActivityCodes',$,(#595));
#597=IFCRELDEFINESBYPROPERTIES('5HJdpFaHnZYxL3FVv5MZPv',#6,$,$,(#52),#596);
#598=IFCPROPERTYENUMERATEDVALUE('Woning',$,(IFCLABEL('ALG')),$);
#599=IFCPROPERTYSET('E72Xy1UfKJq5TtqFmFTfE5',#6,'OPS_ActivityCodes',$,(#598));
#600=IFCRELDEFINESBYPROPERTIES('Q5a3U5gPXbhH9rg$Tzmfgf',#6,$,$,(#54),#599);
#601=IFCPROPERTYENUMERATEDVALUE('Woning',$,(IFCLABEL('ALG')),$);
#602=IFCPROPERTYSET('$joRGf09ddaJcnP$ydeVGX',#6,'OPS_ActivityCodes',$,(#601));
#603=IFCRELDEFINESBYPROPERTIES('PXxnjzjV5ndB8nrlfJXDG$',#6,$,$,(#56),#602);
#604=IFCPROPERTYSINGLEVALUE('Kostenraming',$,IFCMONETARYMEASURE(95000),$);
#605=IFCPROPERTYSET('BN_rhNOdD5dBWjHVFRdxLN',#6,'OPS_CustomFields',$,(#604));
#606=IFCRELDEFINESBYPROPERTIES('TzyT0Fz1yFvhMhYn9Tj7Hn',#6,$,$,(#58),#605);
#607=IFCPROPERTYENUMERATEDVALUE('Woning',$,(IFCLABEL('ALG')),$);
#608=IFCPROPERTYSET('stMddRM$ondBeVzHEJst8J',#6,'OPS_ActivityCodes',$,(#607));
#609=IFCRELDEFINESBYPROPERTIES('UzyrL9yH1f5VQzRF0vG9S5',#6,$,$,(#58),#608);
#610=IFCPROPERTYENUMERATEDVALUE('Woning',$,(IFCLABEL('ALG')),$);
#611=IFCPROPERTYSET('vhcJNFa$c1QpGxClcPelvx',#6,'OPS_ActivityCodes',$,(#610));
#612=IFCRELDEFINESBYPROPERTIES('XXTNORA14xHj_P61S9A90t',#6,$,$,(#60),#611);
#613=IFCPROPERTYENUMERATEDVALUE('Woning',$,(IFCLABEL('ALG')),$);
#614=IFCPROPERTYSET('Ch5Xy$E9P7OPOVBFlvm9OZ',#6,'OPS_ActivityCodes',$,(#613));
#615=IFCRELDEFINESBYPROPERTIES('Ct2XmNmfE5tR$Bc$29YFlh',#6,$,$,(#62),#614);
#616=IFCPROPERTYENUMERATEDVALUE('Discipline',$,(IFCLABEL('RUW')),$);
#617=IFCPROPERTYSET('l57rP95nSB3fPzRFG$hl9J',#6,'OPS_ActivityCodes',$,(#616));
#618=IFCRELDEFINESBYPROPERTIES('fPG7XJ6XXxNxBJBnph9zNz',#6,$,$,(#64),#617);
#619=IFCPROPERTYENUMERATEDVALUE('Woning',$,(IFCLABEL('1')),$);
#620=IFCPROPERTYENUMERATEDVALUE('Discipline',$,(IFCLABEL('RUW')),$);
#621=IFCPROPERTYSET('l9KRGdElNHLlTN8$h7Cpax',#6,'OPS_ActivityCodes',$,(#619,#620));
#622=IFCRELDEFINESBYPROPERTIES('vBwt63CV9B15FdQ1A17RtD',#6,$,$,(#66),#621);
#623=IFCPROPERTYENUMERATEDVALUE('Woning',$,(IFCLABEL('1')),$);
#624=IFCPROPERTYENUMERATEDVALUE('Discipline',$,(IFCLABEL('RUW')),$);
#625=IFCPROPERTYSET('L395YbYnsfDPCLUFvxszLJ',#6,'OPS_ActivityCodes',$,(#623,#624));
#626=IFCRELDEFINESBYPROPERTIES('JN0tQf8dZ1IhMNu$BfUhQH',#6,$,$,(#68),#625);
#627=IFCPROPERTYENUMERATEDVALUE('Woning',$,(IFCLABEL('1')),$);
#628=IFCPROPERTYENUMERATEDVALUE('Discipline',$,(IFCLABEL('RUW')),$);
#629=IFCPROPERTYSET('aT8X0Fz18tdjMBM$H7mt0f',#6,'OPS_ActivityCodes',$,(#627,#628));
#630=IFCRELDEFINESBYPROPERTIES('4HxVqx793nK3vX9$urSB8x',#6,$,$,(#70),#629);
#631=IFCPROPERTYENUMERATEDVALUE('Woning',$,(IFCLABEL('1')),$);
#632=IFCPROPERTYENUMERATEDVALUE('Discipline',$,(IFCLABEL('RUW')),$);
#633=IFCPROPERTYSET('ynlbyVkHb1XbDZ7$wfER9p',#6,'OPS_ActivityCodes',$,(#631,#632));
#634=IFCRELDEFINESBYPROPERTIES('KRL$kFKV7fMFlZ5l4B3N6x',#6,$,$,(#72),#633);
#635=IFCPROPERTYENUMERATEDVALUE('Woning',$,(IFCLABEL('2')),$);
#636=IFCPROPERTYENUMERATEDVALUE('Discipline',$,(IFCLABEL('RUW')),$);
#637=IFCPROPERTYSET('0FJPDnKnwluvE11XkXtz$f',#6,'OPS_ActivityCodes',$,(#635,#636));
#638=IFCRELDEFINESBYPROPERTIES('e3vBb1n7ob51WpLl1TCDGX',#6,$,$,(#74),#637);
#639=IFCPROPERTYENUMERATEDVALUE('Woning',$,(IFCLABEL('2')),$);
#640=IFCPROPERTYENUMERATEDVALUE('Discipline',$,(IFCLABEL('RUW')),$);
#641=IFCPROPERTYSET('B9Y$_7d9DbrnLfqlwtwPzh',#6,'OPS_ActivityCodes',$,(#639,#640));
#642=IFCRELDEFINESBYPROPERTIES('TZmdPbUnUJM3$r_XfNkxlh',#6,$,$,(#76),#641);
#643=IFCPROPERTYENUMERATEDVALUE('Woning',$,(IFCLABEL('2')),$);
#644=IFCPROPERTYENUMERATEDVALUE('Discipline',$,(IFCLABEL('RUW')),$);
#645=IFCPROPERTYSET('UzKJNHevS$XbPlZl8BqbZf',#6,'OPS_ActivityCodes',$,(#643,#644));
#646=IFCRELDEFINESBYPROPERTIES('wFNJ1TuPrz8vgrQ12twdVZ',#6,$,$,(#78),#645);
#647=IFCPROPERTYENUMERATEDVALUE('Woning',$,(IFCLABEL('2')),$);
#648=IFCPROPERTYENUMERATEDVALUE('Discipline',$,(IFCLABEL('RUW')),$);
#649=IFCPROPERTYSET('HbbHPRwXFZILknhHtva319',#6,'OPS_ActivityCodes',$,(#647,#648));
#650=IFCRELDEFINESBYPROPERTIES('NvqxkFy1CdSJUZjFvbQvTt',#6,$,$,(#80),#649);
#651=IFCPROPERTYENUMERATEDVALUE('Woning',$,(IFCLABEL('3')),$);
#652=IFCPROPERTYENUMERATEDVALUE('Discipline',$,(IFCLABEL('RUW')),$);
#653=IFCPROPERTYSET('UXBV4XwVbrXRZhglEl7Rhj',#6,'OPS_ActivityCodes',$,(#651,#652));
#654=IFCRELDEFINESBYPROPERTIES('Ajb$QjM1QDedajbFeRQvXd',#6,$,$,(#82),#653);
#655=IFCPROPERTYENUMERATEDVALUE('Woning',$,(IFCLABEL('3')),$);
#656=IFCPROPERTYENUMERATEDVALUE('Discipline',$,(IFCLABEL('RUW')),$);
#657=IFCPROPERTYSET('Hbz9cJwV3F4LEBs1BJFTXZ',#6,'OPS_ActivityCodes',$,(#655,#656));
#658=IFCRELDEFINESBYPROPERTIES('N7azEX_F8Vw1Gx4F3DobJ$',#6,$,$,(#84),#657);
#659=IFCPROPERTYENUMERATEDVALUE('Woning',$,(IFCLABEL('3')),$);
#660=IFCPROPERTYENUMERATEDVALUE('Discipline',$,(IFCLABEL('RUW')),$);
#661=IFCPROPERTYSET('GNuVGPklnFqZnPM1dBSriD',#6,'OPS_ActivityCodes',$,(#659,#660));
#662=IFCRELDEFINESBYPROPERTIES('8BU$wzKXhJILwp5lWtk$wV',#6,$,$,(#86),#661);
#663=IFCPROPERTYENUMERATEDVALUE('Woning',$,(IFCLABEL('3')),$);
#664=IFCPROPERTYENUMERATEDVALUE('Discipline',$,(IFCLABEL('RUW')),$);
#665=IFCPROPERTYSET('Q1HJNnaHLpw1Gb0XlveVax',#6,'OPS_ActivityCodes',$,(#663,#664));
#666=IFCRELDEFINESBYPROPERTIES('ErtpDl091BLlBp712tcv$N',#6,$,$,(#88),#665);
#667=IFCPROPERTYENUMERATEDVALUE('Woning',$,(IFCLABEL('4')),$);
#668=IFCPROPERTYENUMERATEDVALUE('Discipline',$,(IFCLABEL('RUW')),$);
#669=IFCPROPERTYSET('S1vBDDlvynV3xllX3FDPTb',#6,'OPS_ActivityCodes',$,(#667,#668));
#670=IFCRELDEFINESBYPROPERTIES('CBXLVta$ABpd8fKFMlj77b',#6,$,$,(#90),#669);
#671=IFCPROPERTYENUMERATEDVALUE('Woning',$,(IFCLABEL('4')),$);
#672=IFCPROPERTYENUMERATEDVALUE('Discipline',$,(IFCLABEL('RUW')),$);
#673=IFCPROPERTYSET('YzShb59fa1$5RLMHA11JER',#6,'OPS_ActivityCodes',$,(#671,#672));
#674=IFCRELDEFINESBYPROPERTIES('6FVL7hCXbXhHbBc$25LVer',#6,$,$,(#92),#673);
#675=IFCPROPERTYENUMERATEDVALUE('Woning',$,(IFCLABEL('4')),$);
#676=IFCPROPERTYENUMERATEDVALUE('Discipline',$,(IFCLABEL('RUW')),$);
#677=IFCPROPERTYSET('wHDv9Vs1CdqTF72n$z8$YJ',#6,'OPS_ActivityCodes',$,(#675,#676));
#678=IFCRELDEFINESBYPROPERTIES('kxnppHOdLPyp0T$Xolvbbx',#6,$,$,(#94),#677);
#679=IFCPROPERTYENUMERATEDVALUE('Woning',$,(IFCLABEL('4')),$);
#680=IFCPROPERTYENUMERATEDVALUE('Discipline',$,(IFCLABEL('RUW')),$);
#681=IFCPROPERTYSET('EBF5snjXN5FD03BnFtoVyh',#6,'OPS_ActivityCodes',$,(#679,#680));
#682=IFCRELDEFINESBYPROPERTIES('AfATuhCFKjqZtLAH8rixJ3',#6,$,$,(#96),#681);
#683=IFCPROPERTYENUMERATEDVALUE('Woning',$,(IFCLABEL('5')),$);
#684=IFCPROPERTYENUMERATEDVALUE('Discipline',$,(IFCLABEL('RUW')),$);
#685=IFCPROPERTYSET('0npvDDVdhv8vUzlXh3FLA3',#6,'OPS_ActivityCodes',$,(#683,#684));
#686=IFCRELDEFINESBYPROPERTIES('ezPL$dM$ABzf7jv19TLHhj',#6,$,$,(#98),#685);
#687=IFCPROPERTYENUMERATEDVALUE('Woning',$,(IFCLABEL('5')),$);
#688=IFCPROPERTYENUMERATEDVALUE('Discipline',$,(IFCLABEL('RUW')),$);
#689=IFCPROPERTYSET('WXzt_d5VtLb$qHLFBjNhA7',#6,'OPS_ActivityCodes',$,(#687,#688));
#690=IFCRELDEFINESBYPROPERTIES('8JTNurGNEFX31rEX0vmfEb',#6,$,$,(#100),#689);
#691=IFCPROPERTYENUMERATEDVALUE('Woning',$,(IFCLABEL('5')),$);
#692=IFCPROPERTYENUMERATEDVALUE('Discipline',$,(IFCLABEL('RUW')),$);
#693=IFCPROPERTYSET('nhpv9XYns9Vb3bWXPnXR7b',#6,'OPS_ActivityCodes',$,(#691,#692));
#694=IFCRELDEFINESBYPROPERTIES('tfwD5Lz$0hb$i58$NJ$JEN',#6,$,$,(#102),#693);
#695=IFCPROPERTYENUMERATEDVALUE('Woning',$,(IFCLABEL('5')),$);
#696=IFCPROPERTYENUMERATEDVALUE('Discipline',$,(IFCLABEL('RUW')),$);
#697=IFCPROPERTYSET('UX5F3Ly14lrnTr_XzH9Bqn',#6,'OPS_ActivityCodes',$,(#695,#696));
#698=IFCRELDEFINESBYPROPERTIES('sjLl$dQVD5FDeXZlSNEbN3',#6,$,$,(#104),#697);
#699=IFCPROPERTYENUMERATEDVALUE('Woning',$,(IFCLABEL('6')),$);
#700=IFCPROPERTYENUMERATEDVALUE('Discipline',$,(IFCLABEL('RUW')),$);
#701=IFCPROPERTYSET('sj3tY9T1YdiR5FLlpvGNkB',#6,'OPS_ActivityCodes',$,(#699,#700));
#702=IFCRELDEFINESBYPROPERTIES('o7Y1ALhlt1NZltO1CZa3F$',#6,$,$,(#106),#701);
#703=IFCPROPERTYENUMERATEDVALUE('Woning',$,(IFCLABEL('6')),$);
#704=IFCPROPERTYENUMERATEDVALUE('Discipline',$,(IFCLABEL('RUW')),$);
#705=IFCPROPERTYSET('NPWNeTPtrfkdOXRnS9wPzh',#6,'OPS_ActivityCodes',$,(#703,#704));
#706=IFCRELDEFINESBYPROPERTIES('1Jg3YtJVPJ6JYNCFOxQDij',#6,$,$,(#108),#705);
#707=IFCPROPERTYENUMERATEDVALUE('Woning',$,(IFCLABEL('6')),$);
#708=IFCPROPERTYENUMERATEDVALUE('Discipline',$,(IFCLABEL('RUW')),$);
#709=IFCPROPERTYSET('nhrFNledV7x1GroX4rZ9eT',#6,'OPS_ActivityCodes',$,(#707,#708));
#710=IFCRELDEFINESBYPROPERTIES('9fERy1gPbhpdmbWVPnXbHF',#6,$,$,(#110),#709);
#711=IFCPROPERTYENUMERATEDVALUE('Woning',$,(IFCLABEL('6')),$);
#712=IFCPROPERTYENUMERATEDVALUE('Discipline',$,(IFCLABEL('RUW')),$);
#713=IFCPROPERTYSET('3J2BxnLlP7WHnvgHsbwP$J',#6,'OPS_ActivityCodes',$,(#711,#712));
#714=IFCRELDEFINESBYPROPERTIES('bXh16vMPFTwJY9O1y7CDaN',#6,$,$,(#112),#713);
#715=IFCPROPERTYENUMERATEDVALUE('Woning',$,(IFCLABEL('ALG')),$);
#716=IFCPROPERTYENUMERATEDVALUE('Discipline',$,(IFCLABEL('RUW')),$);
#717=IFCPROPERTYSET('fvCDvr8vAtVRR$VVCZarqZ',#6,'OPS_ActivityCodes',$,(#715,#716));
#718=IFCRELDEFINESBYPROPERTIES('$pEFJ3DXHjyD8nZF6N2B4r',#6,$,$,(#114),#717);
#719=IFCPROPERTYENUMERATEDVALUE('Discipline',$,(IFCLABEL('INST')),$);
#720=IFCPROPERTYSET('rNQJjZNNaXZ9dlhFdHrFZR',#6,'OPS_ActivityCodes',$,(#719));
#721=IFCRELDEFINESBYPROPERTIES('ZzyBNHuPPvWHXH$VCnNZ9l',#6,$,$,(#116),#720);
#722=IFCPROPERTYENUMERATEDVALUE('Woning',$,(IFCLABEL('1')),$);
#723=IFCPROPERTYENUMERATEDVALUE('Discipline',$,(IFCLABEL('INST')),$);
#724=IFCPROPERTYSET('U$ljBvAP5lTP49alvVB1QF',#6,'OPS_ActivityCodes',$,(#722,#723));
#725=IFCRELDEFINESBYPROPERTIES('Aptpt331SXBFZh_n5LWPjT',#6,$,$,(#118),#724);
#726=IFCPROPERTYENUMERATEDVALUE('Woning',$,(IFCLABEL('1')),$);
#727=IFCPROPERTYENUMERATEDVALUE('Discipline',$,(IFCLABEL('INST')),$);
#728=IFCPROPERTYSET('$Dsvj35FmDsH1XbnKVB$wR',#6,'OPS_ActivityCodes',$,(#726,#727));
#729=IFCRELDEFINESBYPROPERTIES('d17rTbA1e7z7QHplbxgZTR',#6,$,$,(#120),#728);
#730=IFCPROPERTYENUMERATEDVALUE('Woning',$,(IFCLABEL('1')),$);
#731=IFCPROPERTYENUMERATEDVALUE('Discipline',$,(IFCLABEL('INST')),$);
#732=IFCPROPERTYSET('_ps7d9Z$sfBFLtO1VpA3tp',#6,'OPS_ActivityCodes',$,(#730,#731));
#733=IFCRELDEFINESBYPROPERTIES('c1vBdNFdVbBFJjt$q3uFht',#6,$,$,(#122),#732);
#734=IFCPROPERTYENUMERATEDVALUE('Woning',$,(IFCLABEL('2')),$);
#735=IFCPROPERTYENUMERATEDVALUE('Discipline',$,(IFCLABEL('INST')),$);
#736=IFCPROPERTYSET('yDQNCRRXZXMF5HVXYPqRxL',#6,'OPS_ActivityCodes',$,(#734,#735));
#737=IFCRELDEFINESBYPROPERTIES('S1NRmNGNonFDqHzHUhnLUH',#6,$,$,(#124),#736);
#738=IFCPROPERTYENUMERATEDVALUE('Woning',$,(IFCLABEL('2')),$);
#739=IFCPROPERTYENUMERATEDVALUE('Discipline',$,(IFCLABEL('INST')),$);
#740=IFCPROPERTYSET('lxt5IHud$rzfdZt1PFXRpn',#6,'OPS_ActivityCodes',$,(#738,#739));
#741=IFCRELDEFINESBYPROPERTIES('fP09shpVpdFDO$9$Xj2lXv',#6,$,$,(#126),#740);
#742=IFCPROPERTYENUMERATEDVALUE('Woning',$,(IFCLABEL('2')),$);
#743=IFCPROPERTYENUMERATEDVALUE('Discipline',$,(IFCLABEL('INST')),$);
#744=IFCPROPERTYSET('J5HJbVh$cDm1mroVK$9re3',#6,'OPS_ActivityCodes',$,(#742,#743));
#745=IFCRELDEFINESBYPROPERTIES('hdWfGNWtNbx$WDznyh7pOL',#6,$,$,(#128),#744);
#746=IFCPROPERTYENUMERATEDVALUE('Woning',$,(IFCLABEL('3')),$);
#747=IFCPROPERTYENUMERATEDVALUE('Discipline',$,(IFCLABEL('INST')),$);
#748=IFCPROPERTYSET('Y1$ZKr1vM5vLEhQltT5XK$',#6,'OPS_ActivityCodes',$,(#746,#747));
#749=IFCRELDEFINESBYPROPERTIES('sDd3kl8Pv9Qp03hFpd4ZZb',#6,$,$,(#130),#748);
#750=IFCPROPERTYENUMERATEDVALUE('Woning',$,(IFCLABEL('3')),$);
#751=IFCPROPERTYENUMERATEDVALUE('Discipline',$,(IFCLABEL('INST')),$);
#752=IFCPROPERTYSET('RRunPfNNGDslbrIXs52rup',#6,'OPS_ActivityCodes',$,(#750,#751));
#753=IFCRELDEFINESBYPROPERTIES('znrnnBd9trHrWDrl$VPjAv',#6,$,$,(#132),#752);
#754=IFCPROPERTYENUMERATEDVALUE('Woning',$,(IFCLABEL('3')),$);
#755=IFCPROPERTYENUMERATEDVALUE('Discipline',$,(IFCLABEL('INST')),$);
#756=IFCPROPERTYSET('xLcjPfldvT4D49Sl7XLXW7',#6,'OPS_ActivityCodes',$,(#754,#755));
#757=IFCRELDEFINESBYPROPERTIES('TVTN8L4$GDkdKxWXZV9zHH',#6,$,$,(#134),#756);
#758=IFCPROPERTYENUMERATEDVALUE('Woning',$,(IFCLABEL('4')),$);
#759=IFCPROPERTYENUMERATEDVALUE('Discipline',$,(IFCLABEL('INST')),$);
#760=IFCPROPERTYSET('X$FpFFT1E59Rp3TlyPOV4v',#6,'OPS_ActivityCodes',$,(#758,#759));
#761=IFCRELDEFINESBYPROPERTIES('tJTN8j5VPjoBuHFXDh$5xF',#6,$,$,(#136),#760);
#762=IFCPROPERTYENUMERATEDVALUE('Woning',$,(IFCLABEL('4')),$);
#763=IFCPROPERTYENUMERATEDVALUE('Discipline',$,(IFCLABEL('INST')),$);
#764=IFCPROPERTYSET('bVrX4$Yfed$TRLYFhdGfob',#6,'OPS_ActivityCodes',$,(#762,#763));
#765=IFCRELDEFINESBYPROPERTIES('pBd3kledBtILU39$KpQDm$',#6,$,$,(#138),#764);
#766=IFCPROPERTYENUMERATEDVALUE('Woning',$,(IFCLABEL('4')),$);
#767=IFCPROPERTYENUMERATEDVALUE('Discipline',$,(IFCLABEL('INST')),$);
#768=IFCPROPERTYSET('Ev6toZP9tB93R$d$eDTN6$',#6,'OPS_ActivityCodes',$,(#766,#767));
#769=IFCRELDEFINESBYPROPERTIES('cxKRW1F7YpMFh90XnN2B09',#6,$,$,(#140),#768);
#770=IFCPROPERTYENUMERATEDVALUE('Woning',$,(IFCLABEL('5')),$);
#771=IFCPROPERTYENUMERATEDVALUE('Discipline',$,(IFCLABEL('INST')),$);
#772=IFCPROPERTYSET('kxX3E3rH33slVlP$BDB$kP',#6,'OPS_ActivityCodes',$,(#770,#771));
#773=IFCRELDEFINESBYPROPERTIES('gva3M1vtjtFLwXd11ZijoR',#6,$,$,(#142),#772);
#774=IFCPROPERTYENUMERATEDVALUE('Woning',$,(IFCLABEL('5')),$);
#775=IFCPROPERTYENUMERATEDVALUE('Discipline',$,(IFCLABEL('INST')),$);
#776=IFCPROPERTYSET('YZmvt12fwHGVoBg1Z3eHNT',#6,'OPS_ActivityCodes',$,(#774,#775));
#777=IFCRELDEFINESBYPROPERTIES('6Hp7XjUnUv0nJDJFzjI$kP',#6,$,$,(#144),#776);
#778=IFCPROPERTYENUMERATEDVALUE('Woning',$,(IFCLABEL('5')),$);
#779=IFCPROPERTYENUMERATEDVALUE('Discipline',$,(IFCLABEL('INST')),$);
#780=IFCPROPERTYSET('BD7ZapYf8VUfl9WXnRtBy7',#6,'OPS_ActivityCodes',$,(#778,#779));
#781=IFCRELDEFINESBYPROPERTIES('Dv_V0n5nGJcDmBEX4vyZ5l',#6,$,$,(#146),#780);
#782=IFCPROPERTYENUMERATEDVALUE('Woning',$,(IFCLABEL('6')),$);
#783=IFCPROPERTYENUMERATEDVALUE('Discipline',$,(IFCLABEL('INST')),$);
#784=IFCPROPERTYSET('4nn5IledfRrnzRGXuTZ98D',#6,'OPS_ActivityCodes',$,(#782,#783));
#785=IFCRELDEFINESBYPROPERTIES('iRBVuLinUJQpeXRnSNERzv',#6,$,$,(#148),#784);
#786=IFCPROPERTYENUMERATEDVALUE('Woning',$,(IFCLABEL('6')),$);
#787=IFCPROPERTYENUMERATEDVALUE('Discipline',$,(IFCLABEL('INST')),$);
#788=IFCPROPERTYSET('xHxVe3T$_zm$qBYV3D2BKp',#6,'OPS_ActivityCodes',$,(#786,#787));
#789=IFCRELDEFINESBYPROPERTIES('Jbh$U567o5Vzv1pnxByh2T',#6,$,$,(#150),#788);
#790=IFCPROPERTYENUMERATEDVALUE('Woning',$,(IFCLABEL('6')),$);
#791=IFCPROPERTYENUMERATEDVALUE('Discipline',$,(IFCLABEL('INST')),$);
#792=IFCPROPERTYSET('dX39_rGf0hjv_DnXl7WdlB',#6,'OPS_ActivityCodes',$,(#790,#791));
#793=IFCRELDEFINESBYPROPERTIES('FBvZSnqXzTgzhN4lr9Qvj1',#6,$,$,(#152),#792);
#794=IFCPROPERTYENUMERATEDVALUE('Discipline',$,(IFCLABEL('AFB')),$);
#795=IFCPROPERTYSET('g7CpDH87IXR1uFpFR5Qp8J',#6,'OPS_ActivityCodes',$,(#794));
#796=IFCRELDEFINESBYPROPERTIES('2joR4X_nGzWHPzbFGXPJMN',#6,$,$,(#154),#795);
#797=IFCPROPERTYENUMERATEDVALUE('Woning',$,(IFCLABEL('1')),$);
#798=IFCPROPERTYENUMERATEDVALUE('Discipline',$,(IFCLABEL('AFB')),$);
#799=IFCPROPERTYSET('eTztMXRX$L$xfRmXK1l3$t',#6,'OPS_ActivityCodes',$,(#797,#798));
#800=IFCRELDEFINESBYPROPERTIES('Gf09oT7tljyL_Ps1NfYhch',#6,$,$,(#156),#799);
#801=IFCPROPERTYENUMERATEDVALUE('Woning',$,(IFCLABEL('1')),$);
#802=IFCPROPERTYENUMERATEDVALUE('Discipline',$,(IFCLABEL('AFB')),$);
#803=IFCPROPERTYSET('0nLl9ZdtDxvLors$DPqDGX',#6,'OPS_ActivityCodes',$,(#801,#802));
#804=IFCRELDEFINESBYPROPERTIES('e3HjHxnvYvu7IRqF0d4Zb$',#6,$,$,(#158),#803);
#805=IFCPROPERTYENUMERATEDVALUE('Woning',$,(IFCLABEL('1')),$);
#806=IFCPROPERTYENUMERATEDVALUE('Discipline',$,(IFCLABEL('AFB')),$);
#807=IFCPROPERTYSET('ibz9sFjV5FtRnj5FUrZ9qz',#6,'OPS_ActivityCodes',$,(#805,#806));
#808=IFCRELDEFINESBYPROPERTIES('iP0tkpH7mzWHltO1mlH3Zf',#6,$,$,(#160),#807);
#809=IFCPROPERTYENUMERATEDVALUE('Woning',$,(IFCLABEL('1')),$);
#810=IFCPROPERTYENUMERATEDVALUE('Discipline',$,(IFCLABEL('AFB')),$);
#811=IFCPROPERTYSET('3jcJt$67cJarCLwlNtA98R',#6,'OPS_ActivityCodes',$,(#809,#810));
#812=IFCRELDEFINESBYPROPERTIES('bVJvVj2F0L3N3dg1RVj77R',#6,$,$,(#162),#811);
#813=IFCPROPERTYENUMERATEDVALUE('Woning',$,(IFCLABEL('2')),$);
#814=IFCPROPERTYENUMERATEDVALUE('Discipline',$,(IFCLABEL('AFB')),$);
#815=IFCPROPERTYSET('pLrnRVTHnzIdevwHjt6Prv',#6,'OPS_ActivityCodes',$,(#813,#814));
#816=IFCRELDEFINESBYPROPERTIES('BfoRW1Pt7TyDKX$VyhvDKX',#6,$,$,(#164),#815);
#817=IFCPROPERTYENUMERATEDVALUE('Woning',$,(IFCLABEL('2')),$);
#818=IFCPROPERTYENUMERATEDVALUE('Discipline',$,(IFCLABEL('AFB')),$);
#819=IFCPROPERTYSET('cxCpdRcVjrDdKbSnv$tBmF',#6,'OPS_ActivityCodes',$,(#817,#818));
#820=IFCRELDEFINESBYPROPERTIES('_H9DxBX74HJNzP2V3F3tiD',#6,$,$,(#166),#819);
#821=IFCPROPERTYENUMERATEDVALUE('Woning',$,(IFCLABEL('2')),$);
#822=IFCPROPERTYENUMERATEDVALUE('Discipline',$,(IFCLABEL('AFB')),$);
#823=IFCPROPERTYSET('qNobKfV7ijK3HZJnRXbn7N',#6,'OPS_ActivityCodes',$,(#821,#822));
#824=IFCRELDEFINESBYPROPERTIES('aZOlX9y$if6$ajrnrtI$ER',#6,$,$,(#168),#823);
#825=IFCPROPERTYENUMERATEDVALUE('Woning',$,(IFCLABEL('2')),$);
#826=IFCPROPERTYENUMERATEDVALUE('Discipline',$,(IFCLABEL('AFB')),$);
#827=IFCPROPERTYSET('P$lJxFhlNFFpqLwlBDDPZ5',#6,'OPS_ActivityCodes',$,(#825,#826));
#828=IFCRELDEFINESBYPROPERTIES('nLLH$7ot7NMn7V71n9EXeZ',#6,$,$,(#170),#827);
#829=IFCPROPERTYENUMERATEDVALUE('Woning',$,(IFCLABEL('3')),$);
#830=IFCPROPERTYENUMERATEDVALUE('Discipline',$,(IFCLABEL('AFB')),$);
#831=IFCPROPERTYSET('OxazIpd9dD_91L_FVD6J2$',#6,'OPS_ActivityCodes',$,(#829,#830));
#832=IFCRELDEFINESBYPROPERTIES('0lP3YRg1Ypw$Grc169s9yh',#6,$,$,(#172),#831);
#833=IFCPROPERTYENUMERATEDVALUE('Woning',$,(IFCLABEL('3')),$);
#834=IFCPROPERTYENUMERATEDVALUE('Discipline',$,(IFCLABEL('AFB')),$);
#835=IFCPROPERTYSET('od6DpH8dBzuNFvInOxEbhJ',#6,'OPS_ActivityCodes',$,(#833,#834));
#836=IFCRELDEFINESBYPROPERTIES('cRWfSHGNGZSJ_pXVWf6js7',#6,$,$,(#174),#835);
#837=IFCPROPERTYENUMERATEDVALUE('Woning',$,(IFCLABEL('3')),$);
#838=IFCPROPERTYENUMERATEDVALUE('Discipline',$,(IFCLABEL('AFB')),$);
#839=IFCPROPERTYSET('Mv4TihRFUjg3ThAHafcpK1',#6,'OPS_ActivityCodes',$,(#837,#838));
#840=IFCRELDEFINESBYPROPERTIES('_J2BLNWt$9Vb7Vd1v$NLkB',#6,$,$,(#176),#839);
#841=IFCPROPERTYENUMERATEDVALUE('Woning',$,(IFCLABEL('3')),$);
#842=IFCPROPERTYENUMERATEDVALUE('Discipline',$,(IFCLABEL('AFB')),$);
#843=IFCPROPERTYSET('OR0tEV2nCzcVEh2F$381Qr',#6,'OPS_ActivityCodes',$,(#841,#842));
#844=IFCRELDEFINESBYPROPERTIES('0Fztg5Xd$NrndlbFORwPzh',#6,$,$,(#178),#843);
#845=IFCPROPERTYENUMERATEDVALUE('Woning',$,(IFCLABEL('4')),$);
#846=IFCPROPERTYENUMERATEDVALUE('Discipline',$,(IFCLABEL('AFB')),$);
#847=IFCPROPERTYSET('S1XzshBHFH8fdZXVW9k12X',#6,'OPS_ActivityCodes',$,(#845,#846));
#848=IFCRELDEFINESBYPROPERTIES('CrvZWXJnu9nhcHrF1VVbHl',#6,$,$,(#180),#847);
#849=IFCPROPERTYENUMERATEDVALUE('Woning',$,(IFCLABEL('4')),$);
#850=IFCPROPERTYENUMERATEDVALUE('Discipline',$,(IFCLABEL('AFB')),$);
#851=IFCPROPERTYSET('ZXztY5AP1fpdadoVSNoRzd',#6,'OPS_ActivityCodes',$,(#849,#850));
#852=IFCRELDEFINESBYPROPERTIES('Bp7T4XQXR$Hr8fqlA$nTX3',#6,$,$,(#182),#851);
#853=IFCPROPERTYENUMERATEDVALUE('Woning',$,(IFCLABEL('4')),$);
#854=IFCPROPERTYENUMERATEDVALUE('Discipline',$,(IFCLABEL('AFB')),$);
#855=IFCPROPERTYSET('s9IHHV5VJBb$CHLFhT3f6X',#6,'OPS_ActivityCodes',$,(#853,#854));
#856=IFCRELDEFINESBYPROPERTIES('YzKJ3hCnCzkdKbCnCz81Qn',#6,$,$,(#184),#855);
#857=IFCPROPERTYENUMERATEDVALUE('Woning',$,(IFCLABEL('4')),$);
#858=IFCPROPERTYENUMERATEDVALUE('Discipline',$,(IFCLABEL('AFB')),$);
#859=IFCPROPERTYSET('k9qp9ZtfYvOPi581MLmfcL',#6,'OPS_ActivityCodes',$,(#857,#858));
#860=IFCRELDEFINESBYPROPERTIES('whYhhp6v23ufdZnVR$l3PB',#6,$,$,(#186),#859);
#861=IFCPROPERTYENUMERATEDVALUE('Woning',$,(IFCLABEL('5')),$);
#862=IFCPROPERTYENUMERATEDVALUE('Discipline',$,(IFCLABEL('AFB')),$);
#863=IFCPROPERTYSET('AfUh$Pol3FaJo$HVxrqpqn',#6,'OPS_ActivityCodes',$,(#861,#862));
#864=IFCRELDEFINESBYPROPERTIES('UZO1IpP9PjQDWJnX5n7pCl',#6,$,$,(#188),#863);
#865=IFCPROPERTYENUMERATEDVALUE('Woning',$,(IFCLABEL('5')),$);
#866=IFCPROPERTYENUMERATEDVALUE('Discipline',$,(IFCLABEL('AFB')),$);
#867=IFCPROPERTYSET('1H1rdfV7aBZtxHHXp7GNQL',#6,'OPS_ActivityCodes',$,(#865,#866));
#868=IFCRELDEFINESBYPROPERTIES('N3PhzvNfkrnLIH1XuT5XSx',#6,$,$,(#190),#867);
#869=IFCPROPERTYENUMERATEDVALUE('Woning',$,(IFCLABEL('5')),$);
#870=IFCPROPERTYENUMERATEDVALUE('Discipline',$,(IFCLABEL('AFB')),$);
#871=IFCPROPERTYSET('wHR$oz3$4nvhI58$1X9z1t',#6,'OPS_ActivityCodes',$,(#869,#870));
#872=IFCRELDEFINESBYPROPERTIES('IxPLlV5Xhv0FLNqn0PCbll',#6,$,$,(#192),#871);
#873=IFCPROPERTYENUMERATEDVALUE('Woning',$,(IFCLABEL('5')),$);
#874=IFCPROPERTYENUMERATEDVALUE('Discipline',$,(IFCLABEL('AFB')),$);
#875=IFCPROPERTYSET('Mvq527n7gP1Zz7IFG1rFV3',#6,'OPS_ActivityCodes',$,(#873,#874));
#876=IFCRELDEFINESBYPROPERTIES('2JsTirV7CZUxrjbn8rKJYp',#6,$,$,(#194),#875);
#877=IFCPROPERTYENUMERATEDVALUE('Woning',$,(IFCLABEL('6')),$);
#878=IFCPROPERTYENUMERATEDVALUE('Discipline',$,(IFCLABEL('AFB')),$);
#879=IFCPROPERTYSET('$j2BrdA$iNAl$$1XQ3Fhwx',#6,'OPS_ActivityCodes',$,(#877,#878));
#880=IFCRELDEFINESBYPROPERTIES('PXL$MVL$stfTzPoV4LlrOB',#6,$,$,(#196),#879);
#881=IFCPROPERTYENUMERATEDVALUE('Woning',$,(IFCLABEL('6')),$);
#882=IFCPROPERTYENUMERATEDVALUE('Discipline',$,(IFCLABEL('AFB')),$);
#883=IFCPROPERTYSET('d1FDJVcXtBFhA5qnWNgTL9',#6,'OPS_ActivityCodes',$,(#881,#882));
#884=IFCRELDEFINESBYPROPERTIES('FLBnzLa$cXUNtLcHb$vR3d',#6,$,$,(#198),#883);
#885=IFCPROPERTYENUMERATEDVALUE('Woning',$,(IFCLABEL('6')),$);
#886=IFCPROPERTYENUMERATEDVALUE('Discipline',$,(IFCLABEL('AFB')),$);
#887=IFCPROPERTYSET('o7_VyXYnUjwJkx0VdBaBG$',#6,'OPS_ActivityCodes',$,(#885,#886));
#888=IFCRELDEFINESBYPROPERTIES('cxa3YRkHjLvpOXJltztz9J',#6,$,$,(#200),#887);
#889=IFCPROPERTYENUMERATEDVALUE('Woning',$,(IFCLABEL('6')),$);
#890=IFCPROPERTYENUMERATEDVALUE('Discipline',$,(IFCLABEL('AFB')),$);
#891=IFCPROPERTYSET('LdGdX9a$AfhlvJnX9z$55H',#6,'OPS_ActivityCodes',$,(#889,#890));
#892=IFCRELDEFINESBYPROPERTIES('3JQJ3La1w3w1i5WXLZLHLj',#6,$,$,(#202),#891);
#893=IFCPROPERTYENUMERATEDVALUE('Woning',$,(IFCLABEL('ALG')),$);
#894=IFCPROPERTYSET('bR8XalmN0hLlxb4lt3t3vx',#6,'OPS_ActivityCodes',$,(#893));
#895=IFCRELDEFINESBYPROPERTIES('zn5VuBO74FHJM94nLvqRZt',#6,$,$,(#204),#894);
#896=IFCPROPERTYENUMERATEDVALUE('Woning',$,(IFCLABEL('1')),$);
#897=IFCPROPERTYSET('p7QfiB9fMvrnl3f$_R1jIr',#6,'OPS_ActivityCodes',$,(#896));
#898=IFCRELDEFINESBYPROPERTIES('bR09g1vt7N_tl3lXRxA3pH',#6,$,$,(#206),#897);
#899=IFCPROPERTYENUMERATEDVALUE('Woning',$,(IFCLABEL('2')),$);
#900=IFCPROPERTYSET('MZDPR59fS$dJUtO1hTDdd7',#6,'OPS_ActivityCodes',$,(#899));
#901=IFCRELDEFINESBYPROPERTIES('IfGd$7o9FzgnjJHVZXHBij',#6,$,$,(#208),#900);
#902=IFCPROPERTYENUMERATEDVALUE('Woning',$,(IFCLABEL('3')),$);
#903=IFCPROPERTYSET('FP_rFrvtTXE7QHLF97qbV7',#6,'OPS_ActivityCodes',$,(#902));
#904=IFCRELDEFINESBYPROPERTIES('P5CDTNd9Vv3vIxu16N_rOz',#6,$,$,(#210),#903);
#905=IFCPROPERTYENUMERATEDVALUE('Woning',$,(IFCLABEL('4')),$);
#906=IFCPROPERTYSET('9J5Xqdr1W5nDutO$CZixxl',#6,'OPS_ActivityCodes',$,(#905));
#907=IFCRELDEFINESBYPROPERTIES('FdoR8hal5RLlZfu1TZijI7',#6,$,$,(#212),#906);
#908=IFCPROPERTYENUMERATEDVALUE('Woning',$,(IFCLABEL('5')),$);
#909=IFCPROPERTYSET('dbmdlVRVZXw1CLUnDLnLcF',#6,'OPS_ActivityCodes',$,(#908));
#910=IFCRELDEFINESBYPROPERTIES('1njdTfldfRDtLNaHxB4TXT',#6,$,$,(#214),#909);
#911=IFCPROPERTYENUMERATEDVALUE('Woning',$,(IFCLABEL('6')),$);
#912=IFCPROPERTYSET('kR39g1FvkVLlvjP1jtoXCz',#6,'OPS_ActivityCodes',$,(#911));
#913=IFCRELDEFINESBYPROPERTIES('gd09_h4lRXBnZhEnEDIxP7',#6,$,$,(#216),#912);
#914=IFCPROPERTYENUMERATEDVALUE('Woning',$,(IFCLABEL('ALG')),$);
#915=IFCPROPERTYSET('$pQfaDI9trVbZB6$yhtzDH',#6,'OPS_ActivityCodes',$,(#914));
#916=IFCRELDEFINESBYPROPERTIES('P1fRG9SlLpAltrA$ffMZTx',#6,$,$,(#218),#915);
#917=IFCPROPERTYSINGLEVALUE('Deadline',$,IFCDATE('2027-07-15'),$);
#918=IFCPROPERTYSET('Nd8FRXDFALVRRXRnGXvDS9',#6,'OPS_Constraints',$,(#917));
#919=IFCRELDEFINESBYPROPERTIES('mdoRWXbXvN291rs$lrzNER',#6,$,$,(#218),#918);
#920=IFCPROPERTYSINGLEVALUE('MilestoneKind',$,IFCLABEL('START'),$);
#921=IFCPROPERTYSET('c$9xAFhHRhrnH3t$urSBS9',#6,'OPS_Milestone',$,(#920));
#922=IFCRELDEFINESBYPROPERTIES('$pU1g$F7YPaB03Zl8Lm9qH',#6,$,$,(#42),#921);
#923=IFCPROPERTYSINGLEVALUE('MilestoneKind',$,IFCLABEL('FINISH'),$);
#924=IFCPROPERTYSINGLEVALUE('Mandatory',$,IFCBOOLEAN(.T.),$);
#925=IFCPROPERTYSET('uJBFLf87Q1_b5H1VqlBnxn',#6,'OPS_Milestone',$,(#923,#924));
#926=IFCRELDEFINESBYPROPERTIES('Frn5MV5VFlGXg9ingBCbFV',#6,$,$,(#62),#925);
#927=IFCPROPERTYSINGLEVALUE('MilestoneKind',$,IFCLABEL('FINISH'),$);
#928=IFCPROPERTYSET('jt4TSJg$st$xHNilKJk1Ex',#6,'OPS_Milestone',$,(#927));
#929=IFCRELDEFINESBYPROPERTIES('cRO$QpcvGpo7Yzf$czdjcn',#6,$,$,(#114),#928);
#930=IFCPROPERTYSINGLEVALUE('MilestoneKind',$,IFCLABEL('FINISH'),$);
#931=IFCPROPERTYSINGLEVALUE('Mandatory',$,IFCBOOLEAN(.T.),$);
#932=IFCPROPERTYSET('l5dhxhRn6ZMzvVXVYvWPJz',#6,'OPS_Milestone',$,(#930,#931));
#933=IFCRELDEFINESBYPROPERTIES('stkl5rFdjfR1qlbF4rR$6X',#6,$,$,(#206),#932);
#934=IFCPROPERTYSINGLEVALUE('MilestoneKind',$,IFCLABEL('FINISH'),$);
#935=IFCPROPERTYSINGLEVALUE('Mandatory',$,IFCBOOLEAN(.T.),$);
#936=IFCPROPERTYSET('QXTNO5I9l$ILohYn11T9yd',#6,'OPS_Milestone',$,(#934,#935));
#937=IFCRELDEFINESBYPROPERTIES('JbL1InCVb1nhghUFNj1jUH',#6,$,$,(#208),#936);
#938=IFCPROPERTYSINGLEVALUE('MilestoneKind',$,IFCLABEL('FINISH'),$);
#939=IFCPROPERTYSINGLEVALUE('Mandatory',$,IFCBOOLEAN(.T.),$);
#940=IFCPROPERTYSET('jbrVqRzl5HRXA7clVFr1Az',#6,'OPS_Milestone',$,(#938,#939));
#941=IFCRELDEFINESBYPROPERTIES('CfQjFLT$IXxVg9CFe5k579',#6,$,$,(#210),#940);
#942=IFCPROPERTYSINGLEVALUE('MilestoneKind',$,IFCLABEL('FINISH'),$);
#943=IFCPROPERTYSINGLEVALUE('Mandatory',$,IFCBOOLEAN(.T.),$);
#944=IFCPROPERTYSET('5lBnRXxXFFaJELYF$VFhUJ',#6,'OPS_Milestone',$,(#942,#943));
#945=IFCRELDEFINESBYPROPERTIES('CB9D3vfNMPnDOdA$Rb2ldB',#6,$,$,(#212),#944);
#946=IFCPROPERTYSINGLEVALUE('MilestoneKind',$,IFCLABEL('FINISH'),$);
#947=IFCPROPERTYSINGLEVALUE('Mandatory',$,IFCBOOLEAN(.T.),$);
#948=IFCPROPERTYSET('hdWNq5v9FZcpi5GXGlFTj3',#6,'OPS_Milestone',$,(#946,#947));
#949=IFCRELDEFINESBYPROPERTIES('azCxABX7CZM3rvMH_9Un9F',#6,$,$,(#214),#948);
#950=IFCPROPERTYSINGLEVALUE('MilestoneKind',$,IFCLABEL('FINISH'),$);
#951=IFCPROPERTYSINGLEVALUE('Mandatory',$,IFCBOOLEAN(.T.),$);
#952=IFCPROPERTYSET('gTDPDlOvyHZdCnVVOxI5Dj',#6,'OPS_Milestone',$,(#950,#951));
#953=IFCRELDEFINESBYPROPERTIES('ndULH$$d1htzJDZnopA3FX',#6,$,$,(#216),#952);
#954=IFCPROPERTYSINGLEVALUE('MilestoneKind',$,IFCLABEL('FINISH'),$);
#955=IFCPROPERTYSINGLEVALUE('Mandatory',$,IFCBOOLEAN(.T.),$);
#956=IFCPROPERTYSET('5BA7PtJVDxtRf7MlAVztqF',#6,'OPS_Milestone',$,(#954,#955));
#957=IFCRELDEFINESBYPROPERTIES('2Fpvb$PtfRTdCrYV3j6dFR',#6,$,$,(#218),#956);
#958=IFCPROPERTYSINGLEVALUE('Notes',$,IFCTEXT('[{"id":"note-ms3as5mkqm9k120","text":"Wapeningstekening controleren met constructeur","done":false},{"id":"note-ms3as5mkvepg121","text":"Bekisting gecontroleerd door uitvoerder","done":true}]'),$);
#959=IFCPROPERTYSET('vLkx2BedBfAHXnhlzHNLAv',#6,'OPS_TaskNotes',$,(#958));
#960=IFCRELDEFINESBYPROPERTIES('k9KJTb6V1BDPeXZlCl3NUl',#6,$,$,(#92),#959);
#961=IFCPROPERTYSINGLEVALUE('Notes',$,IFCTEXT('[{"id":"note-ms3as5o244yj141","text":"Materiaallevering leidingwerk bevestigen bij leverancier","done":false}]'),$);
#962=IFCPROPERTYSET('zjM3YxgPrz0FPHjlZ3uFHr',#6,'OPS_TaskNotes',$,(#961));
#963=IFCRELDEFINESBYPROPERTIES('M7ahrzin6nqTZNu$l7u16X',#6,$,$,(#130),#962);
#964=IFCPROPERTYSINGLEVALUE('Notes',$,IFCTEXT('[{"id":"note-ms3as5pekcfv159","text":"Vochtmeting muren uitgevoerd","done":true}]'),$);
#965=IFCPROPERTYSET('OZJvFLLHlJqTDlrFzpgT5F',#6,'OPS_TaskNotes',$,(#964));
#966=IFCRELDEFINESBYPROPERTIES('1F3tAFLH1h1xBpd$Opj7b5',#6,$,$,(#164),#965);
#967=IFCPROPERTYSINGLEVALUE('Baselines',$,IFCTEXT('[{"id":"baseline-ms3as5zyoqor331","name":"Baseline start","createdAt":"2026-07-27T14:03:44.351Z","tasks":[{"taskId":"task-ms3as5lg48wp95","start":"2027-03-01","finish":"2027-03-01","duration":0,"isMilestone":true,"milestoneKind":"START"},{"taskId":"task-ms3as5li9k4j97","start":"2027-03-01","finish":"2027-03-01","duration":1,"isMilestone":false},{"taskId":"task-ms3as5li0p9q98","start":"2027-03-02","finish":"2027-03-04","duration":3,"isMilestone":false},{"taskId":"task-ms3as5lj6w4n99","start":"2027-03-05","finish":"2027-03-08","duration":2,"isMilestone":false},{"taskId":"task-ms3as5ljk1wy100","start":"2027-03-09","finish":"2027-03-11","duration":3,"isMilestone":false},{"taskId":"task-ms3as5lln312102","start":"2027-03-12","finish":"2027-03-18","duration":5,"isMilestone":false},{"taskId":"task-ms3as5lmw8ky103","start":"2027-03-19","finish":"2027-04-01","duration":5,"isMilestone":false},{"taskId":"task-ms3as5lp719i104","start":"2027-04-05","finish":"2027-04-08","duration":4,"isMilestone":false},{"taskId":"task-ms3as5lr69tg105","start":"2027-04-08","finish":"2027-04-08","duration":0,"isMilestone":true,"milestoneKind":"FINISH"},{"taskId":"task-ms3as5lvz78j107","start":"2027-04-09","finish":"2027-04-16","duration":6,"isMilestone":false},{"taskId":"task-ms3as5lxkb5r108","start":"2027-04-19","finish":"2027-04-22","duration":4,"isMilestone":false},{"taskId":"task-ms3as5lyy2fp109","start":"2027-04-23","finish":"2027-05-03","duration":6,"isMilestone":false},{"taskId":"task-ms3as5m0tcj6110","start":"2027-05-04","finish":"2027-05-12","duration":5,"isMilestone":false},{"taskId":"task-ms3as5m23fn9111","start":"2027-04-19","finish":"2027-04-26","duration":6,"isMilestone":false},{"taskId":"task-ms3as5m5sdxn112","start":"2027-04-28","finish":"2027-05-03","duration":4,"isMilestone":false},{"taskId":"task-ms3as5m6iaag113","start":"2027-05-04","finish":"2027-05-13","duration":6,"isMilestone":false},{"taskId":"task-ms3as5m849l3114","start":"2027-05-14","finish":"2027-05-21","duration":5,"isMilestone":false},{"taskId":"task-ms3as5mab047115","start":"2027-04-28","finish":"2027-05-07","duration":6,"isMilestone":false},{"taskId":"task-ms3as5mcg9gx116","start":"2027-05-10","finish":"2027-05-13","duration":4,"isMilestone":false},{"taskId":"task-ms3as5meo6v0117","start":"2027-05-14","finish":"2027-05-24","duration":6,"isMilestone":false},{"taskId":"task-ms3as5mgkzx3118","start":"2027-05-25","finish":"2027-05-31","duration":5,"isMilestone":false},{"taskId":"task-ms3as5mimfxj119","start":"2027-05-10","finish":"2027-05-18","duration":6,"isMilestone":false},{"taskId":"task-ms3as5mknfve122","start":"2027-05-19","finish":"2027-05-24","duration":4,"isMilestone":false},{"taskId":"task-ms3as5mmb3l9123","start":"2027-05-25","finish":"2027-06-01","duration":6,"isMilestone":false},{"taskId":"task-ms3as5mo98wm124","start":"2027-06-02","finish":"2027-06-08","duration":5,"isMilestone":false},{"taskId":"task-ms3as5mq1hl7125","start":"2027-05-19","finish":"2027-05-26","duration":6,"isMilestone":false},{"taskId":"task-ms3as5mta8cl126","start":"2027-05-27","finish":"2027-06-01","duration":4,"isMilestone":false},{"taskId":"task-ms3as5mxvi50127","start":"2027-06-02","finish":"2027-06-09","duration":6,"isMilestone":false},{"taskId":"task-ms3as5n0zob2128","start":"2027-06-10","finish":"2027-06-16","duration":5,"isMilestone":false},{"taskId":"task-ms3as5n4hmav129","start":"2027-05-27","finish":"2027-06-03","duration":6,"isMilestone":false},{"taskId":"task-ms3as5n8uc0a130","start":"2027-06-04","finish":"2027-06-09","duration":4,"isMilestone":false},{"taskId":"task-ms3as5nb5pwz131","start":"2027-06-10","finish":"2027-06-17","duration":6,"isMilestone":false},{"taskId":"task-ms3as5ndeppt132","start":"2027-06-18","finish":"2027-06-24","duration":5,"isMilestone":false},{"taskId":"task-ms3as5ngxa0z133","start":"2027-06-24","finish":"2027-06-24","duration":0,"isMilestone":true,"milestoneKind":"FINISH"},{"taskId":"task-ms3as5nkykym135","start":"2027-05-13","finish":"2027-05-18","duration":3,"isMilestone":false},{"taskId":"task-ms3as5nozf2l136","start":"2027-05-19","finish":"2027-05-21","duration":3,"isMilestone":false},{"taskId":"task-ms3as5nrtf5h137","start":"2027-05-21","finish":"2027-05-21","duration":1,"isMilestone":false},{"taskId":"task-ms3as5nt4tm3138","start":"2027-05-24","finish":"2027-05-26","duration":3,"isMilestone":false},{"taskId":"task-ms3as5nw3vi7139","start":"2027-05-27","finish":"2027-05-31","duration":3,"isMilestone":false},{"taskId":"task-ms3as5nzr1i0140","start":"2027-06-01","finish":"2027-06-01","duration":1,"isMilestone":false},{"taskId":"task-ms3as5o2kytb142","start":"2027-06-01","finish":"2027-06-03","duration":3,"isMilestone":false},{"taskId":"task-ms3as5o4gjkj143","start":"2027-06-04","finish":"2027-06-08","duration":3,"isMilestone":false},{"taskId":"task-ms3as5o6ryxr144","start":"2027-06-09","finish":"2027-06-09","duration":1,"isMilestone":false},{"taskId":"task-ms3as5o9h8ox145","start":"2027-06-09","finish":"2027-06-11","duration":3,"isMilestone":false},{"taskId":"task-ms3as5oc81cv146","start":"2027-06-14","finish":"2027-06-16","duration":3,"isMilestone":false},{"taskId":"task-ms3as5ofxiwc147","start":"2027-06-17","finish":"2027-06-17","duration":1,"isMilestone":false},{"taskId":"task-ms3as5ohs2de148","start":"2027-06-17","finish":"2027-06-21","duration":3,"isMilestone":false},{"taskId":"task-ms3as5ok2q5d149","start":"2027-06-22","finish":"2027-06-24","duration":3,"isMilestone":false},{"taskId":"task-ms3as5onjd82150","start":"2027-06-25","finish":"2027-06-25","duration":1,"isMilestone":false},{"taskId":"task-ms3as5oq9pv8151","start":"2027-06-25","finish":"2027-06-29","duration":3,"isMilestone":false},{"taskId":"task-ms3as5otm07j152","start":"2027-06-30","finish":"2027-07-02","duration":3,"isMilestone":false},{"taskId":"task-ms3as5ow46eu153","start":"2027-07-05","finish":"2027-07-05","duration":1,"isMilestone":false},{"taskId":"task-ms3as5p1znk1155","start":"2027-05-24","finish":"2027-05-28","duration":5,"isMilestone":false},{"taskId":"task-ms3as5p47ebt156","start":"2027-05-31","finish":"2027-06-02","duration":3,"isMilestone":false},{"taskId":"task-ms3as5p8h5dh157","start":"2027-06-03","finish":"2027-06-07","duration":3,"isMilestone":false},{"taskId":"task-ms3as5pbwks6158","start":"2027-06-04","finish":"2027-06-09","duration":4,"isMilestone":false},{"taskId":"task-ms3as5pedh90160","start":"2027-06-02","finish":"2027-06-08","duration":5,"isMilestone":false},{"taskId":"task-ms3as5phgu0n161","start":"2027-06-09","finish":"2027-06-11","duration":3,"isMilestone":false},{"taskId":"task-ms3as5pl5lia162","start":"2027-06-14","finish":"2027-06-16","duration":3,"isMilestone":false},{"taskId":"task-ms3as5ppudfp163","start":"2027-06-17","finish":"2027-06-22","duration":4,"isMilestone":false},{"taskId":"task-ms3as5pt8ufn164","start":"2027-06-10","finish":"2027-06-16","duration":5,"isMilestone":false},{"taskId":"task-ms3as5pymyup165","start":"2027-06-17","finish":"2027-06-21","duration":3,"isMilestone":false},{"taskId":"task-ms3as5q4s4p9166","start":"2027-06-22","finish":"2027-06-24","duration":3,"isMilestone":false},{"taskId":"task-ms3as5q70qbg167","start":"2027-06-25","finish":"2027-06-30","duration":4,"isMilestone":false},{"taskId":"task-ms3as5qa3a58168","start":"2027-06-18","finish":"2027-06-24","duration":5,"isMilestone":false},{"taskId":"task-ms3as5qe54iy169","start":"2027-06-25","finish":"2027-06-29","duration":3,"isMilestone":false},{"taskId":"task-ms3as5qiwscu170","start":"2027-06-30","finish":"2027-07-02","duration":3,"isMilestone":false},{"taskId":"task-ms3as5qoo1al171","start":"2027-07-05","finish":"2027-07-08","duration":4,"isMilestone":false},{"taskId":"task-ms3as5qvl26s172","start":"2027-06-28","finish":"2027-07-02","duration":5,"isMilestone":false},{"taskId":"task-ms3as5qzdl7d173","start":"2027-07-05","finish":"2027-07-07","duration":3,"isMilestone":false},{"taskId":"task-ms3as5r4qa0x174","start":"2027-07-08","finish":"2027-07-12","duration":3,"isMilestone":false},{"taskId":"task-ms3as5r9ltws175","start":"2027-07-13","finish":"2027-07-16","duration":4,"isMilestone":false},{"taskId":"task-ms3as5rdyist176","start":"2027-07-06","finish":"2027-07-12","duration":5,"isMilestone":false},{"taskId":"task-ms3as5rgh0sr177","start":"2027-07-13","finish":"2027-07-15","duration":3,"isMilestone":false},{"taskId":"task-ms3as5rkugqx178","start":"2027-07-16","finish":"2027-07-20","duration":3,"isMilestone":false},{"taskId":"task-ms3as5rof3ek179","start":"2027-07-21","finish":"2027-08-16","duration":4,"isMilestone":false},{"taskId":"task-ms3as5ruqggw181","start":"2027-06-09","finish":"2027-06-09","duration":0,"isMilestone":true,"milestoneKind":"FINISH"},{"taskId":"task-ms3as5rxt8g0182","start":"2027-06-22","finish":"2027-06-22","duration":0,"isMilestone":true,"milestoneKind":"FINISH"},{"taskId":"task-ms3as5rzj5x2183","start":"2027-06-30","finish":"2027-06-30","duration":0,"isMilestone":true,"milestoneKind":"FINISH"},{"taskId":"task-ms3as5s24vez184","start":"2027-07-08","finish":"2027-07-08","duration":0,"isMilestone":true,"milestoneKind":"FINISH"},{"taskId":"task-ms3as5s4wqco185","start":"2027-07-16","finish":"2027-07-16","duration":0,"isMilestone":true,"milestoneKind":"FINISH"},{"taskId":"task-ms3as5s82zr8186","start":"2027-08-16","finish":"2027-08-16","duration":0,"isMilestone":true,"milestoneKind":"FINISH"},{"taskId":"task-ms3as5sbggbv187","start":"2027-08-16","finish":"2027-08-16","duration":0,"isMilestone":true,"milestoneKind":"FINISH"}],"projectEnd":"2027-08-16","projectDuration":97}]'),$);
#968=IFCPROPERTYSINGLEVALUE('ActiveBaselineId',$,IFCTEXT('baseline-ms3as5zyoqor331'),$);
#969=IFCPROPERTYSET('XXh1w34HTJCTF7clPLWdrv',#6,'OPS_Baselines',$,(#967,#968));
#970=IFCRELDEFINESBYPROPERTIES('Oz1Z43KV$BzN1$1VwJtr4B',#6,$,$,(#38),#969);
ENDSEC;
END-ISO-10303-21;
